scenario,profile,mode,seed,stop_reason,collected,collected_ratio,collected_mass_kg,collected_mass_per_meter,path_length_m,sim_time_s,goal_count,evaluated_goal_count,empty_goal_arrivals,empty_goal_arrivals_per_km,wasted_path_to_empty_goals,wasted_path_ratio,wasted_time_to_empty_goals,wasted_time_ratio,goal_success_rate,route_false_visits,capture_contacts,terminal_capture_attempts,successful_captures,missed_capture_count,missed_captures,partial_contact_events,throughput_limit_events,bin_full_events,collection_precision,pushed_away_events,pushed_away_debris_count,info_gain_total,unload_events,auc_collected_by_path,collected_ratio_at_1km,collected_ratio_at_2km,collected_ratio_at_3km,map_precision,map_recall,map_f1,map_iou,map_brier,count_mae,detection_precision,detection_recall,false_detection_count,true_detection_count,camera_detection_precision,camera_detection_recall,camera_false_detection_count,camera_true_detection_count,radar_detection_precision,radar_detection_recall,radar_false_detection_count,radar_true_detection_count,near_range_detection_precision,near_range_detection_count,mid_range_detection_precision,mid_range_detection_count,far_range_detection_precision,far_range_detection_count,phase,path_budget_m,safety_tmax_s,world_area_m2,collection_coverage_ratio,drift_speed_mps,drift_per_update_width,drift_per_60s_width,camera_sigma_eff_m,radar_sigma_eff_m,camera_capture_uncertainty_ratio,radar_capture_uncertainty_ratio,expected_camera_clutter_per_scan,expected_radar_clutter_per_scan,config_hash,git_commit,git_dirty,runner,oracle_current_collected_ratio,oracle_current_auc_collected_by_path,oracle_current_path_length_m,oracle_gap_collected_ratio,oracle_gap_auc_collected_by_path,collected_ratio_vs_oracle,best_fixed_auc_collected_by_path,best_fixed_collected_ratio,delta_vs_best_fixed_auc,delta_vs_best_fixed_collected_ratio,gain_vs_best_fixed_auc,gain_vs_best_fixed_collected_ratio,regret_to_best_fixed_auc,regret_to_best_fixed_collected_ratio
static_calm,nominal,belief_horizon,320,path_budget,69,0.46,24.166386737534904,0.008055346132358842,3000.043243388013,5916.0,248,153,96,31.999538743843292,1569.502163961587,0.5231598469191113,2964.0,0.5010141987829615,0.37254901960784315,0,783,93,69,24,24,690,0,0,0.7419354838709677,0,0,-0.15962070531063843,0,0.2873856149520256,0.23333333333333334,0.38666666666666666,0.46,0.18604651162790697,0.09876543209876543,0.12903225806451613,0.06896551724137931,0.010231181916463772,0.026133028701347344,0.9471374630064292,1.0,518,9281,0.9923385625684057,0.8933333333333333,21,2720,0.9295834514026636,1.0,497,6561,0.9820408163265306,3675,0.9540229885057471,3741,0.8825010490977759,2383,baseline,3000.0,16500.0,40000.0,0.075,0.0,0.0,0.0,1.25,3.67,1.25,3.67,0.009544769346843989,0.15904312808798324,082fa8016135,0641409,True,run_layer1,1.0,0.6959876371049071,1943.1221695936936,0.54,0.4086020221528815,0.46,0.2873856149520256,0.46,0.0,0.0,0.0,0.0,-0.0,-0.0
static_calm,nominal,belief_horizon,321,path_budget,69,0.46,23.468566801808908,0.007822572854023732,3000.1084348785935,5766.0,236,165,104,34.66541368669183,1690.7361504672697,0.5635583470287764,3152.0,0.5466527922303156,0.3696969696969697,0,811,93,69,24,24,686,32,0,0.7419354838709677,0,0,-0.1678750829551683,0,0.22762616918495102,0.16666666666666666,0.30666666666666664,0.46,0.16129032258064516,0.37037037037037035,0.2247191011235955,0.12658227848101267,0.01645694255143401,0.05723226773551313,0.966303581224042,0.9933333333333333,430,12331,0.9928861788617886,0.9066666666666666,28,3908,0.9544475920679887,0.9933333333333333,402,8423,0.9885316403850092,4883,0.9685823754789272,5220,0.9209932279909706,2658,baseline,3000.0,16500.0,40000.0,0.075,0.0,0.0,0.0,1.25,3.67,1.25,3.67,0.009544769346843989,0.15904312808798324,882f4b00f76f,0641409,True,run_layer1,1.0,0.7265811470825022,1764.8596313831385,0.54,0.49895497789755117,0.46,0.22762616918495102,0.46,0.0,0.0,0.0,0.0,-0.0,-0.0
static_calm,nominal,adaptive_mission,320,path_budget,67,0.44666666666666666,22.4118619967514,0.007470416430252445,3000.082017649188,5709.0,226,163,106,35.33236737409591,1508.7048700909409,0.5028878748032148,2889.0,0.5060430898581187,0.3496932515337423,28,807,93,67,26,26,710,4,0,0.7204301075268817,0,0,-0.15153137024522306,0,0.2617125360022063,0.22,0.32666666666666666,0.44666666666666666,0.21739130434782608,0.060240963855421686,0.09433962264150943,0.04950495049504951,0.009337469740646396,0.018398633776844066,0.9526671675432006,0.8666666666666667,504,10144,0.9915004903563256,0.7866666666666666,26,3033,0.9370140993543287,0.8666666666666667,478,7111,0.98291015625,4096,0.9611069558713538,4011,0.8905942542306179,2541,baseline,3000.0,16500.0,40000.0,0.075,0.0,0.0,0.0,1.25,3.67,1.25,3.67,0.009544769346843989,0.15904312808798324,594ed4ade50c,0641409,True,run_layer1,1.0,0.6959876371049071,1943.1221695936936,0.5533333333333333,0.4342751011027008,0.44666666666666666,0.2873856149520256,0.46,-0.025673078949819295,-0.013333333333333364,0.0,0.0,0.025673078949819295,0.013333333333333364
static_calm,nominal,adaptive_mission,321,path_budget,56,0.37333333333333335,18.487802213317327,0.006162488680432141,3000.054551340917,5571.0,231,161,111,36.999327212362516,1708.098847444234,0.5693559294382747,3085.0,0.5537605456830013,0.3105590062111801,31,757,82,56,26,26,647,28,0,0.6829268292682927,0,0,-0.16949246291984763,0,0.18951050159269303,0.14,0.23333333333333334,0.37333333333333335,0.1457286432160804,0.3118279569892473,0.19863013698630136,0.11026615969581749,0.018523252572966796,0.06150609145150949,0.961590070446159,0.9733333333333334,458,11466,0.9926275434974934,0.8066666666666666,25,3366,0.9492558303058714,0.9733333333333334,433,8100,0.9878384580082606,4358,0.9647132955261499,4761,0.9155080213903743,2805,baseline,3000.0,16500.0,40000.0,0.075,0.0,0.0,0.0,1.25,3.67,1.25,3.67,0.009544769346843989,0.15904312808798324,9cf7e300f5dc,0641409,True,run_layer1,1.0,0.7265811470825022,1764.8596313831385,0.6266666666666667,0.5370706454898092,0.37333333333333335,0.22762616918495102,0.46,-0.038115667592257985,-0.08666666666666667,0.0,0.0,0.038115667592257985,0.08666666666666667
static_calm,nominal,adaptive_mission_no_route,320,path_budget,76,0.5066666666666667,27.282020922723305,0.009093701888519346,3000.100647368529,5678.0,234,173,108,35.99879227209587,1701.9053326266946,0.5672827457037093,3235.0,0.5697428672067629,0.37572254335260113,0,850,101,76,25,25,749,0,0,0.7524752475247525,0,0,-0.1812195464570268,1,0.2950056047825029,0.25333333333333335,0.4,0.5066666666666667,0.09375,0.1232876712328767,0.10650887573964497,0.05625,0.012975123133320287,0.037155067644527966,0.9487023519870236,0.8466666666666667,506,9358,0.9926134365107281,0.82,21,2822,0.9309215211508333,0.8466666666666667,485,6536,0.984562150652116,3757,0.9497542326597488,3662,0.8920245398773006,2445,baseline,3000.0,16500.0,40000.0,0.075,0.0,0.0,0.0,1.25,3.67,1.25,3.67,0.009544769346843989,0.15904312808798324,77263b330a5c,0641409,True,run_layer1,1.0,0.6959876371049071,1943.1221695936936,0.4933333333333333,0.4009820323224042,0.5066666666666667,0.2873856149520256,0.46,0.007619989830477292,0.04666666666666669,0.007619989830477292,0.04666666666666669,0.0,0.0
static_calm,nominal,adaptive_mission_no_route,321,path_budget,67,0.44666666666666666,21.645175224275985,0.007215002930570768,3000.023067567024,5597.0,220,175,116,38.666369353644455,1975.5390184309533,0.658507942751616,3559.0,0.6358763623369662,0.33714285714285713,0,731,83,67,16,16,648,0,0,0.8072289156626506,0,0,-0.18761353968791367,0,0.27780389325396204,0.22,0.42,0.44666666666666666,0.25,0.19753086419753085,0.2206896551724138,0.12403100775193798,0.00992129328743481,0.02526164620731867,0.9595158953379357,1.0,475,11258,0.9913613345248734,0.92,29,3328,0.9467526265520535,1.0,446,7930,0.9863407620416966,4173,0.9617154811715481,4780,0.9154676258992805,2780,baseline,3000.0,16500.0,40000.0,0.075,0.0,0.0,0.0,1.25,3.67,1.25,3.67,0.009544769346843989,0.15904312808798324,6cfac7443946,0641409,True,run_layer1,1.0,0.7265811470825022,1764.8596313831385,0.5533333333333333,0.44877725382854017,0.44666666666666666,0.22762616918495102,0.46,0.050177724069011026,-0.013333333333333364,0.050177724069011026,0.0,0.0,0.013333333333333364
static_calm,nominal,adaptive_mission_no_orienteering,320,path_budget,73,0.4866666666666667,24.634615883573986,0.00821132436526547,3000.078280646213,5803.0,260,204,139,46.332124363788125,1638.3529851301082,0.546103411934041,3222.0,0.5552300534206445,0.31862745098039214,44,799,92,73,19,19,703,4,0,0.7934782608695652,0,0,-0.17988186643753787,0,0.28106896351459704,0.22,0.37333333333333335,0.4866666666666667,0.1411764705882353,0.15584415584415584,0.14814814814814814,0.08,0.011597940312805338,0.03157489552891321,0.9532278751603249,1.0,547,11148,0.9889148191365228,0.9533333333333334,38,3390,0.9384299020200798,1.0,509,7758,0.9807527801539777,4676,0.9630044843049327,4460,0.8858929269245799,2559,baseline,3000.0,16500.0,40000.0,0.075,0.0,0.0,0.0,1.25,3.67,1.25,3.67,0.009544769346843989,0.15904312808798324,0db7b7beee76,0641409,True,run_layer1,1.0,0.6959876371049071,1943.1221695936936,0.5133333333333333,0.41491867359031004,0.4866666666666667,0.2873856149520256,0.46,-0.006316651437428544,0.026666666666666672,0.0,0.026666666666666672,0.006316651437428544,0.0
static_calm,nominal,adaptive_mission_no_orienteering,321,path_budget,56,0.37333333333333335,18.487802213317327,0.006162488680432141,3000.054551340917,5571.0,231,161,111,36.999327212362516,1708.098847444234,0.5693559294382747,3085.0,0.5537605456830013,0.3105590062111801,31,757,82,56,26,26,647,28,0,0.6829268292682927,0,0,-0.16949246291984763,0,0.18951050159269303,0.14,0.23333333333333334,0.37333333333333335,0.1457286432160804,0.3118279569892473,0.19863013698630136,0.11026615969581749,0.018523252572966796,0.06150609145150949,0.961590070446159,0.9733333333333334,458,11466,0.9926275434974934,0.8066666666666666,25,3366,0.9492558303058714,0.9733333333333334,433,8100,0.9878384580082606,4358,0.9647132955261499,4761,0.9155080213903743,2805,baseline,3000.0,16500.0,40000.0,0.075,0.0,0.0,0.0,1.25,3.67,1.25,3.67,0.009544769346843989,0.15904312808798324,12befc7379c3,0641409,True,run_layer1,1.0,0.7265811470825022,1764.8596313831385,0.6266666666666667,0.5370706454898092,0.37333333333333335,0.22762616918495102,0.46,-0.038115667592257985,-0.08666666666666667,0.0,0.0,0.038115667592257985,0.08666666666666667
static_calm,nominal,adaptive_mission_no_local_exploit,320,path_budget,71,0.47333333333333333,23.60220831795673,0.007867183819690484,3000.083493521994,5660.0,241,177,115,38.332266501354596,1528.4407008656594,0.5094660545834753,2870.0,0.5070671378091873,0.3502824858757062,38,844,96,71,25,25,744,4,0,0.7395833333333334,0,0,-0.18464392585613415,0,0.25775906558542183,0.22,0.3,0.47333333333333333,0.1262135922330097,0.16455696202531644,0.14285714285714285,0.07692307692307693,0.013343194688517905,0.038743929368737474,0.9540397124272509,1.0,537,11147,0.9914454277286135,0.94,29,3361,0.9387509042681457,1.0,508,7786,0.9856954225352113,4544,0.9610825318720644,4471,0.8883476957662045,2669,baseline,3000.0,16500.0,40000.0,0.075,0.0,0.0,0.0,1.25,3.67,1.25,3.67,0.009544769346843989,0.15904312808798324,4ff4d01579a2,0641409,True,run_layer1,1.0,0.6959876371049071,1943.1221695936936,0.5266666666666666,0.43822857151948524,0.47333333333333333,0.2873856149520256,0.46,-0.02962654936660375,0.013333333333333308,0.0,0.013333333333333308,0.02962654936660375,0.0
static_calm,nominal,adaptive_mission_no_local_exploit,321,path_budget,65,0.43333333333333335,21.377494231102194,0.0071254784148740225,3000.1486197022105,5496.0,238,174,116,38.66475121872928,1660.0035076531674,0.5533070917726524,2951.0,0.5369359534206696,0.3333333333333333,52,892,93,65,28,28,764,35,0,0.6989247311827957,0,0,-0.1767267980956041,0,0.19449889770498893,0.14,0.24666666666666667,0.43333333333333335,0.14893617021276595,0.3333333333333333,0.20588235294117646,0.11475409836065574,0.01712586634387854,0.057888628293554595,0.9665855752718947,1.0,467,13509,0.9944564955410943,0.8933333333333333,23,4126,0.954818357586242,1.0,444,9383,0.9901201084850833,5162,0.9716237519705728,5709,0.9181964573268921,3105,baseline,3000.0,16500.0,40000.0,0.075,0.0,0.0,0.0,1.25,3.67,1.25,3.67,0.009544769346843989,0.15904312808798324,61ac7d512d92,0641409,True,run_layer1,1.0,0.7265811470825022,1764.8596313831385,0.5666666666666667,0.5320822493775133,0.43333333333333335,0.22762616918495102,0.46,-0.033127271479962084,-0.026666666666666672,0.0,0.0,0.033127271479962084,0.026666666666666672
static_calm,nominal,adaptive_mission_no_hysteresis,320,path_budget,67,0.44666666666666666,22.4118619967514,0.007470416430252445,3000.082017649188,5709.0,226,163,106,35.33236737409591,1508.7048700909409,0.5028878748032148,2889.0,0.5060430898581187,0.3496932515337423,28,807,93,67,26,26,710,4,0,0.7204301075268817,0,0,-0.15153137024522306,0,0.2617125360022063,0.22,0.32666666666666666,0.44666666666666666,0.21739130434782608,0.060240963855421686,0.09433962264150943,0.04950495049504951,0.009337469740646396,0.018398633776844066,0.9526671675432006,0.8666666666666667,504,10144,0.9915004903563256,0.7866666666666666,26,3033,0.9370140993543287,0.8666666666666667,478,7111,0.98291015625,4096,0.9611069558713538,4011,0.8905942542306179,2541,baseline,3000.0,16500.0,40000.0,0.075,0.0,0.0,0.0,1.25,3.67,1.25,3.67,0.009544769346843989,0.15904312808798324,9dd1a35b7bfd,0641409,True,run_layer1,1.0,0.6959876371049071,1943.1221695936936,0.5533333333333333,0.4342751011027008,0.44666666666666666,0.2873856149520256,0.46,-0.025673078949819295,-0.013333333333333364,0.0,0.0,0.025673078949819295,0.013333333333333364
static_calm,nominal,adaptive_mission_no_hysteresis,321,path_budget,56,0.37333333333333335,18.487802213317327,0.006162488680432141,3000.054551340917,5571.0,231,161,111,36.999327212362516,1708.098847444234,0.5693559294382747,3085.0,0.5537605456830013,0.3105590062111801,31,757,82,56,26,26,647,28,0,0.6829268292682927,0,0,-0.16949246291984763,0,0.18951050159269303,0.14,0.23333333333333334,0.37333333333333335,0.1457286432160804,0.3118279569892473,0.19863013698630136,0.11026615969581749,0.018523252572966796,0.06150609145150949,0.961590070446159,0.9733333333333334,458,11466,0.9926275434974934,0.8066666666666666,25,3366,0.9492558303058714,0.9733333333333334,433,8100,0.9878384580082606,4358,0.9647132955261499,4761,0.9155080213903743,2805,baseline,3000.0,16500.0,40000.0,0.075,0.0,0.0,0.0,1.25,3.67,1.25,3.67,0.009544769346843989,0.15904312808798324,26cd6381caa1,0641409,True,run_layer1,1.0,0.7265811470825022,1764.8596313831385,0.6266666666666667,0.5370706454898092,0.37333333333333335,0.22762616918495102,0.46,-0.038115667592257985,-0.08666666666666667,0.0,0.0,0.038115667592257985,0.08666666666666667
static_calm,nominal,oracle_current_physics,320,done,150,1.0,53.41341151207382,0.027488447380147257,1943.1221695936936,2753.0,159,157,9,4.631721124298581,85.47220862789726,0.04398704824914302,154.0,0.055938975662913185,0.9426751592356688,0,1690,210,150,60,60,1474,6,0,0.7142857142857143,0,0,-0.14265887923361215,1,0.6959876371049071,0.5333333333333333,0.9933333333333333,0.9933333333333333,0.0,0.0,0.0,0.0,0.013225842508987899,0.051934244972181354,0.9479269011593633,1.0,265,4824,0.9931232091690544,1.0,12,1733,0.9243421052631579,1.0,253,3091,0.9869363674673409,2373,0.9502890173410404,1730,0.8498985801217038,986,baseline,3000.0,16500.0,40000.0,0.075,0.0,0.0,0.0,1.25,3.67,1.25,3.67,0.009544769346843989,0.15904312808798324,9f61a8fba289,0641409,True,run_layer1,1.0,0.6959876371049071,1943.1221695936936,0.0,0.0,1.0,0.2873856149520256,0.46,,,,,,
static_calm,nominal,oracle_current_physics,321,done,150,1.0,48.79175983000499,0.027646255238874942,1764.8596313831385,2536.0,151,149,1,0.5666173004457525,51.70812591793025,0.029298718718726694,59.0,0.02326498422712934,0.9932885906040269,0,1567,195,150,45,45,1365,7,0,0.7692307692307693,0,0,-0.12125765151553045,1,0.7265811470825022,0.5733333333333334,0.9933333333333333,0.9933333333333333,0.0,0.0,0.0,0.0,0.013251273421450162,0.051035793387920685,0.962836556693212,1.0,196,5078,0.992896174863388,1.0,13,1817,0.9468641114982579,1.0,183,3261,0.9873203719357565,2366,0.9640365002683843,1863,0.9052631578947369,1045,baseline,3000.0,16500.0,40000.0,0.075,0.0,0.0,0.0,1.25,3.67,1.25,3.67,0.009544769346843989,0.15904312808798324,cada40eddafb,0641409,True,run_layer1,1.0,0.7265811470825022,1764.8596313831385,0.0,0.0,1.0,0.22762616918495102,0.46,,,,,,
weak_drift,nominal,belief_horizon,320,path_budget,129,0.86,46.015203498466846,0.01533834561703386,3000.010864754872,5577.0,269,154,80,26.66657009141756,1173.2391664189963,0.391078305816356,2082.0,0.3733189887036041,0.4805194805194805,0,1744,175,129,46,46,1290,279,0,0.7371428571428571,0,0,-0.06813628973663122,1,0.37498707270841386,0.08,0.52,0.86,0.0,0.0,0.0,0.0,0.011588856153801792,0.05639876742064583,0.9686207914943886,1.0,425,13119,0.995212447636146,1.0,24,4989,0.9529949595592545,1.0,401,8130,0.9927061625483775,6718,0.9648463409241653,4523,0.9057750759878419,2303,baseline,3000.0,16500.0,40000.0,0.075,0.03405877273185281,0.06811754546370562,2.0435263639111687,1.25,3.67,1.25,3.67,0.009544769346843989,0.15904312808798324,761b1bf900d0,0641409,True,run_layer1,1.0,0.732049675203249,1722.759016427954,0.14,0.3570626024948352,0.86,0.37498707270841386,0.86,0.0,0.0,0.0,0.0,-0.0,-0.0
weak_drift,nominal,belief_horizon,321,path_budget,133,0.8866666666666667,43.22492868924639,0.014408093828331966,3000.0449194916555,5862.0,336,150,82,27.332924072981726,1069.190692333838,0.35639156113536047,1819.0,0.31030365063118387,0.4533333333333333,0,1773,182,133,49,49,1313,278,0,0.7307692307692307,0,0,-0.0743234854900825,1,0.46259567651336414,0.29333333333333333,0.6133333333333333,0.8866666666666667,0.0,0.0,0.0,0.0,0.002597469861297895,0.017457106058874544,0.9677701983853808,1.0,515,15464,0.9958188153310105,0.9733333333333334,24,5716,0.9520460982517824,1.0,491,9748,0.992722371967655,7420,0.9687392055267703,5790,0.8988804622607439,2769,baseline,3000.0,16500.0,40000.0,0.075,0.03405877273185281,0.06811754546370562,2.0435263639111687,1.25,3.67,1.25,3.67,0.009544769346843989,0.15904312808798324,ae1aa7352036,0641409,True,run_layer1,1.0,0.7336991379313312,1617.6369696991485,0.11333333333333329,0.2711034614179671,0.8866666666666667,0.46259567651336414,0.8866666666666667,0.0,0.0,0.0,0.0,-0.0,-0.0
weak_drift,nominal,adaptive_mission,320,path_budget,70,0.4666666666666667,27.57336058274501,0.00919102252429112,3000.0318800080054,4897.0,183,150,104,34.66629827937778,1861.4117701498192,0.6204639965842137,3111.0,0.6352869103532776,0.30666666666666664,36,1222,99,70,29,29,835,288,0,0.7070707070707071,0,0,0.006734109036780497,1,0.2283029151819165,0.05333333333333334,0.4666666666666667,0.4666666666666667,0.0,0.0,0.0,0.0,0.005382795546236352,0.01880786068466747,0.9557698703026272,0.96,399,8622,0.9915121031122288,0.84,27,3154,0.9363013698630137,0.96,372,5468,0.9899474525931004,4377,0.9527050017012589,2939,0.8733137829912023,1705,baseline,3000.0,16500.0,40000.0,0.075,0.03405877273185281,0.06811754546370562,2.0435263639111687,1.25,3.67,1.25,3.67,0.009544769346843989,0.15904312808798324,1ee785541b47,0641409,True,run_layer1,1.0,0.732049675203249,1722.759016427954,0.5333333333333333,0.5037467600213326,0.4666666666666667,0.37498707270841386,0.86,-0.14668415752649736,-0.3933333333333333,0.0,0.0,0.14668415752649736,0.3933333333333333
weak_drift,nominal,adaptive_mission,321,path_budget,63,0.42,21.54040475733329,0.00717979258120519,3000.143042254509,4601.0,176,152,103,34.33169637224993,1962.0787897819566,0.653995080283745,2964.0,0.6442077809171919,0.3223684210526316,67,876,87,63,24,24,731,58,0,0.7241379310344828,0,0,-0.030460672865720018,0,0.25315994712087475,0.16,0.42,0.42,0.0,0.0,0.0,0.0,0.004643051790396589,0.01766340501296764,0.9585892609470973,0.8866666666666667,418,9676,0.9928507596067918,0.7466666666666667,24,3333,0.9415169956954134,0.8866666666666667,394,6343,0.9864612511671336,4284,0.9616797900262467,3810,0.893,2000,baseline,3000.0,16500.0,40000.0,0.075,0.03405877273185281,0.06811754546370562,2.0435263639111687,1.25,3.67,1.25,3.67,0.009544769346843989,0.15904312808798324,fc5a58366ab9,0641409,True,run_layer1,1.0,0.7336991379313312,1617.6369696991485,0.5800000000000001,0.4805391908104565,0.42,0.46259567651336414,0.8866666666666667,-0.2094357293924894,-0.46666666666666673,0.0,0.0,0.2094357293924894,0.46666666666666673
weak_drift,nominal,adaptive_mission_no_route,320,path_budget,50,0.3333333333333333,18.59780896533864,0.006199134828826046,3000.0652476307855,5484.0,251,127,104,34.66591271044221,2072.6380801498017,0.6908643342962649,3335.0,0.6081327498176513,0.18110236220472442,0,545,64,50,14,14,464,17,0,0.78125,0,0,0.005340505628761254,0,0.1931159383789709,0.08,0.3333333333333333,0.3333333333333333,0.0,0.0,0.0,0.0,0.0043296037840146,0.013378609348830207,0.9356199809446032,0.5733333333333334,473,6874,0.98640543782487,0.4066666666666667,34,2467,0.9094098225340487,0.5733333333333334,439,4407,0.9852897027919544,3331,0.9357384441939121,2661,0.8132841328413284,1355,baseline,3000.0,16500.0,40000.0,0.075,0.03405877273185281,0.06811754546370562,2.0435263639111687,1.25,3.67,1.25,3.67,0.009544769346843989,0.15904312808798324,773493edd13c,0641409,True,run_layer1,1.0,0.732049675203249,1722.759016427954,0.6666666666666667,0.5389337368242781,0.3333333333333333,0.37498707270841386,0.86,-0.18187113432944296,-0.5266666666666666,0.0,0.0,0.18187113432944296,0.5266666666666666
weak_drift,nominal,adaptive_mission_no_route,321,path_budget,114,0.76,36.256468907736036,0.012085465191182743,3000.0060679656635,5396.0,269,157,98,32.66660059339642,1441.6910507028472,0.48056271155493807,2481.0,0.45978502594514453,0.37579617834394907,0,1599,167,114,53,53,1261,171,0,0.6826347305389222,0,0,-0.05418686934078351,1,0.42243601083883825,0.24,0.5533333333333333,0.76,0.0,0.0,0.0,0.0,0.0034768595307297367,0.017593192919664533,0.9682108935840279,1.0,492,14985,0.995170810230728,0.9666666666666667,27,5564,0.952963787173781,1.0,465,9421,0.9927137750893593,7274,0.9712019313674771,5799,0.8868552412645591,2404,baseline,3000.0,16500.0,40000.0,0.075,0.03405877273185281,0.06811754546370562,2.0435263639111687,1.25,3.67,1.25,3.67,0.009544769346843989,0.15904312808798324,db4183264588,0641409,True,run_layer1,1.0,0.7336991379313312,1617.6369696991485,0.24,0.311263127092493,0.76,0.46259567651336414,0.8866666666666667,-0.04015966567452589,-0.1266666666666667,0.0,0.0,0.04015966567452589,0.1266666666666667
weak_drift,nominal,adaptive_mission_no_orienteering,320,path_budget,135,0.9,48.696252626243435,0.016231391391173047,3000.1280514204977,5348.0,258,176,102,33.998548812509895,1328.7152937039077,0.44288619383255623,2370.0,0.44315632011967093,0.42045454545454547,57,1766,175,135,40,40,1323,268,0,0.7714285714285715,0,0,-0.06105683771193939,1,0.29576591652241174,0.07333333333333333,0.4866666666666667,0.9,0.008823529411764706,0.21428571428571427,0.01694915254237288,0.008547008547008548,0.026185183855946207,0.09088329090638486,0.9663133989401969,1.0,445,12765,0.9951923076923077,1.0,23,4761,0.9499169238072632,1.0,422,8004,0.9902173913043478,6440,0.9634441752917859,4541,0.9030955585464334,2229,baseline,3000.0,16500.0,40000.0,0.075,0.03405877273185281,0.06811754546370562,2.0435263639111687,1.25,3.67,1.25,3.67,0.009544769346843989,0.15904312808798324,8a2e1797a14f,0641409,True,run_layer1,1.0,0.732049675203249,1722.759016427954,0.09999999999999998,0.4362837586808373,0.9,0.37498707270841386,0.86,-0.07922115618600212,0.040000000000000036,0.0,0.040000000000000036,0.07922115618600212,0.0
weak_drift,nominal,adaptive_mission_no_orienteering,321,path_budget,136,0.9066666666666666,44.225164206835586,0.014740665706525375,3000.2148537469416,4815.0,225,180,101,33.664255702841416,1329.704906317327,0.44320322748108204,2167.0,0.45005192107995845,0.4388888888888889,73,1901,179,136,43,43,1420,302,0,0.7597765363128491,0,0,-0.10453048797046861,1,0.3264937006962057,0.16,0.4266666666666667,0.9066666666666666,0.0024937655860349127,0.07692307692307693,0.004830917874396135,0.002421307506053269,0.030781185270103997,0.10811903236932097,0.9726189733674296,1.0,439,15594,0.9959259887964692,0.9866666666666667,24,5867,0.9590810491027411,1.0,415,9727,0.9936339522546419,7540,0.9716373760222725,5747,0.9169701383831027,2746,baseline,3000.0,16500.0,40000.0,0.075,0.03405877273185281,0.06811754546370562,2.0435263639111687,1.25,3.67,1.25,3.67,0.009544769346843989,0.15904312808798324,d7dcb45a2dbe,0641409,True,run_layer1,1.0,0.7336991379313312,1617.6369696991485,0.09333333333333338,0.40720543723512553,0.9066666666666666,0.46259567651336414,0.8866666666666667,-0.13610197581715844,0.019999999999999907,0.0,0.019999999999999907,0.13610197581715844,0.0
weak_drift,nominal,adaptive_mission_no_local_exploit,320,path_budget,121,0.8066666666666666,43.915273887142504,0.01463840402819293,3000.004221946846,5210.0,237,172,100,33.33328642287884,1328.125804566644,0.44270797849236354,2334.0,0.44798464491362766,0.4186046511627907,55,1799,160,121,39,39,1189,450,0,0.75625,0,0,-0.06377537390899041,1,0.27340003284239806,0.05333333333333334,0.48,0.8066666666666666,0.0,0.0,0.0,0.0,0.03112420873212443,0.10185818669439999,0.9701154309184902,1.0,422,13699,0.9931327004645526,0.9933333333333333,34,4917,0.9576881134133043,1.0,388,8782,0.9940802772162864,6926,0.9665173811047132,4689,0.9106145251396648,2506,baseline,3000.0,16500.0,40000.0,0.075,0.03405877273185281,0.06811754546370562,2.0435263639111687,1.25,3.67,1.25,3.67,0.009544769346843989,0.15904312808798324,a5e5ae1669b2,0641409,True,run_layer1,1.0,0.732049675203249,1722.759016427954,0.19333333333333336,0.458649642360851,0.8066666666666666,0.37498707270841386,0.86,-0.1015870398660158,-0.053333333333333344,0.0,0.0,0.1015870398660158,0.053333333333333344
weak_drift,nominal,adaptive_mission_no_local_exploit,321,path_budget,84,0.56,27.777425933564594,0.00925888646010314,3000.082791084919,4510.0,189,158,96,31.999116919464598,1638.6566463741988,0.5462038085227681,2424.0,0.5374722838137472,0.3924050632911392,77,1215,114,84,30,30,984,117,0,0.7368421052631579,0,0,-0.0855869967516097,1,0.29128794398013613,0.16,0.42,0.56,0.0,0.0,0.0,0.0,0.010560214358640891,0.0530037284657642,0.9689489209750038,1.0,400,12482,0.994621246077992,0.9133333333333333,24,4438,0.9553444180522566,1.0,376,8044,0.9914681834340562,5626,0.9682440846824408,4818,0.9183757178014766,2438,baseline,3000.0,16500.0,40000.0,0.075,0.03405877273185281,0.06811754546370562,2.0435263639111687,1.25,3.67,1.25,3.67,0.009544769346843989,0.15904312808798324,92718a0aed4f,0641409,True,run_layer1,1.0,0.7336991379313312,1617.6369696991485,0.43999999999999995,0.4424111939511951,0.56,0.46259567651336414,0.8866666666666667,-0.171307732533228,-0.32666666666666666,0.0,0.0,0.171307732533228,0.32666666666666666
weak_drift,nominal,adaptive_mission_no_hysteresis,320,path_budget,70,0.4666666666666667,27.57336058274501,0.0091910364271347,3000.0273420024937,4903.0,187,154,108,35.999671898960386,1873.857232144315,0.6246133846545314,3140.0,0.6404242300632266,0.2987012987012987,36,1222,99,70,29,29,835,288,0,0.7070707070707071,0,0,0.0063598444249902825,1,0.2283029151819165,0.05333333333333334,0.4666666666666667,0.4666666666666667,0.0,0.0,0.0,0.0,0.005556389982669708,0.01876173869629835,0.9557698703026272,0.96,399,8622,0.9915121031122288,0.84,27,3154,0.9363013698630137,0.96,372,5468,0.9899474525931004,4377,0.9527050017012589,2939,0.8733137829912023,1705,baseline,3000.0,16500.0,40000.0,0.075,0.03405877273185281,0.06811754546370562,2.0435263639111687,1.25,3.67,1.25,3.67,0.009544769346843989,0.15904312808798324,df486180f75e,0641409,True,run_layer1,1.0,0.732049675203249,1722.759016427954,0.5333333333333333,0.5037467600213326,0.4666666666666667,0.37498707270841386,0.86,-0.14668415752649736,-0.3933333333333333,0.0,0.0,0.14668415752649736,0.3933333333333333
weak_drift,nominal,adaptive_mission_no_hysteresis,321,path_budget,63,0.42,21.54040475733329,0.00717979258120519,3000.143042254509,4601.0,176,152,103,34.33169637224993,1962.0787897819566,0.653995080283745,2964.0,0.6442077809171919,0.3223684210526316,67,876,87,63,24,24,731,58,0,0.7241379310344828,0,0,-0.030460672865720018,0,0.25315994712087475,0.16,0.42,0.42,0.0,0.0,0.0,0.0,0.004643051790396589,0.01766340501296764,0.9585892609470973,0.8866666666666667,418,9676,0.9928507596067918,0.7466666666666667,24,3333,0.9415169956954134,0.8866666666666667,394,6343,0.9864612511671336,4284,0.9616797900262467,3810,0.893,2000,baseline,3000.0,16500.0,40000.0,0.075,0.03405877273185281,0.06811754546370562,2.0435263639111687,1.25,3.67,1.25,3.67,0.009544769346843989,0.15904312808798324,791050767a29,0641409,True,run_layer1,1.0,0.7336991379313312,1617.6369696991485,0.5800000000000001,0.4805391908104565,0.42,0.46259567651336414,0.8866666666666667,-0.2094357293924894,-0.46666666666666673,0.0,0.0,0.2094357293924894,0.46666666666666673
weak_drift,nominal,oracle_current_physics,320,done,150,1.0,53.41341151207382,0.031004575220754664,1722.759016427954,2647.0,178,175,29,16.833462906570592,177.69823274905886,0.1031474692946355,379.0,0.14318095957687949,0.8342857142857143,0,1632,195,150,45,45,1365,72,0,0.7692307692307693,0,0,-0.08132332185238356,1,0.732049675203249,0.5333333333333333,0.9933333333333333,0.9933333333333333,0.0,0.0,0.0,0.0,0.010603450452409754,0.059075281780828326,0.9614781244552902,1.0,221,5516,0.995995995995996,1.0,8,1990,0.9430328964963894,1.0,213,3526,0.9905933429811867,2764,0.9582217461167649,1867,0.8942133815551537,1106,baseline,3000.0,16500.0,40000.0,0.075,0.03405877273185281,0.06811754546370562,2.0435263639111687,1.25,3.67,1.25,3.67,0.009544769346843989,0.15904312808798324,d13f7543e14d,0641409,True,run_layer1,1.0,0.732049675203249,1722.759016427954,0.0,0.0,1.0,0.37498707270841386,0.86,,,,,,
weak_drift,nominal,oracle_current_physics,321,done,150,1.0,48.79175983000499,0.030162366924069116,1617.6369696991485,2435.0,170,167,20,12.3637134750448,169.65820475236754,0.10488027161243782,305.0,0.12525667351129363,0.8802395209580839,0,1552,187,150,37,37,1309,56,0,0.8021390374331551,0,0,-0.07564586100980397,1,0.7336991379313312,0.6,0.9933333333333333,0.9933333333333333,0.0,0.0,0.0,0.0,0.012140672196072072,0.05721001474542717,0.9623608411380102,1.0,213,5446,0.9960376423972264,1.0,8,2011,0.9436813186813187,1.0,205,3435,0.9908431896222816,2621,0.9606965174129353,2010,0.8929961089494164,1028,baseline,3000.0,16500.0,40000.0,0.075,0.03405877273185281,0.06811754546370562,2.0435263639111687,1.25,3.67,1.25,3.67,0.009544769346843989,0.15904312808798324,74aea3439bcd,0641409,True,run_layer1,1.0,0.7336991379313312,1617.6369696991485,0.0,0.0,1.0,0.46259567651336414,0.8866666666666667,,,,,,
strong_drift,nominal,belief_horizon,320,path_budget,135,0.9,47.6945062551965,0.0158974134993393,3000.142523636231,5725.0,316,104,50,16.66587490630246,997.1942450465348,0.3323822909046054,1512.0,0.2641048034934498,0.5192307692307693,0,2329,182,135,47,47,1330,817,0,0.7417582417582418,0,0,-0.052793290265642646,1,0.45923308915204153,0.5133333333333333,0.5933333333333334,0.9,0.009592326139088728,0.4,0.01873536299765808,0.009456264775413711,0.024699048867486438,0.0816794726296372,0.9627493765586035,1.0,478,12354,0.9934520155514631,1.0,32,4855,0.9438640654499685,1.0,446,7499,0.9914653784219002,6210,0.9623883403855195,4254,0.8880912162162162,2368,baseline,3000.0,16500.0,40000.0,0.075,0.11503912377969504,0.23007824755939008,6.902347426781702,1.25,3.67,1.25,3.67,0.009544769346843989,0.15904312808798324,4556980b806e,0641409,True,run_layer1,1.0,0.783390272995532,1148.8248082729365,0.09999999999999998,0.32415718384349046,0.9,0.45923308915204153,0.9,0.0,0.0,0.0,0.0,-0.0,-0.0
strong_drift,nominal,belief_horizon,321,path_budget,85,0.5666666666666667,27.204483259114976,0.009067604139969192,3000.184264683549,4903.0,224,123,88,29.331531744861678,1785.4164032884735,0.5951022489869615,2662.0,0.5429328982255762,0.2845528455284553,0,1254,114,85,29,29,897,243,0,0.7456140350877193,0,0,-0.030371976304911487,0,0.40292225782033597,0.47333333333333333,0.47333333333333333,0.5666666666666667,0.0,0.0,0.0,0.0,0.01339027600867318,0.03941882146169629,0.9449049866088509,1.0,432,7409,0.9917038927887684,0.9466666666666667,26,3108,0.9137454854472062,1.0,406,4301,0.9857001972386588,4056,0.9407378335949764,2548,0.8197251414713015,1237,baseline,3000.0,16500.0,40000.0,0.075,0.11503912377969504,0.23007824755939008,6.902347426781702,1.25,3.67,1.25,3.67,0.009544769346843989,0.15904312808798324,4baabf583c9c,0641409,True,run_layer1,1.0,0.7615613681732006,1246.5518928078525,0.43333333333333335,0.35863911035286467,0.5666666666666667,0.40292225782033597,0.5666666666666667,0.0,0.0,0.0,0.0,-0.0,-0.0
strong_drift,nominal,adaptive_mission,320,path_budget,101,0.6733333333333333,35.48387628622919,0.01182789798020936,3000.0154165686426,4732.0,202,165,108,35.999815002126965,1984.4417043623812,0.6614771688847338,3168.0,0.6694843617920541,0.34545454545454546,35,1770,131,101,30,30,1098,541,0,0.7709923664122137,0,0,0.025227741988106303,1,0.4493782688312396,0.43333333333333335,0.6733333333333333,0.6733333333333333,0.0,0.0,0.0,0.0,0.0029016803451931313,0.013916563023766735,0.9593650793650793,0.94,384,9066,0.9931779420125071,0.84,24,3494,0.9393122049898853,0.94,360,5572,0.9906502337441564,4706,0.9536577292287322,3021,0.8839233894370284,1723,baseline,3000.0,16500.0,40000.0,0.075,0.11503912377969504,0.23007824755939008,6.902347426781702,1.25,3.67,1.25,3.67,0.009544769346843989,0.15904312808798324,7f1c80fd216b,0641409,True,run_layer1,1.0,0.783390272995532,1148.8248082729365,0.32666666666666666,0.3340120041642924,0.6733333333333333,0.45923308915204153,0.9,-0.009854820320801927,-0.22666666666666668,0.0,0.0,0.009854820320801927,0.22666666666666668
strong_drift,nominal,adaptive_mission,321,path_budget,131,0.8733333333333333,43.06511613850306,0.014354403457442249,3000.1327652648165,4492.0,179,141,77,25.66553083633395,1727.7397227265444,0.5758877549454182,2590.0,0.5765805877114871,0.45390070921985815,40,2035,171,131,40,40,1373,491,0,0.7660818713450293,0,0,0.0018750349820452691,1,0.6054479789998328,0.56,0.8733333333333333,0.8733333333333333,0.5,0.1111111111111111,0.1818181818181818,0.1,0.0016245717371537378,0.011336762575457706,0.9652225755166932,1.0,350,9714,0.9957920792079208,1.0,17,4023,0.9447211155378487,1.0,333,5691,0.9919816723940436,5238,0.9635036496350365,3288,0.8777633289986996,1538,baseline,3000.0,16500.0,40000.0,0.075,0.11503912377969504,0.23007824755939008,6.902347426781702,1.25,3.67,1.25,3.67,0.009544769346843989,0.15904312808798324,0df510565617,0641409,True,run_layer1,1.0,0.7615613681732006,1246.5518928078525,0.1266666666666667,0.1561133891733678,0.8733333333333333,0.40292225782033597,0.5666666666666667,0.20252572117949685,0.30666666666666664,0.20252572117949685,0.30666666666666664,0.0,0.0
strong_drift,nominal,adaptive_mission_no_route,320,path_budget,135,0.9,47.6945062551965,0.0158974134993393,3000.142523636231,5725.0,316,104,50,16.66587490630246,997.1942450465348,0.3323822909046054,1512.0,0.2641048034934498,0.5192307692307693,0,2329,182,135,47,47,1330,817,0,0.7417582417582418,0,0,-0.052793290265642646,1,0.45923308915204153,0.5133333333333333,0.5933333333333334,0.9,0.009592326139088728,0.4,0.01873536299765808,0.009456264775413711,0.024699048867486438,0.0816794726296372,0.9627493765586035,1.0,478,12354,0.9934520155514631,1.0,32,4855,0.9438640654499685,1.0,446,7499,0.9914653784219002,6210,0.9623883403855195,4254,0.8880912162162162,2368,baseline,3000.0,16500.0,40000.0,0.075,0.11503912377969504,0.23007824755939008,6.902347426781702,1.25,3.67,1.25,3.67,0.009544769346843989,0.15904312808798324,5b3618aaf373,0641409,True,run_layer1,1.0,0.783390272995532,1148.8248082729365,0.09999999999999998,0.32415718384349046,0.9,0.45923308915204153,0.9,0.0,0.0,0.0,0.0,-0.0,-0.0
strong_drift,nominal,adaptive_mission_no_route,321,path_budget,85,0.5666666666666667,27.204483259114976,0.009067604139969192,3000.184264683549,4903.0,224,123,88,29.331531744861678,1785.4164032884735,0.5951022489869615,2662.0,0.5429328982255762,0.2845528455284553,0,1254,114,85,29,29,897,243,0,0.7456140350877193,0,0,-0.030371976304911487,0,0.40292225782033597,0.47333333333333333,0.47333333333333333,0.5666666666666667,0.0,0.0,0.0,0.0,0.01339027600867318,0.03941882146169629,0.9449049866088509,1.0,432,7409,0.9917038927887684,0.9466666666666667,26,3108,0.9137454854472062,1.0,406,4301,0.9857001972386588,4056,0.9407378335949764,2548,0.8197251414713015,1237,baseline,3000.0,16500.0,40000.0,0.075,0.11503912377969504,0.23007824755939008,6.902347426781702,1.25,3.67,1.25,3.67,0.009544769346843989,0.15904312808798324,b7e55f04c521,0641409,True,run_layer1,1.0,0.7615613681732006,1246.5518928078525,0.43333333333333335,0.35863911035286467,0.5666666666666667,0.40292225782033597,0.5666666666666667,0.0,0.0,0.0,0.0,-0.0,-0.0
strong_drift,nominal,adaptive_mission_no_orienteering,320,path_budget,101,0.6733333333333333,35.48387628622919,0.01182789798020936,3000.0154165686426,4732.0,202,165,108,35.999815002126965,1984.4417043623812,0.6614771688847338,3168.0,0.6694843617920541,0.34545454545454546,35,1770,131,101,30,30,1098,541,0,0.7709923664122137,0,0,0.025227741988106303,1,0.4493782688312396,0.43333333333333335,0.6733333333333333,0.6733333333333333,0.0,0.0,0.0,0.0,0.0029016803451931313,0.013916563023766735,0.9593650793650793,0.94,384,9066,0.9931779420125071,0.84,24,3494,0.9393122049898853,0.94,360,5572,0.9906502337441564,4706,0.9536577292287322,3021,0.8839233894370284,1723,baseline,3000.0,16500.0,40000.0,0.075,0.11503912377969504,0.23007824755939008,6.902347426781702,1.25,3.67,1.25,3.67,0.009544769346843989,0.15904312808798324,1be83b3c4769,0641409,True,run_layer1,1.0,0.783390272995532,1148.8248082729365,0.32666666666666666,0.3340120041642924,0.6733333333333333,0.45923308915204153,0.9,-0.009854820320801927,-0.22666666666666668,0.0,0.0,0.009854820320801927,0.22666666666666668
strong_drift,nominal,adaptive_mission_no_orienteering,321,path_budget,131,0.8733333333333333,43.06511613850306,0.014354403457442249,3000.1327652648165,4492.0,179,141,77,25.66553083633395,1727.7397227265444,0.5758877549454182,2590.0,0.5765805877114871,0.45390070921985815,40,2035,171,131,40,40,1373,491,0,0.7660818713450293,0,0,0.0018750349820452691,1,0.6054479789998328,0.56,0.8733333333333333,0.8733333333333333,0.5,0.1111111111111111,0.1818181818181818,0.1,0.0016245717371537378,0.011336762575457706,0.9652225755166932,1.0,350,9714,0.9957920792079208,1.0,17,4023,0.9447211155378487,1.0,333,5691,0.9919816723940436,5238,0.9635036496350365,3288,0.8777633289986996,1538,baseline,3000.0,16500.0,40000.0,0.075,0.11503912377969504,0.23007824755939008,6.902347426781702,1.25,3.67,1.25,3.67,0.009544769346843989,0.15904312808798324,e21681539b58,0641409,True,run_layer1,1.0,0.7615613681732006,1246.5518928078525,0.1266666666666667,0.1561133891733678,0.8733333333333333,0.40292225782033597,0.5666666666666667,0.20252572117949685,0.30666666666666664,0.20252572117949685,0.30666666666666664,0.0,0.0
strong_drift,nominal,adaptive_mission_no_local_exploit,320,path_budget,101,0.6733333333333333,35.48387628622919,0.01182789798020936,3000.0154165686426,4732.0,202,165,108,35.999815002126965,1984.4417043623812,0.6614771688847338,3168.0,0.6694843617920541,0.34545454545454546,35,1770,131,101,30,30,1098,541,0,0.7709923664122137,0,0,0.025227741988106303,1,0.4493782688312396,0.43333333333333335,0.6733333333333333,0.6733333333333333,0.0,0.0,0.0,0.0,0.0029016803451931313,0.013916563023766735,0.9593650793650793,0.94,384,9066,0.9931779420125071,0.84,24,3494,0.9393122049898853,0.94,360,5572,0.9906502337441564,4706,0.9536577292287322,3021,0.8839233894370284,1723,baseline,3000.0,16500.0,40000.0,0.075,0.11503912377969504,0.23007824755939008,6.902347426781702,1.25,3.67,1.25,3.67,0.009544769346843989,0.15904312808798324,3f3f4f155879,0641409,True,run_layer1,1.0,0.783390272995532,1148.8248082729365,0.32666666666666666,0.3340120041642924,0.6733333333333333,0.45923308915204153,0.9,-0.009854820320801927,-0.22666666666666668,0.0,0.0,0.009854820320801927,0.22666666666666668
strong_drift,nominal,adaptive_mission_no_local_exploit,321,path_budget,131,0.8733333333333333,43.06511613850306,0.014354403457442249,3000.1327652648165,4492.0,179,141,77,25.66553083633395,1727.7397227265444,0.5758877549454182,2590.0,0.5765805877114871,0.45390070921985815,40,2035,171,131,40,40,1373,491,0,0.7660818713450293,0,0,0.0018750349820452691,1,0.6054479789998328,0.56,0.8733333333333333,0.8733333333333333,0.5,0.1111111111111111,0.1818181818181818,0.1,0.0016245717371537378,0.011336762575457706,0.9652225755166932,1.0,350,9714,0.9957920792079208,1.0,17,4023,0.9447211155378487,1.0,333,5691,0.9919816723940436,5238,0.9635036496350365,3288,0.8777633289986996,1538,baseline,3000.0,16500.0,40000.0,0.075,0.11503912377969504,0.23007824755939008,6.902347426781702,1.25,3.67,1.25,3.67,0.009544769346843989,0.15904312808798324,4209c8ec1604,0641409,True,run_layer1,1.0,0.7615613681732006,1246.5518928078525,0.1266666666666667,0.1561133891733678,0.8733333333333333,0.40292225782033597,0.5666666666666667,0.20252572117949685,0.30666666666666664,0.20252572117949685,0.30666666666666664,0.0,0.0
strong_drift,nominal,adaptive_mission_no_hysteresis,320,path_budget,101,0.6733333333333333,35.48387628622919,0.01182789798020936,3000.0154165686426,4732.0,202,165,108,35.999815002126965,1984.4417043623812,0.6614771688847338,3168.0,0.6694843617920541,0.34545454545454546,35,1770,131,101,30,30,1098,541,0,0.7709923664122137,0,0,0.025227741988106303,1,0.4493782688312396,0.43333333333333335,0.6733333333333333,0.6733333333333333,0.0,0.0,0.0,0.0,0.0029016803451931313,0.013916563023766735,0.9593650793650793,0.94,384,9066,0.9931779420125071,0.84,24,3494,0.9393122049898853,0.94,360,5572,0.9906502337441564,4706,0.9536577292287322,3021,0.8839233894370284,1723,baseline,3000.0,16500.0,40000.0,0.075,0.11503912377969504,0.23007824755939008,6.902347426781702,1.25,3.67,1.25,3.67,0.009544769346843989,0.15904312808798324,95ee0ca89b0d,0641409,True,run_layer1,1.0,0.783390272995532,1148.8248082729365,0.32666666666666666,0.3340120041642924,0.6733333333333333,0.45923308915204153,0.9,-0.009854820320801927,-0.22666666666666668,0.0,0.0,0.009854820320801927,0.22666666666666668
strong_drift,nominal,adaptive_mission_no_hysteresis,321,path_budget,131,0.8733333333333333,43.06511613850306,0.014354403457442249,3000.1327652648165,4492.0,179,141,77,25.66553083633395,1727.7397227265444,0.5758877549454182,2590.0,0.5765805877114871,0.45390070921985815,40,2035,171,131,40,40,1373,491,0,0.7660818713450293,0,0,0.0018750349820452691,1,0.6054479789998328,0.56,0.8733333333333333,0.8733333333333333,0.5,0.1111111111111111,0.1818181818181818,0.1,0.0016245717371537378,0.011336762575457706,0.9652225755166932,1.0,350,9714,0.9957920792079208,1.0,17,4023,0.9447211155378487,1.0,333,5691,0.9919816723940436,5238,0.9635036496350365,3288,0.8777633289986996,1538,baseline,3000.0,16500.0,40000.0,0.075,0.11503912377969504,0.23007824755939008,6.902347426781702,1.25,3.67,1.25,3.67,0.009544769346843989,0.15904312808798324,5d7452820967,0641409,True,run_layer1,1.0,0.7615613681732006,1246.5518928078525,0.1266666666666667,0.1561133891733678,0.8733333333333333,0.40292225782033597,0.5666666666666667,0.20252572117949685,0.30666666666666664,0.20252572117949685,0.30666666666666664,0.0,0.0
strong_drift,nominal,oracle_current_physics,320,done,150,1.0,53.41341151207382,0.046493957239983216,1148.8248082729365,2023.0,166,164,19,16.538640063460402,56.061512598792206,0.04879900938339867,175.0,0.08650519031141868,0.8841463414634146,0,1967,214,150,64,64,1506,247,0,0.7009345794392523,0,0,-0.09283797210639545,1,0.783390272995532,0.7733333333333333,0.9933333333333333,0.9933333333333333,0.0,0.0,0.0,0.0,0.025248168020976333,0.11706955423570707,0.9770130955697967,1.0,165,7013,0.9939736346516007,1.0,16,2639,0.9670572628786204,1.0,149,4374,0.9956415145736857,3671,0.9749362786745964,2354,0.9219427580225499,1153,baseline,3000.0,16500.0,40000.0,0.075,0.11503912377969504,0.23007824755939008,6.902347426781702,1.25,3.67,1.25,3.67,0.009544769346843989,0.15904312808798324,54812a29a325,0641409,True,run_layer1,1.0,0.783390272995532,1148.8248082729365,0.0,0.0,1.0,0.45923308915204153,0.9,,,,,,
strong_drift,nominal,oracle_current_physics,321,done,150,1.0,48.79175983000499,0.03914137879980413,1246.5518928078525,2051.0,165,163,18,14.439832071054083,45.86013975707604,0.036789595380402725,155.0,0.07557289127254997,0.8895705521472392,0,2011,203,150,53,53,1421,387,0,0.7389162561576355,0,0,-0.06608798704168548,1,0.7615613681732006,0.5733333333333334,0.9933333333333333,0.9933333333333333,0.0,0.0,0.0,0.0,0.02883890752639167,0.11226174817697487,0.9732182710906115,1.0,180,6541,0.9964566929133858,1.0,9,2531,0.959100693613968,1.0,171,4010,0.9913892078071183,3484,0.9709409594095941,2168,0.9186155285313377,1069,baseline,3000.0,16500.0,40000.0,0.075,0.11503912377969504,0.23007824755939008,6.902347426781702,1.25,3.67,1.25,3.67,0.009544769346843989,0.15904312808798324,f6c9de1e1f9f,0641409,True,run_layer1,1.0,0.7615613681732006,1246.5518928078525,0.0,0.0,1.0,0.40292225782033597,0.5666666666666667,,,,,,
robot_disturbed,nominal,belief_horizon,320,path_budget,124,0.8266666666666667,44.93423120049899,0.014977359916609263,3000.1436468565344,5755.0,297,154,90,29.99856360021276,1165.2155523219085,0.3883865872698424,2160.0,0.37532580364900087,0.4155844155844156,0,1887,184,124,60,60,1408,295,0,0.6739130434782609,30804,150,-0.0389358999164412,1,0.42423807425399573,0.26,0.58,0.8266666666666667,0.0,0.0,0.0,0.0,0.003711957214920864,0.03253410986840294,0.9755887729863426,1.0,454,18144,0.995973540408398,1.0,28,6926,0.9634146341463414,1.0,426,11218,0.9941818924160457,9797,0.9713889370556615,5767,0.9235332893869479,3034,baseline,3000.0,16500.0,40000.0,0.075,0.04527692569068708,0.09055385138137416,2.7166155414412247,1.25,3.67,1.25,3.67,0.009544769346843989,0.15904312808798324,b698de38821f,0641409,True,run_layer1,1.0,0.7133401923199894,1661.2797386528098,0.17333333333333334,0.2891021180659936,0.8266666666666667,0.42423807425399573,0.8266666666666667,0.0,0.0,0.0,0.0,-0.0,-0.0
robot_disturbed,nominal,belief_horizon,321,path_budget,128,0.8533333333333334,40.685954209054756,0.013561433869981604,3000.121860204886,5383.0,255,131,73,24.332344951819604,1181.556536471149,0.39383618117113994,1889.0,0.35091956158276055,0.44274809160305345,0,1912,184,128,56,56,1340,388,0,0.6956521739130435,23783,143,-0.0441814504506214,1,0.5152859426210336,0.30666666666666664,0.8333333333333334,0.8533333333333334,0.0,0.0,0.0,0.0,0.0021490228352098397,0.017158128228572236,0.970618690137199,1.0,454,14998,0.9958554376657824,0.9866666666666667,25,6007,0.9544585987261146,1.0,429,8991,0.991375,8000,0.9740982348426708,5212,0.8883928571428571,2240,baseline,3000.0,16500.0,40000.0,0.075,0.04527692569068708,0.09055385138137416,2.7166155414412247,1.25,3.67,1.25,3.67,0.009544769346843989,0.15904312808798324,692dcd7ef590,0641409,True,run_layer1,1.0,0.7302910408542398,1613.5301179600763,0.1466666666666666,0.21500509823320624,0.8533333333333334,0.5152859426210336,0.8533333333333334,0.0,0.0,0.0,0.0,-0.0,-0.0
robot_disturbed,nominal,adaptive_mission,320,path_budget,97,0.6466666666666666,34.1230623302277,0.011373458398856524,3000.236263550091,4791.0,217,191,138,45.996377577514075,1880.4495255292525,0.626767147765947,3050.0,0.6366103109997913,0.2774869109947644,112,1920,133,97,36,36,1146,641,0,0.7293233082706767,20248,125,-0.05375903685292423,1,0.2064560696553129,0.03333333333333333,0.28,0.6466666666666666,0.0,0.0,0.0,0.0,0.027389552665474912,0.10506342473909808,0.9765802219361167,1.0,382,15929,0.9972806381435823,0.94,15,5501,0.9660027790643817,1.0,367,10428,0.9922143045658485,7578,0.9775004394445421,5689,0.9359395532194481,3044,baseline,3000.0,16500.0,40000.0,0.075,0.04527692569068708,0.09055385138137416,2.7166155414412247,1.25,3.67,1.25,3.67,0.009544769346843989,0.15904312808798324,61085ece504a,0641409,True,run_layer1,1.0,0.7133401923199894,1661.2797386528098,0.3533333333333334,0.5068841226646764,0.6466666666666666,0.42423807425399573,0.8266666666666667,-0.21778200459868283,-0.18000000000000005,0.0,0.0,0.21778200459868283,0.18000000000000005
robot_disturbed,nominal,adaptive_mission,321,path_budget,139,0.9266666666666666,44.91223241978513,0.014969801930037357,3000.188822115768,4777.0,237,178,108,35.99773427721697,1418.7956641885044,0.4729021232696792,2259.0,0.4728909357337241,0.39325842696629215,74,2587,187,139,48,48,1583,817,0,0.7433155080213903,27811,148,-0.09205781228574782,1,0.3747834904530774,0.16,0.5666666666666667,0.9266666666666666,0.0,0.0,0.0,0.0,0.046046996203299065,0.1723925839095394,0.9791184515043131,1.0,397,18615,0.9971667566109013,1.0,21,7391,0.9675862068965517,1.0,376,11224,0.9941253924845538,9873,0.9770025031289111,6392,0.9301055697124135,2747,baseline,3000.0,16500.0,40000.0,0.075,0.04527692569068708,0.09055385138137416,2.7166155414412247,1.25,3.67,1.25,3.67,0.009544769346843989,0.15904312808798324,a3ca9b30fe63,0641409,True,run_layer1,1.0,0.7302910408542398,1613.5301179600763,0.07333333333333336,0.3555075504011624,0.9266666666666666,0.5152859426210336,0.8533333333333334,-0.14050245216795615,0.07333333333333325,0.0,0.07333333333333325,0.14050245216795615,0.0
robot_disturbed,nominal,adaptive_mission_no_route,320,path_budget,138,0.92,48.67277933240233,0.01622353671761614,3000.1337057135975,5798.0,311,149,75,24.998885835376747,757.7890452566454,0.25258509106226695,1438.0,0.2480165574335978,0.4966442953020134,0,1861,197,138,59,59,1426,238,0,0.700507614213198,30366,150,-0.08793955315801578,1,0.4466092828375731,0.26,0.58,0.92,0.0,0.0,0.0,0.0,0.00932529109935422,0.06383849452207405,0.9746862257056612,1.0,478,18405,0.995946890286513,1.0,29,7126,0.9617155525238745,1.0,449,11279,0.9944729172947443,9951,0.9699235344095157,5885,0.919264850672793,3047,baseline,3000.0,16500.0,40000.0,0.075,0.04527692569068708,0.09055385138137416,2.7166155414412247,1.25,3.67,1.25,3.67,0.009544769346843989,0.15904312808798324,74a3b3e54d2c,0641409,True,run_layer1,1.0,0.7133401923199894,1661.2797386528098,0.07999999999999996,0.26673090948241623,0.92,0.42423807425399573,0.8266666666666667,0.022371208583577384,0.09333333333333338,0.022371208583577384,0.09333333333333338,0.0,0.0
robot_disturbed,nominal,adaptive_mission_no_route,321,path_budget,118,0.7866666666666666,38.22068129794521,0.01273977490295667,3000.106484540389,5434.0,261,119,72,23.999148153913037,1325.7260973628393,0.44189301419610716,2134.0,0.39271255060728744,0.3949579831932773,0,1726,163,118,45,45,1232,331,0,0.7239263803680982,23712,133,-0.03563283866919196,1,0.48190028966996656,0.32666666666666666,0.74,0.7866666666666666,0.0,0.0,0.0,0.0,0.0027430629584720236,0.01375088867013124,0.9680200977729495,0.9866666666666667,471,14257,0.9952279957582184,0.94,27,5631,0.9510474090407939,0.9866666666666667,444,8626,0.9921578878577964,7651,0.966383067026354,4819,0.8897254207263064,2258,baseline,3000.0,16500.0,40000.0,0.075,0.04527692569068708,0.09055385138137416,2.7166155414412247,1.25,3.67,1.25,3.67,0.009544769346843989,0.15904312808798324,fe409c8aafa9,0641409,True,run_layer1,1.0,0.7302910408542398,1613.5301179600763,0.21333333333333337,0.24839075118427323,0.7866666666666666,0.5152859426210336,0.8533333333333334,-0.03338565295106699,-0.06666666666666676,0.0,0.0,0.03338565295106699,0.06666666666666676
robot_disturbed,nominal,adaptive_mission_no_orienteering,320,path_budget,97,0.6466666666666666,34.1230623302277,0.011373458398856524,3000.236263550091,4791.0,217,191,138,45.996377577514075,1880.4495255292525,0.626767147765947,3050.0,0.6366103109997913,0.2774869109947644,112,1920,133,97,36,36,1146,641,0,0.7293233082706767,20248,125,-0.05375903685292423,1,0.2064560696553129,0.03333333333333333,0.28,0.6466666666666666,0.0,0.0,0.0,0.0,0.027389552665474912,0.10506342473909808,0.9765802219361167,1.0,382,15929,0.9972806381435823,0.94,15,5501,0.9660027790643817,1.0,367,10428,0.9922143045658485,7578,0.9775004394445421,5689,0.9359395532194481,3044,baseline,3000.0,16500.0,40000.0,0.075,0.04527692569068708,0.09055385138137416,2.7166155414412247,1.25,3.67,1.25,3.67,0.009544769346843989,0.15904312808798324,a86129ffc0c9,0641409,True,run_layer1,1.0,0.7133401923199894,1661.2797386528098,0.3533333333333334,0.5068841226646764,0.6466666666666666,0.42423807425399573,0.8266666666666667,-0.21778200459868283,-0.18000000000000005,0.0,0.0,0.21778200459868283,0.18000000000000005
robot_disturbed,nominal,adaptive_mission_no_orienteering,321,path_budget,139,0.9266666666666666,44.91223241978513,0.014969801930037357,3000.188822115768,4777.0,237,178,108,35.99773427721697,1418.7956641885044,0.4729021232696792,2259.0,0.4728909357337241,0.39325842696629215,74,2587,187,139,48,48,1583,817,0,0.7433155080213903,27811,148,-0.09205781228574782,1,0.3747834904530774,0.16,0.5666666666666667,0.9266666666666666,0.0,0.0,0.0,0.0,0.046046996203299065,0.1723925839095394,0.9791184515043131,1.0,397,18615,0.9971667566109013,1.0,21,7391,0.9675862068965517,1.0,376,11224,0.9941253924845538,9873,0.9770025031289111,6392,0.9301055697124135,2747,baseline,3000.0,16500.0,40000.0,0.075,0.04527692569068708,0.09055385138137416,2.7166155414412247,1.25,3.67,1.25,3.67,0.009544769346843989,0.15904312808798324,8f145c8d21e6,0641409,True,run_layer1,1.0,0.7302910408542398,1613.5301179600763,0.07333333333333336,0.3555075504011624,0.9266666666666666,0.5152859426210336,0.8533333333333334,-0.14050245216795615,0.07333333333333325,0.0,0.07333333333333325,0.14050245216795615,0.0
robot_disturbed,nominal,adaptive_mission_no_local_exploit,320,path_budget,97,0.6466666666666666,34.1230623302277,0.011373814577758457,3000.142309068014,4736.0,214,188,135,44.99786546523434,1830.6055710471758,0.610172912636217,2945.0,0.6218327702702703,0.28191489361702127,112,1920,133,97,36,36,1146,641,0,0.7293233082706767,20127,125,-0.050778238569647735,1,0.2064560696553129,0.03333333333333333,0.28,0.6466666666666666,0.0,0.0,0.0,0.0,0.028354872305317632,0.10619744819691448,0.9764380190710551,1.0,383,15872,0.9970882620564149,0.94,16,5479,0.9658921933085501,1.0,367,10393,0.9921906022501654,7555,0.9770763533768295,5671,0.9359524595576098,3029,baseline,3000.0,16500.0,40000.0,0.075,0.04527692569068708,0.09055385138137416,2.7166155414412247,1.25,3.67,1.25,3.67,0.009544769346843989,0.15904312808798324,f8b4d722a74c,0641409,True,run_layer1,1.0,0.7133401923199894,1661.2797386528098,0.3533333333333334,0.5068841226646764,0.6466666666666666,0.42423807425399573,0.8266666666666667,-0.21778200459868283,-0.18000000000000005,0.0,0.0,0.21778200459868283,0.18000000000000005
robot_disturbed,nominal,adaptive_mission_no_local_exploit,321,path_budget,134,0.8933333333333333,43.11137611897071,0.014369760344999432,3000.1457981150775,4788.0,241,172,105,34.998299104653206,1380.835473344584,0.460256122956468,2184.0,0.45614035087719296,0.38953488372093026,74,2510,178,134,44,44,1518,814,0,0.7528089887640449,26727,148,-0.09375701810662569,1,0.3730204410365163,0.16,0.5666666666666667,0.8933333333333333,0.0,0.0,0.0,0.0,0.04403006653796555,0.16165790066511812,0.9790112934157256,1.0,394,18378,0.9968358783876737,1.0,23,7246,0.9677475441189255,1.0,371,11132,0.9939752778643399,9627,0.9766494279893434,6381,0.9323444283646889,2764,baseline,3000.0,16500.0,40000.0,0.075,0.04527692569068708,0.09055385138137416,2.7166155414412247,1.25,3.67,1.25,3.67,0.009544769346843989,0.15904312808798324,374d4bb16062,0641409,True,run_layer1,1.0,0.7302910408542398,1613.5301179600763,0.10666666666666669,0.35727059981772347,0.8933333333333333,0.5152859426210336,0.8533333333333334,-0.14226550158451723,0.039999999999999925,0.0,0.039999999999999925,0.14226550158451723,0.0
robot_disturbed,nominal,adaptive_mission_no_hysteresis,320,path_budget,97,0.6466666666666666,34.1230623302277,0.011373458398856524,3000.236263550091,4791.0,217,191,138,45.996377577514075,1880.4495255292525,0.626767147765947,3050.0,0.6366103109997913,0.2774869109947644,112,1920,133,97,36,36,1146,641,0,0.7293233082706767,20248,125,-0.05375903685292423,1,0.2064560696553129,0.03333333333333333,0.28,0.6466666666666666,0.0,0.0,0.0,0.0,0.027389552665474912,0.10506342473909808,0.9765802219361167,1.0,382,15929,0.9972806381435823,0.94,15,5501,0.9660027790643817,1.0,367,10428,0.9922143045658485,7578,0.9775004394445421,5689,0.9359395532194481,3044,baseline,3000.0,16500.0,40000.0,0.075,0.04527692569068708,0.09055385138137416,2.7166155414412247,1.25,3.67,1.25,3.67,0.009544769346843989,0.15904312808798324,500d27a89271,0641409,True,run_layer1,1.0,0.7133401923199894,1661.2797386528098,0.3533333333333334,0.5068841226646764,0.6466666666666666,0.42423807425399573,0.8266666666666667,-0.21778200459868283,-0.18000000000000005,0.0,0.0,0.21778200459868283,0.18000000000000005
robot_disturbed,nominal,adaptive_mission_no_hysteresis,321,path_budget,139,0.9266666666666666,44.91223241978513,0.014969801930037357,3000.188822115768,4777.0,237,178,108,35.99773427721697,1418.7956641885044,0.4729021232696792,2259.0,0.4728909357337241,0.39325842696629215,74,2587,187,139,48,48,1583,817,0,0.7433155080213903,27811,148,-0.09205781228574782,1,0.3747834904530774,0.16,0.5666666666666667,0.9266666666666666,0.0,0.0,0.0,0.0,0.046046996203299065,0.1723925839095394,0.9791184515043131,1.0,397,18615,0.9971667566109013,1.0,21,7391,0.9675862068965517,1.0,376,11224,0.9941253924845538,9873,0.9770025031289111,6392,0.9301055697124135,2747,baseline,3000.0,16500.0,40000.0,0.075,0.04527692569068708,0.09055385138137416,2.7166155414412247,1.25,3.67,1.25,3.67,0.009544769346843989,0.15904312808798324,81dbcc58d722,0641409,True,run_layer1,1.0,0.7302910408542398,1613.5301179600763,0.07333333333333336,0.3555075504011624,0.9266666666666666,0.5152859426210336,0.8533333333333334,-0.14050245216795615,0.07333333333333325,0.0,0.07333333333333325,0.14050245216795615,0.0
robot_disturbed,nominal,oracle_current_physics,320,done,150,1.0,53.41341151207382,0.032151967106628675,1661.2797386528098,2522.0,156,153,6,3.6116734950765195,42.37005785394385,0.025504469155991284,91.0,0.03608247422680412,0.9607843137254902,0,1742,201,150,51,51,1407,134,0,0.746268656716418,6415,150,-0.06224696780876582,1,0.7133401923199894,0.5066666666666667,0.9933333333333333,0.9933333333333333,0.0,0.0,0.0,0.0,0.016267089041723807,0.07012785717881996,0.9640170101406608,1.0,220,5894,0.9942363112391931,1.0,12,2070,0.9484126984126984,1.0,208,3824,0.9925494007126661,3087,0.9544973544973545,1890,0.9023746701846965,1137,baseline,3000.0,16500.0,40000.0,0.075,0.04527692569068708,0.09055385138137416,2.7166155414412247,1.25,3.67,1.25,3.67,0.009544769346843989,0.15904312808798324,df32a3fed04b,0641409,True,run_layer1,1.0,0.7133401923199894,1661.2797386528098,0.0,0.0,1.0,0.42423807425399573,0.8266666666666667,,,,,,
robot_disturbed,nominal,oracle_current_physics,321,done,150,1.0,48.79175983000499,0.03023913795404732,1613.5301179600763,2516.0,161,159,17,10.535904976780007,137.93190925138992,0.08548455818461691,270.0,0.10731319554848967,0.8930817610062893,0,1830,208,150,58,58,1457,165,0,0.7211538461538461,6771,150,-0.07469562926902569,1,0.7302910408542398,0.5666666666666667,0.9933333333333333,0.9933333333333333,0.0,0.0,0.0,0.0,0.01873239898670612,0.07771560661086062,0.969553650605971,1.0,206,6560,0.9933361099541858,1.0,16,2385,0.9564719358533792,1.0,190,4175,0.9906367041198502,3204,0.9712692967409948,2332,0.9113821138211382,1230,baseline,3000.0,16500.0,40000.0,0.075,0.04527692569068708,0.09055385138137416,2.7166155414412247,1.25,3.67,1.25,3.67,0.009544769346843989,0.15904312808798324,bbacfa92a8d0,0641409,True,run_layer1,1.0,0.7302910408542398,1613.5301179600763,0.0,0.0,1.0,0.5152859426210336,0.8533333333333334,,,,,,
