,,,seed,seed,collected,collected,collected_ratio,collected_ratio,collected_mass_kg,collected_mass_kg,collected_mass_per_meter,collected_mass_per_meter,path_length_m,path_length_m,sim_time_s,sim_time_s,goal_count,goal_count,evaluated_goal_count,evaluated_goal_count,empty_goal_arrivals,empty_goal_arrivals,empty_goal_arrivals_per_km,empty_goal_arrivals_per_km,wasted_path_to_empty_goals,wasted_path_to_empty_goals,wasted_path_ratio,wasted_path_ratio,wasted_time_to_empty_goals,wasted_time_to_empty_goals,wasted_time_ratio,wasted_time_ratio,goal_success_rate,goal_success_rate,route_false_visits,route_false_visits,capture_contacts,capture_contacts,terminal_capture_attempts,terminal_capture_attempts,successful_captures,successful_captures,missed_capture_count,missed_capture_count,missed_captures,missed_captures,partial_contact_events,partial_contact_events,throughput_limit_events,throughput_limit_events,bin_full_events,bin_full_events,collection_precision,collection_precision,pushed_away_events,pushed_away_events,pushed_away_debris_count,pushed_away_debris_count,info_gain_total,info_gain_total,unload_events,unload_events,auc_collected_by_path,auc_collected_by_path,collected_ratio_at_1km,collected_ratio_at_1km,collected_ratio_at_2km,collected_ratio_at_2km,collected_ratio_at_3km,collected_ratio_at_3km,map_precision,map_precision,map_recall,map_recall,map_f1,map_f1,map_iou,map_iou,map_brier,map_brier,count_mae,count_mae,detection_precision,detection_precision,detection_recall,detection_recall,false_detection_count,false_detection_count,true_detection_count,true_detection_count,camera_detection_precision,camera_detection_precision,camera_detection_recall,camera_detection_recall,camera_false_detection_count,camera_false_detection_count,camera_true_detection_count,camera_true_detection_count,radar_detection_precision,radar_detection_precision,radar_detection_recall,radar_detection_recall,radar_false_detection_count,radar_false_detection_count,radar_true_detection_count,radar_true_detection_count,near_range_detection_precision,near_range_detection_precision,near_range_detection_count,near_range_detection_count,mid_range_detection_precision,mid_range_detection_precision,mid_range_detection_count,mid_range_detection_count,far_range_detection_precision,far_range_detection_precision,far_range_detection_count,far_range_detection_count,oracle_current_collected_ratio,oracle_current_collected_ratio,oracle_current_auc_collected_by_path,oracle_current_auc_collected_by_path,oracle_current_path_length_m,oracle_current_path_length_m,oracle_gap_collected_ratio,oracle_gap_collected_ratio,oracle_gap_auc_collected_by_path,oracle_gap_auc_collected_by_path,collected_ratio_vs_oracle,collected_ratio_vs_oracle
,,,mean,std,mean,std,mean,std,mean,std,mean,std,mean,std,mean,std,mean,std,mean,std,mean,std,mean,std,mean,std,mean,std,mean,std,mean,std,mean,std,mean,std,mean,std,mean,std,mean,std,mean,std,mean,std,mean,std,mean,std,mean,std,mean,std,mean,std,mean,std,mean,std,mean,std,mean,std,mean,std,mean,std,mean,std,mean,std,mean,std,mean,std,mean,std,mean,std,mean,std,mean,std,mean,std,mean,std,mean,std,mean,std,mean,std,mean,std,mean,std,mean,std,mean,std,mean,std,mean,std,mean,std,mean,std,mean,std,mean,std,mean,std,mean,std,mean,std,mean,std,mean,std,mean,std,mean,std,mean,std
scenario,profile,mode,,,,,,,,,,,,,,,,,,,,,,,,,,,,,,,,,,,,,,,,,,,,,,,,,,,,,,,,,,,,,,,,,,,,,,,,,,,,,,,,,,,,,,,,,,,,,,,,,,,,,,,,,,,,,,,,,,,,,,,,,,,,,,,,
robot_disturbed,nominal,belief_horizon,4.5,3.0276503540974917,99.1,25.8046076850197,0.6606666666666666,0.17203071790013133,34.06101058326554,9.429675135459608,0.01170645936862962,0.00330813161160289,2918.683282646636,99.29853990250788,5401.0,0.0,267.2,15.984714921171125,121.9,17.584399651711482,78.6,17.31537531277397,26.840284217759137,5.282845240484586,1176.0779388420394,394.98410801108224,0.3998117184038491,0.12039882296181754,1936.6,578.3747727708892,0.3585632290316608,0.1070866085485816,0.35959488171284637,0.06189952545868506,0.0,0.0,1435.9,445.8259376333623,132.6,35.75285536382607,99.1,25.8046076850197,33.5,10.522462745109731,33.5,10.522462745109731,977.4,250.87411628588197,325.9,198.25317707976896,0.0,0.0,0.7493012609455885,0.025489588264612166,19593.4,5424.253685480099,118.9,28.286038959175603,-0.031662099069264114,0.028307349403901533,0.9,0.31622776601683794,0.41395336449712544,0.08199786457584188,0.196,0.11976107902562799,0.5427255284508011,0.08043407653936929,0.6606666666666666,0.17203071790013133,0.0016181229773462782,0.005116954142667281,0.03125,0.09882117688026186,0.003076923076923077,0.009730085108210398,0.0015625,0.004941058844013093,0.008380026312620218,0.0064801502752014194,0.03629764703912372,0.024690920329728996,0.9671235030922652,0.007505062633207553,0.9006666666666666,0.1571489817629621,455.9,17.990429554503574,13958.5,2788.5243110529505,0.9946870104366494,0.0007243753557911886,0.8573333333333333,0.18683061583248523,27.2,4.756282395129858,5183.0,1144.3313428470892,0.9516383194896214,0.010933846767993891,0.9006666666666666,0.1571489817629621,428.7,17.055790805471315,8775.5,1751.0437680931273,0.9910977449567422,0.0021849888618286437,6909.0,1616.1409454486188,0.9671781114289043,0.006873360499936909,4936.9,855.048075321564,0.9022249706740709,0.022336128753193407,2568.5,618.4669666917457,1.0,0.0,0.7801827051737571,0.01676675592984177,1604.424847287963,131.4223846288489,0.3393333333333334,0.17203071790013136,0.3662293406766317,0.07797645139127346,0.6606666666666666,0.17203071790013133
robot_disturbed,nominal,belief_horizon_no_efficiency,4.5,3.0276503540974917,107.4,30.984583980496566,0.716,0.20656389320331045,37.52931431690142,11.46306960035638,0.011925975510738322,0.003614274556835497,3145.5306195384724,130.98497622739887,5401.0,0.0,110.9,17.87891371296242,44.4,13.28491207682192,23.6,11.266469426281391,7.559690118045774,3.700342693365854,744.6666194760148,504.2155098550002,0.23530202629776284,0.155123185827339,1219.0,797.2268602265397,0.22569894463988152,0.1476072690661988,0.4853253012311843,0.1533605314885193,0.0,0.0,1567.9,592.374590572178,140.7,44.20922477894806,107.4,30.984583980496566,33.3,13.816656614391198,33.3,13.816656614391198,1029.0,317.6378091124824,398.2,262.6826560277206,0.0,0.0,0.7713288657837862,0.035178291963496575,20096.7,6471.49352588377,120.5,33.18717958623313,-0.0429781902888209,0.02933455155211655,0.8,0.4216370213557839,0.3537982600484726,0.08623999757436097,0.09533333333333334,0.0914114291689833,0.44333333333333336,0.1444700831946587,0.6886666666666666,0.1820066475519134,0.01845636736285026,0.049219527484966046,0.1231547619047619,0.1585694747206319,0.022311052490747173,0.05318069725410052,0.011985512163439425,0.0290974053722323,0.01922413358897264,0.017733427873863727,0.07161639714155951,0.05783754549512489,0.9691202466672465,0.009567877287654035,0.9166666666666666,0.16016195507002234,454.7,29.044219160904742,15318.1,3995.949628477984,0.9948690337242991,0.002200960566199559,0.8566666666666667,0.20010491075593817,26.8,4.8488257455915145,5735.5,1542.5197459568117,0.9542595824680337,0.014185899837657117,0.9166666666666666,0.16016195507002234,427.9,29.74876281274381,9582.6,2515.4992965833067,0.9917988134490143,0.0031532780833686937,7387.3,1929.1695997097934,0.9685914179223694,0.010948605585048607,5558.4,1462.6369033738727,0.9101195885113335,0.028492806289933368,2827.1,715.4182071425853,1.0,0.0,0.7801827051737571,0.01676675592984177,1604.424847287963,131.4223846288489,0.284,0.20656389320331045,0.42638444512528456,0.08395516856761567,0.716,0.20656389320331045
robot_disturbed,nominal,belief_horizon_no_refinement,4.5,3.0276503540974917,91.1,22.233358320825538,0.6073333333333333,0.1482223888055036,31.840593865698356,8.33877183669418,0.009922840686176366,0.0026829995724255056,3217.036486350031,122.35330718282685,5401.0,0.0,183.0,17.094508539944115,181.3,16.970890109570302,120.9,14.888101140023052,37.70982855110937,5.516376450127749,2327.3176083005937,287.29050588894955,0.7226444926442539,0.07617963234912525,3960.8,367.6265617292757,0.7333456767265322,0.0680663880261573,0.3330716683809659,0.05640669138074045,0.0,0.0,1438.9,462.24487257537237,124.3,34.97316431526067,91.1,22.233358320825538,33.2,14.03012631605448,33.2,14.03012631605448,989.6,263.01423704599887,325.0,189.94034151104745,0.0,0.0,0.7410816925856408,0.04635975701610118,19518.8,4408.034326343459,130.1,22.338059201481418,-0.021061826136513744,0.02547270193808496,0.7,0.48304589153964794,0.354856322514174,0.06471399668621022,0.15333333333333335,0.1260609298105141,0.5115143249282321,0.05601533738382231,0.5780000000000001,0.13259238568160972,0.0020895522388059704,0.006607744364530942,0.031818181818181815,0.10061792555081206,0.003921568627450981,0.012401088863405412,0.002,0.00632455532033676,0.008331544409174763,0.00670951883299486,0.032203194473678816,0.02720175946689287,0.9667064640974612,0.005665989241713902,0.9366666666666668,0.12168569105448436,455.4,21.608640247209753,13581.9,2388.5094584977746,0.9944138949698591,0.001974709676286983,0.9119999999999999,0.13600290483462765,26.8,4.391911757866827,5051.3,996.2298987237389,0.9510812651205093,0.007454968054595802,0.9366666666666668,0.12168569105448436,428.6,20.961340075905877,8530.6,1464.400157819652,0.9912428371903502,0.0023278211445964857,6758.1,1349.9697486322505,0.9662403489015314,0.0057164007933146795,4847.2,782.4459938764677,0.8990873193602755,0.017578493470603026,2432.0,441.0275879503836,1.0,0.0,0.7801827051737571,0.01676675592984177,1604.424847287963,131.4223846288489,0.39266666666666666,0.1482223888055036,0.4253263826595831,0.06510495364695212,0.6073333333333333,0.1482223888055036
robot_disturbed,nominal,belief_horizon_no_track_prediction,4.5,3.0276503540974917,87.4,26.825361134568162,0.5826666666666667,0.17883574089712106,30.48494509296205,9.96685613455801,0.010127465909931938,0.0033852554113293076,3020.937369595871,95.94982857134133,5401.0,0.0,222.6,15.07168058165895,161.1,17.540112757777685,107.3,17.062304129929878,35.477903088264135,5.277900734488002,1722.5476746508818,487.97222789812287,0.5670210086282645,0.14582196783164972,2980.3,666.3921184674648,0.551805221255323,0.12338309914228196,0.3332424059816686,0.08067665932947794,0.0,0.0,1238.6,422.4113845267168,116.5,36.954175827788546,87.4,26.825361134568162,29.1,10.816140202904588,29.1,10.816140202904588,880.5,266.05690702888694,241.6,144.87174404355812,0.0,0.0,0.7530219433433858,0.02597182553999318,19580.4,5833.188192480068,119.6,25.661038343934738,-0.03297768714921852,0.03317511016200232,0.7,0.48304589153964794,0.34760360517901606,0.08537991931334912,0.15355016093268967,0.10102431280437318,0.46799999999999997,0.08970734310750376,0.5593333333333333,0.18128348988174212,0.01024416135881104,0.026373687222275947,0.01388888888888889,0.030003429159295648,0.009775474956822107,0.02224938010777879,0.0050272232304900185,0.011477700056221767,0.008749428990857715,0.0054816628354758,0.03800248097700561,0.022448890469468595,0.9676128652090595,0.007999223148190026,0.8973333333333333,0.1676032941130062,453.6,28.178794233331637,14155.1,2978.5891309663893,0.9944770175070736,0.002131414876844833,0.8566666666666667,0.1834982423301968,27.1,5.526702854726718,5257.4,1255.519299378194,0.9525191760369702,0.011044713248552208,0.8973333333333333,0.1676032941130062,426.5,26.62601067460998,8897.7,1808.6815978005143,0.9915334139722051,0.003331676544170136,6982.7,1767.452595623933,0.9673695004519287,0.007171550393747411,5132.0,1000.2821824087663,0.900476239957212,0.0252054600937089,2494.0,495.85123216993674,1.0,0.0,0.7801827051737571,0.01676675592984177,1604.424847287963,131.4223846288489,0.4173333333333333,0.17883574089712106,0.4325790999947411,0.08085049170571287,0.5826666666666667,0.17883574089712106
robot_disturbed,nominal,belief_orienteering,4.5,3.0276503540974917,107.4,28.060252632108956,0.716,0.18706835088072643,36.834342052059135,10.72402726339709,0.01255420750630871,0.00413704260365671,2979.073285904089,218.6891590886248,5401.0,0.0,240.7,38.418890029660034,117.0,11.680943645290155,70.0,14.749764593225057,23.498878768977615,4.296923549344531,1190.2193217253878,602.4449586019914,0.3912846830677899,0.17730531256277332,1991.0,797.004670277687,0.36863543788187375,0.14756613039764616,0.40188268738314176,0.10344475364591706,0.0,0.0,1575.4,472.0800779528829,145.7,38.029374611388675,107.4,28.060252632108956,38.3,10.55198770111321,38.3,10.55198770111321,1077.9,276.6921474210001,351.8,180.27497515369865,0.0,0.0,0.7363360186261465,0.025593887476511496,21307.3,4510.822813584629,126.4,30.335897327533708,-0.050839354593156694,0.03500741757960473,0.8,0.4216370213557839,0.39284288461194117,0.07898983761947216,0.12666666666666665,0.12598255807162992,0.5106666666666666,0.06616104556774541,0.7133333333333333,0.18517925916444142,0.003819646566680363,0.006512936397294849,0.07416666666666667,0.13913589147411354,0.007244165387543964,0.01238807641236253,0.003670407583680984,0.006283920957846347,0.017533141017187497,0.011368063048476465,0.06800447042667215,0.039783599683208624,0.9695125301689647,0.007571458166147756,0.8953333333333333,0.17943808038250422,469.7,18.15397109909198,15638.4,3318.6251570994477,0.9952521269886709,0.0018052714828654171,0.8720000000000001,0.207627396560447,26.4,4.526465385804789,5910.3,1216.3616101582074,0.9544729807531288,0.01078568595737376,0.8953333333333333,0.17943808038250422,443.3,16.159276661479065,9728.1,2157.7615690545817,0.9917214474327842,0.0027362665938281882,7849.5,1633.5271483646804,0.9700078309935284,0.006115023993511974,5543.3,1182.7665356179882,0.9029640789777569,0.02800459894968373,2715.3,660.472230049581,1.0,0.0,0.7801827051737571,0.01676675592984177,1604.424847287963,131.4223846288489,0.284,0.1870683508807264,0.387339820561816,0.07333393525007213,0.716,0.18706835088072643
robot_disturbed,nominal,belief_orienteering_density_disabled,4.5,3.0276503540974917,90.4,19.062470400705617,0.6026666666666667,0.12708313600470408,30.77905999374915,6.918400003953699,0.010418263865333718,0.002811608669489745,2987.5877647341636,189.76777299742486,5401.0,0.0,236.2,31.240287379528944,121.1,10.492854711659739,82.6,10.986860839708088,27.60495494003046,2.8444064130534428,1430.9038258319447,443.9221602783012,0.47292960188317146,0.12831972701164493,2383.1,544.7962820072187,0.4412331049805592,0.10086952083081255,0.31729860404375015,0.07267915217191359,0.0,0.0,1432.4,391.3816551653897,122.9,30.526673218314794,90.4,19.062470400705617,32.5,11.711817393840576,32.5,11.711817393840576,951.8,212.34500229579223,357.7,198.84502619991392,0.0,0.0,0.7418054250352824,0.032372215781331766,21148.7,4224.374169296823,129.4,20.55453450917556,-0.025155781596306305,0.03501483978747041,0.6,0.5163977794943222,0.3328256365965831,0.07055074102558838,0.13333333333333333,0.12815885204707744,0.43600000000000005,0.11721879931811385,0.6,0.12551129996838167,0.010877541990884285,0.010339965940589075,0.15705503759851586,0.1964078582583952,0.019837274797633857,0.018702757299579414,0.010099135857896272,0.009544644469832846,0.02143773362290808,0.016990696848806056,0.07329609075728274,0.056133546229276306,0.9687968800199274,0.00479901873218629,0.9373333333333334,0.12180534967675495,457.5,18.4225103850938,14554.6,2665.1344014472847,0.9949974404682781,0.001473299316863851,0.914,0.13257003739463458,26.9,5.915140648276159,5524.5,1012.0207782232317,0.9533539353615806,0.007187332389286407,0.9373333333333334,0.12180534967675495,430.6,16.331292389492976,9030.1,1752.4935536416547,0.9918284847830963,0.001907586130957107,7351.7,1413.1021862869254,0.9678969373038834,0.005105616628069139,5154.0,950.7822510380012,0.9016223232651328,0.01958912591646707,2506.4,547.9229872892722,1.0,0.0,0.7801827051737571,0.01676675592984177,1604.424847287963,131.4223846288489,0.39733333333333337,0.1270831360047041,0.44735706857717406,0.062311553169318135,0.6026666666666667,0.12708313600470408
robot_disturbed,nominal,belief_orienteering_depth1,4.5,3.0276503540974917,78.3,20.028035905255965,0.522,0.13352023936837312,26.65396811249618,6.7171772305285415,0.00854132146222209,0.0020623952232377393,3121.351115417997,154.4068925751192,5401.0,0.0,183.4,17.595453958338215,97.5,9.336309049440612,62.9,11.259070417519673,20.168590312857063,3.4778995073558936,1579.3586978901194,316.6346357049323,0.5044379258842072,0.08777340543044417,2527.2,454.5136106017313,0.4679133493797445,0.08415360314788581,0.35629171906201257,0.0855203604854438,0.0,0.0,1159.6,371.1714787893417,104.6,27.721632146915322,78.3,20.028035905255965,26.3,9.393259994982218,26.3,9.393259994982218,811.2,213.2686360230006,243.8,162.59752628977955,0.0,0.0,0.7511018642010706,0.04732904421755109,16591.5,4321.674373305894,109.0,22.060522810365732,-0.012771259908303878,0.03449026840074516,0.6,0.5163977794943222,0.3270554977347989,0.09337695073947011,0.12984204432983054,0.12484890863008626,0.4926666666666667,0.13573576363974307,0.51,0.14402503211783435,0.0058823529411764705,0.018601633295108114,0.019148936170212766,0.06055425306705407,0.008999999999999998,0.028460498941515408,0.004712041884816754,0.014900784786133726,0.005538533663921743,0.003358879692412497,0.021325234645870862,0.011490394962985479,0.9639814085564563,0.0054163615432600495,0.9186666666666667,0.11312835493967914,454.2,19.94325282729308,12433.9,2121.502740459644,0.9939317034503293,0.002888058314099265,0.8233333333333333,0.1325998342735869,25.9,8.198238293140246,4539.4,955.5833820237772,0.9476237576288531,0.006761386563679085,0.9186666666666667,0.11312835493967914,428.3,20.965845240930946,7894.5,1278.4070165639735,0.9903477787597602,0.0026776196029124136,6042.9,1294.0986953603397,0.9641689105219143,0.006077740946686948,4513.4,707.9863777722783,0.8936856604372,0.019547523893243015,2331.8,457.5720465432495,1.0,0.0,0.7801827051737571,0.01676675592984177,1604.424847287963,131.4223846288489,0.47800000000000004,0.13352023936837312,0.4531272074389582,0.09344054291343645,0.522,0.13352023936837312
robot_disturbed,nominal,belief_orienteering_no_opportunity_cost,4.5,3.0276503540974917,106.7,29.348670232984055,0.7113333333333334,0.19565780155322707,36.8799839754195,11.177288870589635,0.012498817391402087,0.003941298572280993,2962.831804585388,106.54798678682974,5401.0,0.0,236.3,20.37454839308646,117.3,7.149980574954187,69.8,11.232888220657133,23.565180053233824,3.7589605489705495,1281.87188127551,467.4772429530603,0.43038077472195707,0.15025414516447924,2167.0,679.0890957746266,0.4012219959266802,0.1257339558923582,0.40399545594392083,0.09428513162480613,0.0,0.0,1543.4,492.2332780298382,142.6,39.03331910048132,106.7,29.348670232984055,35.9,11.599329482536671,35.9,11.599329482536671,1063.0,274.72005953535887,337.8,207.23191517395836,0.0,0.0,0.749782708091127,0.040829465008619316,20946.1,5712.9098335845165,127.1,28.001785657346925,-0.04707908009335565,0.02984588066706498,0.8,0.4216370213557839,0.38885835923504536,0.07359281475181653,0.14333333333333334,0.12646182266831596,0.4646666666666667,0.093758291814381,0.7046666666666667,0.19311737619296282,0.010098235098235098,0.02155789799567011,0.046356275303643724,0.12141418481251028,0.014448767833981843,0.030573927496541857,0.007496858858020383,0.015867976634413573,0.014514454174192466,0.012595596863200146,0.05719350946119948,0.03791429707538555,0.9694960227635893,0.006785829673209577,0.9106666666666667,0.1716499452481815,460.9,24.501473878569474,15249.5,3203.98488864518,0.9951642487645589,0.0010412237002554413,0.8786666666666667,0.18695216262753186,26.5,3.0276503540974917,5679.6,1268.321130033277,0.9548836412572062,0.009782159828993504,0.9106666666666667,0.1716499452481815,434.4,23.16222979095252,9569.9,2052.005926458845,0.9920041364187986,0.002638112619308861,7513.1,1656.5204127259578,0.9684792767514594,0.006397874368779008,5419.6,1147.588699065228,0.9087565889376575,0.02306508868729145,2777.7,712.590274982756,1.0,0.0,0.7801827051737571,0.01676675592984177,1604.424847287963,131.4223846288489,0.2886666666666667,0.195657801553227,0.39132434593871174,0.07028559688994908,0.7113333333333334,0.19565780155322707
robot_disturbed,nominal,confirmed_route,4.5,3.0276503540974917,110.0,9.877021593352705,0.7333333333333333,0.0658468106223514,38.34919289741115,3.3948252655205513,0.010652222377348183,0.0009429735545807156,3600.1116562466295,0.05087548735304126,4900.1,185.11885071188425,198.1,23.411535618152005,196.1,23.411535618152005,126.8,20.51990903163722,35.22109854188223,5.699625622277899,2345.9235741603493,124.88530761457599,0.6516252195595122,0.03468904241211166,3326.8,217.21152005463352,0.6785656372130392,0.028200653041240996,0.3563278265855634,0.036757524895937206,121.1,22.521347897297606,2100.3,188.63960347710653,147.5,16.008678202080826,110.0,9.877021593352705,37.5,8.708233651742086,37.5,8.708233651742086,1402.1,125.29471922897096,550.7,92.57555472873675,0.0,0.0,0.7476551390356561,0.03859098266680669,22905.4,2411.653061468189,140.5,12.447668233225228,-0.07849976848928711,0.022263538818754005,1.0,0.0,0.2779881341567211,0.07853262603785897,0.05333333333333333,0.05470459388929409,0.24684197535641,0.1431255085563298,0.596,0.09491776817882612,0.008615505379951162,0.011647737527709074,0.09532084582084582,0.10304529913396938,0.01569466089943095,0.02080038891352904,0.008010440701482161,0.010710791094211304,0.029764040073186383,0.008683418405846112,0.11194272657392235,0.02359690423745931,0.9750838380506733,0.0037559584933199632,0.9846666666666668,0.037456147198596954,418.2,14.006347767272446,16705.1,2555.419576334014,0.9959315998835665,0.0007866427292566863,0.966,0.05773075009189505,24.8,4.157990967870047,6150.8,793.8465846748979,0.9631924376958224,0.006142413828585839,0.9846666666666668,0.037456147198596954,393.4,15.414279094398161,10554.3,1781.7882434353544,0.9930732949664417,0.000992929783206451,8189.9,986.5824795164814,0.9749273971103456,0.0049800755848709395,6000.6,1047.1068288914514,0.9237128365622903,0.01553021197915667,2932.8,591.3396842950946,1.0,0.0,0.7801827051737571,0.01676675592984177,1604.424847287963,131.4223846288489,0.26666666666666666,0.06584681062235138,0.5021945710170359,0.0724048818898147,0.7333333333333333,0.0658468106223514
robot_disturbed,nominal,greedy,4.5,3.0276503540974917,24.5,9.489760563657839,0.16333333333333333,0.06326507042438559,8.69152778718587,3.7642194392997914,0.0024471081998400676,0.00106689248326684,3559.4185810682366,91.80175279944675,5017.9,292.5688712840867,176.8,41.22512718126059,175.8,41.22512718126059,152.2,36.95282277595462,42.98180234108468,11.547043478126707,3280.253241222175,174.67204965082914,0.9215985651972058,0.04317899033930947,4622.0,278.01478777615813,0.9217632757366425,0.038187859644860996,0.1337902691349287,0.04247395215029853,0.0,0.0,402.8,137.1971817008887,32.4,12.980326994682718,24.5,9.489760563657839,7.9,5.195083145522205,7.9,5.195083145522205,338.8,111.84493233441061,31.6,20.987827159782142,0.0,0.0,0.7742850413040852,0.10953783185035036,10586.9,3413.8770546761707,105.3,39.861008517096,-0.013294005680471,0.031583349804030623,0.0,0.0,0.10367101250365249,0.04935201222760645,0.07466666666666667,0.04249037654299421,0.11866666666666666,0.06275958438436925,0.15866666666666668,0.06469682381961019,0.006233062330623306,0.019710673762567132,0.03382352941176471,0.10695939144687167,0.010526315789473686,0.0332871332649303,0.005555555555555555,0.01756820922315766,0.008609600235618572,0.006454636068839739,0.027534087754536418,0.020754895110864705,0.9362668524484983,0.02259156744261733,0.844,0.2005966409132491,425.7,26.170594185077267,6969.5,2369.5218106426264,0.9877860113300516,0.005664309721535037,0.79,0.23499408976019423,25.7,2.98328677803526,2400.3,807.4993016852844,0.9111634658229493,0.02953858361386537,0.8433333333333334,0.2000555478416488,400.0,26.599916457680003,4569.2,1618.8089448727417,0.9808654718869256,0.008682622165507073,3235.6,1108.8902560668482,0.9350894262965601,0.02423708621423206,2568.2,838.5393120049756,0.8423608847606747,0.056837702119578,1591.4,602.2474943446792,1.0,0.0,0.7801827051737571,0.01676675592984177,1604.424847287963,131.4223846288489,0.8366666666666667,0.06326507042438557,0.6765116926701047,0.04870224670334143,0.16333333333333333,0.06326507042438559
robot_disturbed,nominal,lawnmower_collect,4.5,3.0276503540974917,2.3,2.1108186931983415,0.015333333333333334,0.01407212462132228,0.8585125440908687,0.8629606722458625,0.0002687302545123312,0.00027012260063403033,3194.7000000012067,0.0,5401.0,0.0,34.0,0.0,33.0,0.0,31.0,1.699673171197595,9.703571540360063,0.5320290390950491,2739.330000001081,285.92824974114683,0.8574607944408068,0.08950081376687599,4634.3,481.2915609759502,0.8580448065173115,0.08911156470578592,0.06060606060606061,0.05150524761204833,0.0,0.0,31.2,24.894443824543124,3.1,2.5582111805799856,2.3,2.1108186931983415,0.8,0.9189365834726815,0.8,0.9189365834726815,28.1,22.357946635990025,0.0,0.0,0.0,0.0,0.585,0.3727152621863863,1522.4,935.7343165189097,16.1,8.399074023036373,-0.049078887085695154,0.012425319221980948,0.0,0.0,0.011413472222222004,0.010762098571342377,0.009333333333333334,0.008999314102807373,0.014666666666666666,0.013626408637116349,0.015333333333333334,0.01407212462132228,0.0,0.0,0.0,0.0,0.0,0.0,0.0,0.0,0.006969414122032351,0.0006886376534059642,0.022587357135798992,0.0014132112665032818,0.9189455517594303,0.03498919446295328,0.5966666666666667,0.11988677786216807,458.1,22.795954806841397,5906.9,1952.9663164871363,0.9779809472470905,0.014348592892850827,0.33866666666666667,0.10702716858263052,25.5,5.816642788871717,1413.3,586.5683724473691,0.9031048413329913,0.03789676553084898,0.5966666666666667,0.11988677786216807,432.6,25.12280946780346,4493.6,1384.23169223139,0.9559650418778111,0.029891109500699915,1592.4,675.8589925256435,0.9320571864654663,0.031663212309743775,2668.6,882.2418665599083,0.8766403936994462,0.03510348030140167,2104.0,457.47713968386813,1.0,0.0,0.7801827051737571,0.01676675592984177,1604.424847287963,131.4223846288489,0.9846666666666666,0.01407212462132229,0.7687692329515351,0.01705363595559107,0.015333333333333334,0.01407212462132228
robot_disturbed,nominal,oracle_current_physics,4.5,3.0276503540974917,150.0,0.0,1.0,0.0,52.116721580829164,1.5914470104629561,0.03269220983871139,0.003004676028443389,1604.424847287963,131.4223846288489,2501.8,179.43355316105178,156.2,3.1552425509864594,153.7,3.1989581637360196,9.7,3.1287200080686173,6.152842219789133,2.2524625350853307,62.463080991860444,19.12101542480878,0.03894803303757722,0.011517613897588664,133.3,33.49975124285751,0.05343558995232321,0.013610316187691242,0.9371955523972101,0.019082677792851083,0.0,0.0,1719.1,96.10809886095275,199.9,5.820461990063829,150.0,0.0,49.9,5.820461990063827,49.9,5.820461990063827,1399.9,41.11893318979308,119.3,70.81909660850273,0.0,0.0,0.7509596898578034,0.022316135285866658,6667.5,589.3831521175341,150.0,0.0,-0.06739036246830488,0.01586778151260727,1.1,0.31622776601683794,0.7801827051737571,0.01676675592984177,0.568,0.04605954278411239,0.9933333333333334,0.0,0.9933333333333334,0.0,0.0,0.0,0.0,0.0,0.0,0.0,0.0,0.0,0.014019414381112219,0.004919234092646748,0.06680595319421456,0.013473786274758641,0.963144525943556,0.004662943505933781,1.0,0.0,218.4,26.192450142062782,5727.4,427.01891709332443,0.9934555392440412,0.0025462072804622164,1.0,0.0,14.0,5.374838498865699,2129.9,128.83878815532742,0.9460178849531043,0.006807195693950873,1.0,0.0,204.4,24.726054634287646,3597.5,318.3650071502486,0.9908257367286909,0.0013121009224252146,2987.9,212.77554684063986,0.9602532253520006,0.006648426185231248,1935.3,177.96632015949285,0.8877041288753477,0.01318291957516459,1022.6,114.9755529570429,1.0,0.0,0.7801827051737571,0.01676675592984177,1604.424847287963,131.4223846288489,0.0,0.0,0.0,0.0,1.0,0.0
static_calm,nominal,belief_horizon,4.5,3.0276503540974917,70.2,9.727395449051212,0.46799999999999997,0.06484930299367475,23.615159773657574,3.7145085601379475,0.008469928739848158,0.0014295888227313115,2794.7716725405085,96.89771719121455,5401.0,0.0,225.8,13.798550648528272,159.3,9.214119599831553,100.1,8.10281158336756,35.85712299082521,3.1676738629748065,1458.5088527998896,285.33581292510894,0.5201379519076917,0.08944806266511751,2790.5,395.41349665044737,0.5166635808183669,0.07321116397897563,0.3712146407833522,0.04320195050079669,0.0,0.0,793.7,95.38582470973114,92.0,11.64283279771532,70.2,9.727395449051212,21.8,6.957010852370434,21.8,6.957010852370434,698.0,82.99665321230998,3.7,5.478239782184704,0.0,0.0,0.7644533621499638,0.06929319443828125,0.0,0.0,0.0,0.0,-0.15636920164124152,0.02068282561463488,0.2,0.4216370213557839,0.29937891406137096,0.041007508030704194,0.17933333333333334,0.03347377820265429,0.37333333333333335,0.0632455532033676,0.46799999999999997,0.06484930299367475,0.1405207658774028,0.04767581352894508,0.0979026832730393,0.06586605547044176,0.10649166795216383,0.05300360035078111,0.056984702209982294,0.029552630794348684,0.010256119268166884,0.0013174442800075253,0.025852238365619833,0.006875060698511938,0.9592851550724488,0.005637722169130271,0.9,0.11265592760565844,453.1,23.096175729616657,10846.3,1524.5999876105939,0.9917057004200016,0.0011562593224968237,0.8266666666666665,0.10777205024873013,27.5,4.06201920231798,3308.9,420.67153985555575,0.9456412020569926,0.00787366998190169,0.9,0.11265592760565844,425.6,21.59320880894422,7537.4,1134.5124454535035,0.9858525395790348,0.002089446082993994,4410.2,570.4623466004473,0.9638901238920325,0.005168947341243259,4355.1,666.2979730487621,0.9043842309899948,0.015338401100846883,2534.1,442.9899547393823,1.0,0.0,0.7858133364540688,0.02001542625527639,1796.8944053692194,144.60734061713237,0.532,0.06484930299367477,0.48643442239269785,0.038931373840901964,0.46799999999999997,0.06484930299367475
static_calm,nominal,belief_horizon_no_efficiency,4.5,3.0276503540974917,41.4,9.020963240019205,0.276,0.06013975493346136,14.496398051742933,3.474464040429957,0.0047503523628402294,0.0011692825610050237,3056.1364778699863,55.157370975359264,5401.0,0.0,79.7,11.175866856758807,69.3,11.12604551891142,35.5,7.230337321161287,11.648564372909643,2.5079938170322946,1429.798770703179,162.0939289684302,0.46804306610409585,0.054515798797162986,2528.6,297.8617128803231,0.46817256063691903,0.05514936361420533,0.4891702842725564,0.05127324795906576,0.0,0.0,460.1,108.2327225113654,54.2,11.867790208983493,41.4,9.020963240019205,12.8,4.2895221179054435,12.8,4.2895221179054435,399.2,90.24386713542118,6.7,10.285372569279582,0.0,0.0,0.7657083306609288,0.049957041265747994,0.0,0.0,0.0,0.0,-0.12648113336513658,0.03648535555521787,0.0,0.0,0.1611666563008855,0.037958049483572696,0.09333333333333334,0.026666666666666665,0.188,0.045302821976256034,0.272,0.060760611022699994,0.14018989160392864,0.07770357852993784,0.061940446067623126,0.056810528543586744,0.07689371102663894,0.05560151298382968,0.04077724626211091,0.030488666063994644,0.012760913587937914,0.0018849345741021692,0.026672513223944972,0.009638222267798974,0.9533222059453532,0.017245063075044722,0.64,0.19547978329999333,453.0,20.800641015763595,10660.1,4526.415148878857,0.9903512372392681,0.0036908123577863525,0.48933333333333334,0.16209127134708265,26.6,5.1251016250086865,3112.7,1237.6027050534253,0.9383237865561815,0.023736462197298264,0.64,0.19547978329999333,426.4,21.680508399123035,7547.4,3324.593682776221,0.984094741181503,0.005839744226942476,3934.6,1564.706589463696,0.9576550223761423,0.016283142929676985,4453.8,1913.6264467700528,0.8981716731669849,0.045440151891526226,2724.7,1150.4203144937942,1.0,0.0,0.7858133364540688,0.02001542625527639,1796.8944053692194,144.60734061713237,0.724,0.06013975493346136,0.6246466801531833,0.032483431355223656,0.276,0.06013975493346136
static_calm,nominal,belief_horizon_no_refinement,4.5,3.0276503540974917,62.6,13.318324886327774,0.4173333333333334,0.08878883257551852,21.431965818532955,4.778050174730097,0.007284925995951243,0.0017116251051152087,2951.118165985937,94.01081082832766,5401.0,0.0,171.6,17.089307898345226,170.6,17.089307898345226,112.8,6.71317113342619,38.237842491458366,2.2556715834369903,2000.9122270633422,271.2618335552538,0.6762591074463301,0.07225106314068402,3685.5,348.0533962866425,0.6823736345121274,0.06444239886810636,0.3354767282503799,0.04432641451645331,0.0,0.0,697.0,121.61048931367355,81.2,14.250146198080449,62.6,13.318324886327774,18.6,3.9214509786273974,18.6,3.9214509786273974,611.6,105.69158486422232,4.2,3.7357135269658404,0.0,0.0,0.7675566552453361,0.04995634620005382,0.0,0.0,0.0,0.0,-0.14879138979174916,0.0266415249151823,0.0,0.0,0.266746202789678,0.06133723104458249,0.18,0.05397759022884942,0.32199999999999995,0.07627435858647241,0.41533333333333333,0.09010556223496424,0.16629238800299107,0.05701395893575743,0.09850129937150151,0.06594536940035467,0.1163241103731775,0.058035489613943926,0.06267227651595822,0.03313358848756257,0.010898698254897279,0.0015724577225580605,0.02723283607963468,0.007594562868097047,0.9530890547000105,0.01352667309960982,0.834,0.1432756128396173,450.9,26.282440272293332,9687.9,2207.5638885935377,0.9901900888641821,0.002880137282355255,0.7393333333333334,0.15336392609463445,28.5,5.778311941119905,2989.9,565.457621950772,0.936974293973518,0.01935847920981059,0.834,0.1432756128396173,422.4,24.005554912700237,6698.0,1662.8657325365882,0.9849843631638366,0.003330890980722392,3930.5,750.716731604612,0.9559645189004637,0.013841690716276606,3898.1,878.6058969880763,0.8909909334010344,0.03944649245391742,2310.2,619.4498993282489,1.0,0.0,0.7858133364540688,0.02001542625527639,1796.8944053692194,144.60734061713237,0.5826666666666667,0.08878883257551856,0.5190671336643907,0.05324396801762478,0.4173333333333334,0.08878883257551852
static_calm,nominal,belief_horizon_no_track_prediction,4.5,3.0276503540974917,70.2,9.727395449051212,0.46799999999999997,0.06484930299367475,23.615159773657574,3.7145085601379475,0.008469928739848158,0.0014295888227313115,2794.7716725405085,96.89771719121455,5401.0,0.0,225.8,13.798550648528272,159.3,9.214119599831553,100.1,8.10281158336756,35.85712299082521,3.1676738629748065,1458.5088527998896,285.33581292510894,0.5201379519076917,0.08944806266511751,2790.5,395.41349665044737,0.5166635808183669,0.07321116397897563,0.3712146407833522,0.04320195050079669,0.0,0.0,793.7,95.38582470973114,92.0,11.64283279771532,70.2,9.727395449051212,21.8,6.957010852370434,21.8,6.957010852370434,698.0,82.99665321230998,3.7,5.478239782184704,0.0,0.0,0.7644533621499638,0.06929319443828125,0.0,0.0,0.0,0.0,-0.15636920164124155,0.02068282561463487,0.2,0.4216370213557839,0.29937891406137096,0.041007508030704194,0.17933333333333334,0.03347377820265429,0.37333333333333335,0.0632455532033676,0.46799999999999997,0.06484930299367475,0.1405207658774028,0.04767581352894508,0.0979026832730393,0.06586605547044176,0.10649166795216383,0.05300360035078111,0.056984702209982294,0.029552630794348684,0.010256119268166884,0.0013174442800075253,0.025852238365619833,0.006875060698511938,0.9592851550724488,0.005637722169130271,0.9,0.11265592760565844,453.1,23.096175729616657,10846.3,1524.5999876105939,0.9917057004200016,0.0011562593224968237,0.8266666666666665,0.10777205024873013,27.5,4.06201920231798,3308.9,420.67153985555575,0.9456412020569926,0.00787366998190169,0.9,0.11265592760565844,425.6,21.59320880894422,7537.4,1134.5124454535035,0.9858525395790348,0.002089446082993994,4410.2,570.4623466004473,0.9638901238920325,0.005168947341243259,4355.1,666.2979730487621,0.9043842309899948,0.015338401100846883,2534.1,442.9899547393823,1.0,0.0,0.7858133364540688,0.02001542625527639,1796.8944053692194,144.60734061713237,0.532,0.06484930299367477,0.48643442239269785,0.038931373840901964,0.46799999999999997,0.06484930299367475
static_calm,nominal,belief_orienteering,4.5,3.0276503540974917,56.9,7.430417963419764,0.37933333333333336,0.049536119756131765,19.742556225050976,2.2988778035731015,0.006819892222159428,0.0008081888237227528,2895.8744413846352,40.22718433885251,5401.0,0.0,164.9,11.483805021759022,122.5,9.180292902613607,75.5,6.60387091871965,26.082164544686215,2.412105777064523,1522.649896748064,234.28886581022167,0.525584573263313,0.0788010370571762,2833.8,390.6521043929838,0.5246806147009813,0.07232958792686237,0.38253805486216674,0.04828275361433053,0.0,0.0,648.1,90.5850735803397,75.3,10.893933072025813,56.9,7.430417963419764,18.4,3.7771241264574114,18.4,3.7771241264574114,570.4,77.54453917301691,2.4,3.5023801430836525,0.0,0.0,0.7572802233052528,0.020367182306306745,0.0,0.0,0.0,0.0,-0.14683951112148103,0.02399710598937187,0.0,0.0,0.230422088765622,0.027463614478924127,0.138,0.02534697488463799,0.2693333333333333,0.03445519545478099,0.37933333333333336,0.049536119756131765,0.16333144426736312,0.04174656736230764,0.10424466275035082,0.05422924543760762,0.12124451464221457,0.04344221965948892,0.06504699500418909,0.024632404243880267,0.011743073890654251,0.0014823409086778092,0.029151499885889765,0.006536765796791486,0.9587633103095629,0.012011051662749437,0.8400000000000001,0.1501275178138181,454.7,10.750193796702774,11363.4,3215.810635663183,0.9925650721562802,0.0023309769900776716,0.7293333333333333,0.13663323891099352,24.2,3.3266599866332403,3450.0,874.2132971357098,0.944426904279449,0.016766154637131284,0.8400000000000001,0.1501275178138181,430.5,10.834615308763343,7913.4,2364.524579886808,0.9866864043928196,0.003647253358617417,4506.6,1163.9298566112611,0.9628337619451459,0.012448156042865645,4639.7,1355.6169608132102,0.9034229753231615,0.027490946901570522,2671.8,774.0678695480564,1.0,0.0,0.7858133364540688,0.02001542625527639,1796.8944053692194,144.60734061713237,0.6206666666666667,0.049536119756131765,0.5553912476884468,0.028764938772584424,0.37933333333333336,0.049536119756131765
static_calm,nominal,belief_orienteering_density_disabled,4.5,3.0276503540974917,57.7,8.769264507357502,0.38466666666666666,0.05846176338238335,19.78234267457273,3.7153347206647975,0.006738746955149044,0.001216701432091862,2936.124854676427,94.81752866548683,5401.0,0.0,163.9,15.444884086468388,122.0,11.652372195299023,74.9,10.545667883596138,25.573442154284372,4.022913711731221,1529.5924589001256,215.45231167193197,0.5208216378456496,0.06999880500892847,2795.4,353.5446537882056,0.517570820218478,0.06545911012557039,0.3870689880005954,0.046520593073231815,0.0,0.0,641.4,100.56529111864481,74.4,11.217050513491602,57.7,8.769264507357502,16.7,4.83160888777687,16.7,4.83160888777687,557.7,85.26957253323133,9.3,8.895067297228405,0.0,0.0,0.7773856368671614,0.048955816387049246,0.0,0.0,0.0,0.0,-0.14818970400764886,0.031423251074929784,0.1,0.31622776601683794,0.22962039932240294,0.05009754284461192,0.134,0.04460526459544467,0.26266666666666666,0.07364915159636395,0.38466666666666666,0.05846176338238335,0.18280767745900472,0.0673362430081028,0.12369124956880209,0.08432546634903848,0.12684871675140144,0.057232148508025577,0.06861983413253112,0.03274966921301318,0.01238662747505231,0.0029224451216300546,0.032358619352436634,0.014295406332681415,0.9571826241717083,0.011470536993906162,0.8173333333333334,0.14771343628546207,457.0,28.774989139876322,10834.5,2851.14169140091,0.9917705303286539,0.0025405068290747334,0.7206666666666667,0.13430939038533016,26.3,4.270050741306634,3338.0,710.1810410811536,0.9421047332422476,0.016412755255146547,0.8173333333333334,0.14771343628546207,430.7,27.817061111643138,7496.5,2152.3923769713656,0.9861568268083584,0.0030090275114057516,4353.9,938.7802310563545,0.9604468123870447,0.013035608279931714,4409.8,1229.218252024884,0.8986140185517201,0.03378435508367063,2527.8,733.6224884472637,1.0,0.0,0.7858133364540688,0.02001542625527639,1796.8944053692194,144.60734061713237,0.6153333333333333,0.05846176338238335,0.5561929371316658,0.045240229486932924,0.38466666666666666,0.05846176338238335
static_calm,nominal,belief_orienteering_depth1,4.5,3.0276503540974917,48.9,7.475143997126596,0.32599999999999996,0.04983429331417731,16.231975416188774,2.4414575512957453,0.005427189508811665,0.0007822273883924173,2988.6863844593727,49.46711560551487,5401.0,0.0,126.3,9.03142661303665,98.6,3.977715704047009,58.1,7.385421074281713,19.453142532497402,2.56384706445472,1570.0173961081,194.774693929861,0.5253021822045787,0.06439942220547397,2813.5,339.6741085216829,0.5209220514719497,0.0628909662139757,0.41139464044882984,0.06509963196838019,0.0,0.0,569.6,88.58542644124809,65.6,10.068653225619489,48.9,7.475143997126596,16.7,3.945461527713414,16.7,3.945461527713414,498.9,70.89969440460703,5.1,13.73114869355235,0.0,0.0,0.7466784768628167,0.038058943806709385,0.0,0.0,0.0,0.0,-0.15614468015232225,0.02294444443038796,0.0,0.0,0.1864496631416779,0.023658119444669713,0.11200000000000002,0.02409856304306837,0.20400000000000001,0.0385156694102992,0.32399999999999995,0.04990855835957262,0.16351325010475765,0.03823594532867279,0.14320180098698898,0.07143851317772619,0.1434680054992908,0.048308633696012716,0.077930749888459,0.02790293362551503,0.014273816444005091,0.002614276216468118,0.04013468272229361,0.011714602931843978,0.9620429148493516,0.00800466061604493,0.8293333333333333,0.11611828792280512,457.9,11.503139668030736,12049.6,2429.0082658475158,0.9921302884296435,0.0022171091106060158,0.7106666666666667,0.11253312269595879,28.3,7.379400758568107,3629.2,593.647632111096,0.9493725893758459,0.011625294882247337,0.8293333333333333,0.11611828792280512,429.6,14.377451481786023,8420.4,1857.0413266507796,0.9871587347936165,0.002399720552307156,4686.7,740.2907912135308,0.9666955563355917,0.008529881949643735,5033.7,1076.5872055301006,0.9085565740300556,0.028198782887265773,2787.1,693.6684206288893,1.0,0.0,0.7858133364540688,0.02001542625527639,1796.8944053692194,144.60734061713237,0.674,0.049834293314177325,0.5993636733123908,0.02944033750049506,0.32599999999999996,0.04983429331417731
static_calm,nominal,belief_orienteering_no_opportunity_cost,4.5,3.0276503540974917,56.9,7.709301740970667,0.37933333333333336,0.051395344939804424,19.609765804054582,3.2655776200542292,0.0067859564120680655,0.0011596501354959846,2892.4953620793594,52.47354916868579,5401.0,0.0,169.4,8.435375246872871,121.9,10.213825053437239,75.9,5.384133067531755,26.24868669081596,1.9485178280685684,1551.5753268566552,213.10133318074497,0.5358423643435108,0.0673781866269476,2861.3,317.15507948706176,0.5297722643954823,0.058721547766536146,0.37594060688544817,0.033541889447764865,0.0,0.0,650.8,106.7809804121398,75.7,12.684636376341265,56.9,7.709301740970667,18.8,6.528569691917382,18.8,6.528569691917382,570.8,93.96902562960723,4.3,4.83160888777687,0.0,0.0,0.7567097989368462,0.04948813798406716,0.0,0.0,0.0,0.0,-0.15463761384728283,0.019231583068906693,0.0,0.0,0.22958942166197724,0.035787336195770895,0.134,0.036710411615611914,0.27066666666666667,0.054812812776251905,0.37933333333333336,0.051395344939804424,0.184496521758031,0.05347953936322394,0.11694743471834168,0.051373704243593755,0.1337167121409988,0.042422771080348025,0.07214123700618533,0.024084276704772704,0.011904816014999691,0.001546835198574203,0.030378274190680538,0.007934035650480736,0.9644955406471943,0.0062297188339671345,0.868,0.11464599296837073,442.5,13.0234830637242,12297.3,1815.6728810859936,0.9932349473500148,0.0013860159413642626,0.7633333333333334,0.09884518385015209,25.1,5.195083145522205,3728.8,514.4891317284232,0.9524635820376893,0.00861553113270198,0.868,0.11464599296837073,417.4,16.63463588754233,8568.5,1332.9843084847873,0.9885007319382815,0.0021264923079010486,4922.9,649.8660460262391,0.9683940347924567,0.006672588425514463,5002.4,795.8506560069338,0.9149309120091351,0.015742488465306487,2814.5,471.9447354652167,1.0,0.0,0.7858133364540688,0.02001542625527639,1796.8944053692194,144.60734061713237,0.6206666666666666,0.05139534493980443,0.5562239147920915,0.0371525095572208,0.37933333333333336,0.051395344939804424
static_calm,nominal,confirmed_route,4.5,3.0276503540974917,48.0,11.234866364235145,0.32,0.07489910909490095,16.13917744541575,3.776369705800028,0.004482941454007686,0.0010489313578724005,3600.1269297801855,0.08008230913726248,4584.9,265.18021126103,140.5,34.455285032439754,139.5,34.455285032439754,92.3,24.138719472618632,25.637902169254982,6.704605435101219,2626.196868986673,219.67846160675802,0.729473349618583,0.06101916333954194,3348.7,271.2956771576804,0.7309436324244618,0.05204361510871971,0.3400546246229382,0.02851661806109241,83.8,25.8405366301347,690.0,161.56801113531796,66.1,15.616586623772106,48.0,11.234866364235145,18.1,6.903300337922113,18.1,6.903300337922113,616.3,144.05712601449315,7.6,6.719788356455548,0.0,0.0,0.7290457609166221,0.06837636041358403,0.0,0.0,0.0,0.0,-0.15340074733477446,0.02253015414870057,0.0,0.0,0.1744418055003311,0.04412937613978027,0.10425917299871838,0.03296608876061026,0.21333333333333332,0.05987641593469991,0.2773333333333333,0.06645893561784443,0.17247872836175265,0.03491099291977852,0.15815580313592092,0.07501032664557354,0.158568563532867,0.04859554055121681,0.08679831467842031,0.028922004342042323,0.013807190625923177,0.001279423498077938,0.03791472527332271,0.005994749187180445,0.955231504995675,0.01070503788826213,0.8393333333333333,0.12157200782425105,397.7,23.990970523650493,9053.4,2715.487482325534,0.9911776134725445,0.0029236409101924127,0.6633333333333333,0.15657601790413514,22.7,6.498717822257967,2691.7,796.8825439730055,0.940758126677047,0.014466058636445159,0.8393333333333333,0.12157200782425105,375.0,24.846193538112303,6361.7,1928.3069171339573,0.9841424457584754,0.004046739207729749,3561.5,1157.3789593540896,0.9584670048677368,0.010252523252589187,3636.4,1054.2789215593966,0.9059099022909427,0.020024474296731258,2253.2,565.3413521443875,1.0,0.0,0.7858133364540688,0.02001542625527639,1796.8944053692194,144.60734061713237,0.6799999999999999,0.07489910909490097,0.6113715309537378,0.037963727425991606,0.32,0.07489910909490095
static_calm,nominal,greedy,4.5,3.0276503540974917,54.6,12.894443247642245,0.364,0.08596295498428162,19.462238682409037,4.793497709537229,0.005686807546529388,0.0013887722562950949,3426.2682863356195,97.32486810457877,5401.0,0.0,241.1,13.236733400318645,240.1,13.245124889306757,187.0,12.55211358917515,54.69566004184022,5.059144035917484,2776.4449647449464,201.11205371879774,0.8102438535157386,0.05153798355069489,4451.9,244.49605768237302,0.8242732827254212,0.04526866463291481,0.22042966866750885,0.04576824365130303,0.0,0.0,760.4,150.1149189417524,71.3,14.032106042928836,54.6,12.894443247642245,16.7,3.7727090178455764,16.7,3.7727090178455764,683.3,131.98909887646866,5.8,6.924994985958874,0.0,0.0,0.7607810553167059,0.05679057600768022,0.0,0.0,0.0,0.0,-0.16268874434220787,0.030557277108848417,0.1,0.31622776601683794,0.20739531284972207,0.07154899528759223,0.13533333333333333,0.07562415186750206,0.23533333333333334,0.09722317459850993,0.33266666666666667,0.08941234758820826,0.22190504986474774,0.06142965894742778,0.18480083601884706,0.06061372985245349,0.19224853950395562,0.037544028695146094,0.10678183504116787,0.0232806540324804,0.012477141451896599,0.00247664926678511,0.03477233016620875,0.006498881832940312,0.9565057721098047,0.007199107274624335,0.8413333333333334,0.1439410030035883,456.5,20.38654240206296,10284.0,1748.0880349049296,0.9920635911115164,0.002204416603309739,0.7686666666666666,0.16147621466096662,24.6,5.58171618371586,3136.4,467.3212551934221,0.9415485220138606,0.00989611212282986,0.8413333333333334,0.1439410030035883,431.9,18.964586880698356,7147.6,1314.5058387089807,0.98628047876336,0.0036292065139288602,4301.1,655.9799200856347,0.9602182099957586,0.006586806611149768,4098.5,736.3275614682489,0.8930752950054963,0.022815338611219194,2340.9,520.2735284871261,1.0,0.0,0.7858133364540688,0.02001542625527639,1796.8944053692194,144.60734061713237,0.636,0.08596295498428161,0.5784180236043467,0.05755053660028295,0.364,0.08596295498428162
static_calm,nominal,lawnmower_collect,4.5,3.0276503540974917,9.6,5.966573556070519,0.064,0.03977715704047012,3.4647849772536277,2.1087189597572626,0.0010845415773788835,0.0006600679124038145,3194.7000000012067,0.0,5401.0,0.0,34.0,0.0,33.0,0.0,26.4,3.502380143083653,8.263686731145345,1.0963095574177006,1896.1650000007128,614.0205511628085,0.5935346041881856,0.19219975307934284,3217.8,1032.1201265141356,0.5957785595260138,0.1910979682492382,0.2,0.10613273160859553,0.0,0.0,102.8,65.31768520087037,11.8,7.345444544447637,9.6,5.966573556070519,2.2,1.9888578520235065,2.2,1.9888578520235065,90.7,57.56937843448835,0.3,0.9486832980505138,0.0,0.0,0.7473674528086293,0.2828213745328002,0.0,0.0,0.0,0.0,-0.16072259270299705,0.030645986672682656,0.0,0.0,0.035087305555548856,0.02196152521098211,0.02,0.012570787221094178,0.03866666666666667,0.025298221281347035,0.06133333333333334,0.037686163423466805,0.22112117275376636,0.09154445844260557,0.09253133609323669,0.07173520714401761,0.11984446588671169,0.07205954523963239,0.06515404962153093,0.040973808524063,0.015578886473874332,0.0009454850658523522,0.0322771110105647,0.0073355477304968665,0.9295911724872932,0.050586513737456526,0.4953333333333333,0.13289000371141446,449.6,22.406348306773346,7726.8,3289.122064556978,0.9428890996633434,0.12179507873958699,0.2333333333333333,0.11212867388038102,27.2,4.589843860815601,1596.0,957.8033897065375,0.9225580929052535,0.04581876907134403,0.4953333333333333,0.13289000371141446,422.4,20.828399415754976,6130.8,2354.7891530996053,0.8896641904531395,0.24134549146239595,1888.4,1128.524720351506,0.9373335975567789,0.05458992958571574,3476.7,1563.942741918642,0.9097411779155195,0.030098656701597528,2811.3,724.3694652746085,1.0,0.0,0.7858133364540688,0.02001542625527639,1796.8944053692194,144.60734061713237,0.9359999999999999,0.039777157040470155,0.7507260308985199,0.022727796571952178,0.064,0.03977715704047012
static_calm,nominal,oracle_current_physics,4.5,3.0276503540974917,150.0,0.0,1.0,0.0,52.116721580829164,1.5914470104629561,0.029146230768714938,0.002101974134415773,1796.8944053692194,144.60734061713237,2568.2,148.6037235962365,154.6,1.7126976771553515,152.2,1.813529401164726,4.4,1.6465452046971292,2.485801554992238,1.0074530652565579,50.97871624747518,20.941405594438866,0.02841237299573913,0.011938276917303679,83.6,25.246341869224892,0.03266598415610675,0.010377404583900974,0.9711992255768525,0.010400884854297415,0.0,0.0,1611.5,37.089231740642965,199.1,4.383048152953729,150.0,0.0,49.1,4.38304815295373,49.1,4.38304815295373,1394.2,30.961624993243184,18.2,16.551602809261574,0.0,0.0,0.7537196147350185,0.016629556668471598,0.0,0.0,0.0,0.0,-0.12354641950567016,0.009556312640043413,1.1,0.31622776601683794,0.7858133364540688,0.02001542625527639,0.6328526025985557,0.07902959137430987,0.9933333333333334,0.0,0.9933333333333334,0.0,0.0,0.0,0.0,0.0,0.0,0.0,0.0,0.0,0.012485153770754938,0.002495549452302744,0.04929306090280751,0.008574229815903887,0.9563597680428921,0.004545578690486462,1.0,0.0,218.5,16.084844488593053,4810.4,336.98209645815507,0.9930507041666747,0.000997811967180788,1.0,0.0,12.1,1.7919573407620815,1729.2,78.48396863903693,0.9367917698762943,0.007399594688683637,0.9986666666666666,0.0028109134757052542,206.4,14.781369655376622,3081.2,271.0882595105226,0.9889261137889779,0.002224823464180259,2371.4,76.00175436571625,0.9551266471090909,0.007730508983161905,1719.1,174.64023336880626,0.8745496277802296,0.020601336851489453,938.4,120.68158287180543,1.0,0.0,0.7858133364540688,0.02001542625527639,1796.8944053692194,144.60734061713237,0.0,0.0,0.0,0.0,1.0,0.0
strong_drift,nominal,belief_horizon,4.5,3.0276503540974917,115.4,26.891551750606652,0.7693333333333333,0.17927701167071097,39.98040222906034,9.49560815532256,0.013234155827624383,0.0035482818743159594,3050.8737112180106,196.94547108461379,5401.0,0.0,266.6,29.747829052442363,107.6,10.47960983158353,69.4,16.97841767264154,22.624342808631372,4.649595902518041,1598.038061413736,512.7260888455475,0.5178265044126594,0.13979178151857657,2380.4,706.2706752135944,0.44073319755600815,0.13076664973404822,0.35894667316681317,0.11480296036327493,0.0,0.0,1737.1,486.38837933852363,152.4,35.98209431246479,115.4,26.891551750606652,37.0,10.055402085998905,37.0,10.055402085998905,1108.1,246.98063351877073,476.6,224.7246216051004,0.0,0.0,0.7580621685037506,0.025638098401597958,0.0,0.0,0.0,0.0,0.0013999186489061413,0.028612574754787852,0.9,0.31622776601683794,0.5464223980034605,0.09252954717869818,0.466,0.11001458938042354,0.6653333333333333,0.14469380185860173,0.762,0.17404554533756916,0.05485714285714285,0.13661804344931297,0.04307692307692308,0.09110325329724084,0.0430622009569378,0.09473200896279106,0.024360902255639097,0.054101911150120564,0.003404408385215792,0.0009181556256777629,0.017232307754061683,0.007965816243239277,0.9574591147579271,0.011973140812011887,0.9513333333333334,0.07691906922133511,448.3,20.028035905255962,10664.2,2390.7398111137986,0.9938984576081056,0.002138106422258403,0.8859999999999999,0.14261923752979555,24.5,5.739725119240855,4220.6,931.5520144122686,0.9348860004823536,0.017821502371109913,0.9513333333333334,0.07691906922133511,423.8,17.573970651063597,6443.6,1544.777164800441,0.9880799805482999,0.003984467088588159,5415.5,1205.3517006343925,0.9561793679717949,0.014531068182539287,3766.4,946.739105209737,0.8713422534959886,0.03313309881181825,1930.6,509.90940371795455,1.0,0.0,0.806683190556545,0.013605834655924036,1257.8970167546706,139.26847253585981,0.23066666666666666,0.17927701167071097,0.2602607925530845,0.08954921750587008,0.7693333333333333,0.17927701167071097
strong_drift,nominal,belief_horizon_no_efficiency,4.5,3.0276503540974917,115.2,23.910945889557222,0.768,0.15940630593038146,39.579075557799506,9.19674918891798,0.011774962688976761,0.0027526308508182213,3365.181277824956,115.24847581929961,5401.0,0.0,103.0,14.628738838327793,48.7,9.61538119658059,32.6,9.53589709116732,9.706498466624705,2.893862577661543,1585.3604370250914,329.52402266778176,0.471147094965798,0.09769201939888174,2423.5,504.6891782737833,0.44871320125902614,0.09344365455911562,0.33836461553677066,0.0793092118569893,0.0,0.0,1859.2,472.5530658031962,152.1,32.36064138905641,115.2,23.910945889557222,36.9,10.733643887846807,36.9,10.733643887846807,1139.5,255.96581803045498,567.6,208.90837970534145,0.0,0.0,0.7581835776814339,0.03737897480650437,0.0,0.0,0.0,0.0,0.01781820262998069,0.02537964912589109,0.9,0.31622776601683794,0.5216143162938588,0.08550247809810754,0.43728659692098637,0.10364874236832197,0.6753333333333333,0.1430203300751848,0.766,0.15749426797329627,0.04444444444444444,0.14054567378526128,0.014814814814814814,0.04684855792842043,0.02222222222222222,0.07027283689263064,0.0125,0.03952847075210474,0.0022661850888074982,0.0009815766606219546,0.011008971476731669,0.0017775835572785166,0.9586386188135604,0.011239641344532775,0.9326666666666666,0.1546465504159584,452.4,16.780941570722423,11062.4,2437.6757235804216,0.99413082681136,0.0027953278629567276,0.8939999999999999,0.17720602503482202,23.9,5.195083145522205,4412.5,967.4352404396088,0.9364392521555507,0.01646489024934443,0.9326666666666666,0.1546465504159584,428.5,17.386137517510257,6649.9,1491.0077464587503,0.9897908534784576,0.0029228601385786206,5669.9,1238.7592762294232,0.957757537108019,0.012023692974669561,3874.6,826.0063491819471,0.870639227290867,0.034467664953436866,1970.3,421.3773843005816,1.0,0.0,0.806683190556545,0.013605834655924036,1257.8970167546706,139.26847253585981,0.23200000000000004,0.15940630593038146,0.28506887426268623,0.08238340277149146,0.768,0.15940630593038146
strong_drift,nominal,belief_horizon_no_refinement,4.5,3.0276503540974917,123.1,17.634877059080647,0.8206666666666667,0.11756584706053763,42.63792394928635,7.338974845623666,0.012322276299701344,0.002211418149363081,3466.475257567335,95.0976439189948,5381.3,62.29686990531704,175.1,14.556022045111702,173.0,14.651507317223942,104.4,13.623509092741122,30.185790296718984,4.321652344372534,2463.2183567186335,161.39332864877767,0.7103659794083115,0.037614140185263205,3839.0,216.9111441222982,0.7134275707761011,0.03991776263808407,0.39684278900032316,0.06353013020951967,0.0,0.0,2053.0,300.06036429728965,168.0,24.064727530373393,123.1,17.634877059080647,44.9,8.45182426067493,44.9,8.45182426067493,1296.6,192.5652558946649,588.4,128.65820352131976,0.0,0.0,0.732905487198438,0.029338528690195084,0.0,0.0,0.0,0.0,0.026296936004291328,0.016591803348830526,1.0,0.0,0.5698599051838504,0.0781001567690363,0.4769399258859863,0.13230530820163608,0.7053333333333333,0.14137944740360298,0.8206666666666667,0.11756584706053763,0.0,0.0,0.0,0.0,0.0,0.0,0.0,0.0,0.0022276764847165907,0.00106670467171836,0.010506920481655937,0.00427104480391276,0.9593750199653686,0.008525263779077528,0.9646666666666667,0.08566659461014406,449.3,29.79205710699861,10915.8,1740.70986796894,0.993791948788132,0.002215547775717996,0.9406666666666667,0.09984926911705401,26.4,4.857983120596448,4411.9,709.1949191395361,0.9372725755329508,0.01249061675493447,0.9646666666666667,0.08566659461014406,422.9,27.343290869161233,6503.9,1103.5746412857125,0.9903201276257212,0.0025835510476310947,5801.2,916.7268828706714,0.9554457854062607,0.008680258166166438,3691.9,581.2099352978138,0.8693608481199074,0.03260159721018516,1872.0,384.6351806871314,1.0,0.0,0.806683190556545,0.013605834655924036,1257.8970167546706,139.26847253585981,0.17933333333333334,0.11756584706053765,0.2368232853726945,0.0682302139841705,0.8206666666666667,0.11756584706053763
strong_drift,nominal,belief_horizon_no_track_prediction,4.5,3.0276503540974917,111.3,16.938122682280937,0.742,0.11292081788187293,38.335286311460344,6.471283205277881,0.011598350276279274,0.0021979248935582976,3319.8535487449385,150.75545250429622,5401.0,0.0,196.6,24.71256990098584,155.7,11.245245909074443,99.3,10.583530181896355,29.96593541679381,3.451226736569444,2149.6063667191697,290.63713459749715,0.6456748225816947,0.06558896353914985,3354.4,330.86996438681666,0.6210701721903351,0.06126087102144359,0.3608498813234203,0.06492608102154708,0.0,0.0,1801.4,289.6462209892153,150.1,23.354514196046413,111.3,16.938122682280937,38.8,10.39016629104441,38.8,10.39016629104441,1139.3,142.716541126497,512.0,149.7286434409484,0.0,0.0,0.7428184685005385,0.04687987154450149,0.0,0.0,0.0,0.0,0.01745529115789488,0.028581024199315106,1.0,0.0,0.5026345833064763,0.08629527314788316,0.4353242828065641,0.12489736142859498,0.6439999999999999,0.15975907787341215,0.7006666666666667,0.142757672600879,0.004860778167066199,0.010646053638826177,0.04579831932773109,0.1348100147773488,0.007929009193054138,0.018572981156587426,0.004060340244550771,0.009540746086085058,0.006442189822114162,0.009264117248522226,0.022930423781358487,0.02807460062127719,0.9613945676376918,0.004405928178471938,0.976,0.0758946638440411,450.8,27.2184577896038,11343.8,1362.088576007041,0.9944162617957897,0.0011122042468591188,0.9606666666666666,0.08694826047713662,25.3,5.034326612809746,4522.0,537.5061756751163,0.9406914032843327,0.006754723198216653,0.976,0.0758946638440411,425.5,27.677708639906506,6821.8,860.6692228208879,0.9903997258990038,0.0014226818548847395,5912.6,682.1438753420474,0.9608807229151255,0.004311428621150154,3940.4,491.41048693192,0.8738636444787751,0.0163411006721315,1941.6,263.3806708507247,1.0,0.0,0.806683190556545,0.013605834655924036,1257.8970167546706,139.26847253585981,0.258,0.11292081788187291,0.30404860725006866,0.08548330634809434,0.742,0.11292081788187293
strong_drift,nominal,belief_orienteering,4.5,3.0276503540974917,122.5,26.986622200226872,0.8166666666666667,0.17991081466817915,42.40652017301984,10.29414242848713,0.014930657692720405,0.004400963601168666,2895.143683825772,256.7435285815847,5401.0,0.0,276.8,36.99489454265578,92.7,18.04962295697306,52.4,22.94534569120476,17.6713446441368,5.902168652190449,1291.6196894240209,595.9343169376956,0.43451862764892824,0.16165152607092337,1975.7,851.1434204775492,0.3658026291427513,0.15758996861276603,0.4502899824647765,0.13902409623545597,0.0,0.0,1875.9,425.5880767962269,164.2,36.08877941964787,122.5,26.986622200226872,41.7,11.8794874562088,41.7,11.8794874562088,1211.4,233.48718737152717,500.3,202.8502731901866,0.0,0.0,0.7467850802696747,0.04203195708924551,0.0,0.0,0.0,0.0,-0.0300406710397177,0.027810552268614768,1.0,0.4714045207910317,0.5593220664438079,0.11782000358360732,0.44225852894080386,0.08729528302548943,0.734,0.2257814960323748,0.808,0.19575242615528166,0.061764705882352944,0.1583568549274045,0.0225,0.04779876799899995,0.030810810810810812,0.0684708392192688,0.016825396825396823,0.03768295422406075,0.007942918003531722,0.011460138478985136,0.035208524470312745,0.035769992395608845,0.9599509192127066,0.012581522465201667,0.974,0.07100339063369776,465.4,24.074883177286655,11956.2,2881.9593951954903,0.9934821864328811,0.002645052246229715,0.9453333333333334,0.13202319287454808,28.6,6.88315173287483,4702.7,1071.7878158582612,0.9391561973354315,0.019130868629010474,0.974,0.07100339063369776,436.8,20.274779078122325,7253.5,1843.1414155668517,0.99006299253167,0.002769233395313545,5958.7,1225.8726642228746,0.9574992650406642,0.018228069977082362,4277.9,1193.7077112928441,0.8778879327160187,0.03905081078936325,2185.0,629.1177243657272,1.0,0.0,0.806683190556545,0.013605834655924036,1257.8970167546706,139.26847253585981,0.18333333333333332,0.17991081466817915,0.24736112411273722,0.1180116293168823,0.8166666666666667,0.17991081466817915
strong_drift,nominal,belief_orienteering_density_disabled,4.5,3.0276503540974917,124.5,24.29105916907609,0.8300000000000001,0.1619403944605073,43.4462197052967,9.530327048137156,0.015197106008459837,0.003649284352250165,2887.581580071588,229.0342104680158,5401.0,0.0,286.1,33.238030427007345,99.4,16.119001899069996,57.6,18.80425483766905,19.704550130458806,5.185778530220812,1293.1569166813038,537.3312105968695,0.43912663697566756,0.15197166473514453,1959.8,784.8431973613867,0.36285872986483986,0.14531442276641116,0.42933094166961805,0.11422135148595677,0.0,0.0,1848.1,452.5970614133503,165.5,32.60282877979217,124.5,24.29105916907609,41.0,10.284832413694343,41.0,10.284832413694343,1199.1,224.2708927465473,483.5,218.07503805392818,0.0,0.0,0.7533130908956683,0.03191820076997143,0.0,0.0,0.0,0.0,-0.017258027023976087,0.04259870761239635,0.9,0.31622776601683794,0.5796774181488824,0.09274009518312103,0.4522585289408038,0.08605140793570439,0.7346666666666667,0.18237933606146892,0.8286666666666667,0.1622998292294272,0.125,0.31732387941099616,0.007857142857142858,0.017317234805683982,0.01465201465201465,0.03258037622497273,0.0076315789473684215,0.01702974783960278,0.002952997054094071,0.002476360556500841,0.0187773438983706,0.013388887523680441,0.9602614562678667,0.012329060240540505,0.9613333333333334,0.08301717805280937,459.6,22.29698534680317,11772.9,2431.6366893285867,0.9939755533776088,0.0021429110768271253,0.9273333333333333,0.1469172942781914,26.5,5.797509043642029,4654.9,1016.8316204979291,0.9395009629306109,0.01806303654690439,0.9613333333333334,0.08301717805280937,433.1,18.579857671982076,7118.0,1488.4735656220287,0.9890799440476397,0.004166221917276204,5960.6,1233.9930847996407,0.9590489318115685,0.014894188319027711,4125.2,956.6899881013353,0.8804270119102313,0.03408937092267183,2146.7,495.89180047443585,1.0,0.0,0.806683190556545,0.013605834655924036,1257.8970167546706,139.26847253585981,0.16999999999999998,0.1619403944605073,0.22700577240766256,0.0892641871446045,0.8300000000000001,0.1619403944605073
strong_drift,nominal,belief_orienteering_depth1,4.5,3.0276503540974917,127.3,12.436952109652017,0.8486666666666667,0.0829130140643468,43.727385783733915,5.0334695208225515,0.014349206915173694,0.0017795201231805842,3051.6982579503824,117.28763539170535,5401.0,0.0,239.1,26.04888566607878,100.3,15.72012157148354,54.7,12.979042936809924,17.837202401217322,3.885746612865164,1441.1363289159458,222.44612750246694,0.4712297339864248,0.06509428916672054,2236.7,397.991080302059,0.41412701351601555,0.07368840590669488,0.4576543875953292,0.09382514957140814,0.0,0.0,2024.5,323.23787250602646,167.1,21.79933740073563,127.3,12.436952109652017,39.8,11.535452599125302,39.8,11.535452599125302,1237.8,152.64104588507277,619.6,204.78454802819252,0.0,0.0,0.765264647443469,0.03981773954229903,0.0,0.0,0.0,0.0,-0.019940773623920813,0.025984457176398832,1.0,0.0,0.5838831095426789,0.07288552044336237,0.4595161076672949,0.09730067098704105,0.7833333333333334,0.15229114416995032,0.8353333333333334,0.08652695291206612,0.004056497175141243,0.010692613435574507,0.025910931174089068,0.055812392013226804,0.006809474050853362,0.017575113541213633,0.0034880576836412796,0.009033680303285456,0.005885423825995074,0.00800468374137273,0.02564025314493143,0.028801748036492925,0.9632449293886622,0.006390208642701958,0.9893333333333333,0.023559748054575228,448.7,21.715585800679357,12025.8,1796.5996771679547,0.9950149380120721,0.001225910061808293,0.9693333333333334,0.043682355112197736,23.8,5.846176338238334,4798.0,650.1058033547736,0.9430157774684396,0.010932959237634748,0.9893333333333333,0.023559748054575228,424.9,18.40561508525771,7227.8,1180.7086196197795,0.9910757934768796,0.0010118765704291344,6186.2,799.2689437507531,0.9615933013216514,0.009696340215918465,4193.3,670.4212688882847,0.8818863647085896,0.026667272216802262,2095.0,407.30059879378746,1.0,0.0,0.806683190556545,0.013605834655924036,1257.8970167546706,139.26847253585981,0.15133333333333332,0.08291301406434679,0.22280008101386609,0.07397243463337914,0.8486666666666667,0.0829130140643468
strong_drift,nominal,belief_orienteering_no_opportunity_cost,4.5,3.0276503540974917,126.2,22.01413687206978,0.8413333333333334,0.14676091248046516,43.66058620810525,8.592248117494988,0.01552817964944092,0.003548338623007142,2839.0106714882977,238.44683817522167,5401.0,0.0,282.3,39.614952283758264,88.1,15.81455026233753,46.4,17.939404176901256,16.059780167706343,4.639929242740218,1172.4250057485508,549.3502750191407,0.4024681658109901,0.15464750163116203,1808.3,774.9927669913371,0.3348083688205888,0.14349060673788872,0.4827805220411657,0.11665988338840906,0.0,0.0,1930.7,427.52623051431334,166.0,29.476921292578854,126.2,22.01413687206978,39.8,9.02835040918944,39.8,9.02835040918944,1217.5,199.46442177881133,547.2,230.77011167923035,0.0,0.0,0.7613253917871325,0.02770265276928505,0.0,0.0,0.0,0.0,-0.02908692044845319,0.030979504975308988,1.0,0.4714045207910317,0.5661653097795332,0.10896115509176135,0.44159186227413716,0.10058402328717432,0.744,0.20856239259496973,0.8053333333333332,0.18167397199039115,0.0,0.0,0.0,0.0,0.0,0.0,0.0,0.0,0.006614854000722312,0.012940848557898836,0.03220479412431694,0.04035022526544186,0.9622715241980266,0.0116688678989599,0.9766666666666666,0.07147476460477951,451.6,22.40138884583325,12231.9,2675.44776937743,0.9939230023464237,0.001931639285231636,0.9486666666666667,0.13248060654718904,27.8,4.315347288715269,4817.4,1002.7716257121226,0.9426472882109443,0.017530987902337047,0.9766666666666666,0.07147476460477951,423.8,19.954392443213543,7414.5,1716.4177974944082,0.9901145316080371,0.002720137512361089,6110.1,1161.5854538804567,0.9606402467988385,0.014973362372730002,4382.5,1133.4032576468292,0.8847056161115624,0.03420807045358632,2190.9,599.9526740594721,1.0,0.0,0.806683190556545,0.013605834655924036,1257.8970167546706,139.26847253585981,0.15866666666666668,0.1467609124804652,0.2405178807770118,0.10618232988446172,0.8413333333333334,0.14676091248046516
strong_drift,nominal,confirmed_route,4.5,3.0276503540974917,138.5,6.8027772106528515,0.9233333333333335,0.04535184807101899,48.241740463309796,3.3394836897243088,0.013400100617248566,0.0009275719230191345,3600.102112219298,0.07688780180413995,4445.5,129.37649623396734,155.6,14.206414826486727,153.5,14.089002803605371,73.8,14.920530225907598,20.49940047962072,4.144401723259253,2166.5389989694713,226.5675460017257,0.601799784940467,0.0629390400023045,2672.6,277.6141206783257,0.6008574114702961,0.05558638396257038,0.5225955777252147,0.06463542548261132,62.5,16.153774928617906,2687.4,255.91196402929916,185.4,12.553883861180172,138.5,6.8027772106528515,46.9,8.608135686662937,46.9,8.608135686662937,1676.1,125.66396990917218,825.9,169.5664078367725,0.0,0.0,0.7483431127457536,0.03229918028012762,0.0,0.0,0.0,0.0,-0.046276391548024876,0.012985544651234483,1.0,0.0,0.5325668227299897,0.06044418452251741,0.25570582010145515,0.14867295420376359,0.7193333333333334,0.08400176364991564,0.8640000000000001,0.10395630611101435,0.05,0.15811388300841897,0.0125,0.03952847075210474,0.02,0.06324555320336758,0.01111111111111111,0.03513641844631532,0.005875776884642405,0.005100474234475812,0.04525306211110746,0.01824513915822322,0.9702656045010043,0.003211368997357522,0.9966666666666667,0.010540925533894584,367.1,21.010314927038426,12072.7,1148.8777180845275,0.9957538499924998,0.000907464209525674,0.9873333333333333,0.03317741311104197,20.7,4.295992965026311,4872.3,333.8353053694458,0.9535799584003042,0.005708485355401234,0.9966666666666667,0.010540925533894584,346.4,17.26396375240762,7200.4,847.1417564702826,0.993002847707509,0.0016225613499302736,6411.5,525.8582931212976,0.9679826509176619,0.005003429528374361,4055.3,449.75723081087494,0.9000459346357846,0.011754914087360126,1973.0,302.06474655462716,1.0,0.0,0.806683190556545,0.013605834655924036,1257.8970167546706,139.26847253585981,0.07666666666666666,0.045351848071018996,0.27411636782655535,0.052153951512419486,0.9233333333333335,0.04535184807101899
strong_drift,nominal,greedy,4.5,3.0276503540974917,23.0,8.379870059984357,0.15333333333333335,0.055865800399895714,8.087708709891611,3.2296963411294404,0.0022529353151098954,0.0009070562519524568,3593.583470009196,20.67841294448857,5045.3,283.5995024286496,180.0,31.19472889946491,179.0,31.19472889946491,158.4,29.646809833999566,44.10074337124651,8.395216905570274,3423.7495484099177,88.61546601801706,0.9527349662202322,0.023794488930253335,4785.2,289.47108855827224,0.9484814480699741,0.023702009606412444,0.11610639344468761,0.04409426727442232,0.0,0.0,552.0,200.8216455796868,31.6,12.011105971835677,23.0,8.379870059984357,8.6,4.971027168615266,8.6,4.971027168615266,404.9,142.6358611601195,115.5,58.53631351562891,0.0,0.0,0.7511970577082779,0.10531850155457687,0.0,0.0,0.0,0.0,0.044237815579275266,0.02570147545086515,0.0,0.0,0.10921131301946234,0.04940977006517116,0.09,0.06807766080906841,0.14066666666666666,0.06838164507172996,0.15133333333333335,0.054164814783158155,0.027659574468085108,0.08746725443018921,0.01884057971014493,0.059579144322012945,0.02241379310344828,0.07087863721067059,0.01262135922330097,0.03991224231280479,0.007131164350378655,0.000596432174966789,0.019373148027137417,0.0035356391803512306,0.9093437242439905,0.0476178469484398,0.8613333333333333,0.17158088471621769,419.4,28.2142595941209,5060.7,2005.2578692582713,0.98534409098749,0.008510092397960826,0.784,0.2153882512242302,24.0,4.898979485566356,1907.5,673.7749789226535,0.8664398796265947,0.07085237841670478,0.8613333333333333,0.17158088471621769,395.4,28.281128376042957,3153.2,1384.6764403442578,0.9745884248646194,0.013665831865810494,2518.0,874.3571606868926,0.8962744344570528,0.06480918758761323,1806.1,740.264885024273,0.7743830045225023,0.11498789078334157,1156.0,509.0876370746222,1.0,0.0,0.806683190556545,0.013605834655924036,1257.8970167546706,139.26847253585981,0.8466666666666667,0.05586580039989569,0.6974718775370826,0.04956495411845837,0.15333333333333335,0.055865800399895714
strong_drift,nominal,lawnmower_collect,4.5,3.0276503540974917,0.6,0.8432740427115678,0.004,0.005621826951410452,0.20582433757786092,0.306382083360878,6.442681240109655e-05,9.59032407928013e-05,3194.7000000012067,0.0,5401.0,0.0,34.0,0.0,33.0,0.0,32.4,0.8432740427115677,10.141797351860195,0.2639603226316237,2983.2600000011507,157.4498682120659,0.9338153817259913,0.04928471161987243,5044.1,265.44698152361804,0.933919644510276,0.0491477469956708,0.01818181818181818,0.025553758870047513,0.0,0.0,13.8,14.43606594609487,0.8,1.0327955589886446,0.6,0.8432740427115678,0.2,0.4216370213557839,0.2,0.4216370213557839,13.0,13.670731102939918,0.0,0.0,0.0,0.0,0.36666666666666664,0.48304589153964794,0.0,0.0,0.0,0.0,0.0001623411773018394,0.018156115030011338,0.0,0.0,0.0037187777777777805,0.005187203569133079,0.004,0.005621826951410452,0.004,0.005621826951410452,0.004,0.005621826951410452,0.0,0.0,0.0,0.0,0.0,0.0,0.0,0.0,0.0075424221649345105,0.0006631441078009855,0.023074152506879792,0.0018911198119068214,0.9156257614379377,0.039091375597498944,0.6253333333333334,0.12231511621349582,449.4,18.42823919966311,5530.1,1723.6729807142779,0.9747328744597379,0.01645088354757589,0.37666666666666665,0.11009535709702287,27.4,5.4812812776251905,1312.2,491.7864938726516,0.8998624622585529,0.041897324495286895,0.6253333333333334,0.12231511621349582,422.0,21.623032986969143,4217.9,1239.0979200836211,0.952524038663625,0.027041333036484805,1436.6,537.4392368755126,0.9305118096072629,0.03457130952871421,2568.7,771.7416162306023,0.8726307557147625,0.04472666072963226,1974.2,437.05041661880006,1.0,0.0,0.806683190556545,0.013605834655924036,1257.8970167546706,139.26847253585981,0.9960000000000001,0.005621826951410452,0.8029644127787673,0.013336830020406611,0.004,0.005621826951410452
strong_drift,nominal,oracle_current_physics,4.5,3.0276503540974917,150.0,0.0,1.0,0.0,52.116721580829164,1.5914470104629561,0.04185139783270893,0.004497588948176198,1257.8970167546706,139.26847253585981,2067.4,187.98534221818701,165.8,4.077035960378843,163.4,3.9496835316263,19.8,3.2249030993194197,15.973675189002623,3.5115141883765917,93.939500535291,73.3526854342625,0.07463406682303922,0.05366927130736929,217.0,76.2568758284203,0.10527091517106305,0.03508078734884443,0.8791466873894116,0.01710882242620235,0.0,0.0,1973.6,116.60588893076255,200.3,8.551153268549351,150.0,0.0,50.3,8.55115326854935,50.3,8.55115326854935,1403.4,58.37465203322415,369.9,99.63204526880116,0.0,0.0,0.750111700361336,0.0321780063956863,0.0,0.0,0.0,0.0,-0.06576385470992212,0.016202638400605453,1.1,0.31622776601683794,0.806683190556545,0.013605834655924036,0.7226666666666667,0.13910472118799608,0.9933333333333334,0.0,0.9933333333333334,0.0,0.0,0.0,0.0,0.0,0.0,0.0,0.0,0.0,0.022426730988244836,0.005287682103066388,0.10044572255647385,0.013460164178803167,0.9744954715974089,0.0020213862673127535,1.0,0.0,168.1,14.745620818851046,6427.5,371.44739421170624,0.9965645544724078,0.0012727573529396,0.9993333333333332,0.0021081851067789505,8.6,2.913569784454954,2517.4,167.77776306107364,0.9607698315058995,0.0026803700621585956,1.0,0.0,159.5,13.302046626156612,3910.1,264.6021961780027,0.9937158219640061,0.0007610380014155507,3451.1,235.8504469644553,0.9714920783727777,0.004487226945405165,2108.7,158.24597590109167,0.9155715893549639,0.008966934260254723,1035.8,155.07044993951763,1.0,0.0,0.806683190556545,0.013605834655924036,1257.8970167546706,139.26847253585981,0.0,0.0,0.0,0.0,1.0,0.0
weak_drift,nominal,belief_horizon,4.5,3.0276503540974917,93.4,23.45302633871468,0.6226666666666667,0.15635350892476454,32.921100801540355,8.179552267904775,0.011651746129515219,0.0031951312758589606,2841.141693084374,149.77594536206416,5401.0,0.0,261.1,24.26451455658379,121.1,8.2791572303251,73.1,12.296792716440786,25.73834141583107,4.189454793349411,1026.4803750550432,311.51476884435317,0.35877919385233187,0.09950976706046048,1817.7,452.4690412982234,0.33654878726161824,0.08377504930535516,0.3979612133529874,0.08673717957029325,0.0,0.0,1211.9,344.4942992593959,124.3,32.88380215918537,93.4,23.45302633871468,30.9,10.58772874605314,30.9,10.58772874605314,939.4,239.54503172101525,148.2,89.62861646198098,0.0,0.0,0.7557259315211553,0.03951338876265171,0.0,0.0,0.0,0.0,-0.05830652827208682,0.03679688705706536,0.8,0.4216370213557839,0.3731024366196606,0.09737646685899483,0.1901663378338539,0.1233445336456123,0.492408278504442,0.15111941170863172,0.6226666666666667,0.15635350892476454,0.038945961159583445,0.10475634709319921,0.05204081632653061,0.13688865202887687,0.013895583807088233,0.03078845615776406,0.007221181308983369,0.016112213682425415,0.012042292967855632,0.00734432404672685,0.044728955862819345,0.026800830905279984,0.9612220536202496,0.010134688019206169,0.8733333333333333,0.16990919869880247,449.1,28.061242547922454,11750.3,2816.0403268103646,0.993201707349059,0.0030136392751930266,0.834,0.19862365927726575,26.7,7.846442930823283,4147.9,1078.6916406256032,0.9447127056406723,0.01378931911613592,0.8733333333333333,0.16990919869880247,422.4,24.286255829629688,7602.4,1796.1446489634402,0.9887322628347871,0.003358754508573214,5384.6,1312.6729473355756,0.9630691098773004,0.00888652808452339,4451.0,1059.1606739930128,0.8943255676191534,0.02852357078485659,2363.8,595.2293302211808,1.0,0.0,0.7797147450087689,0.021458330884995234,1643.968633301415,135.56074362175895,0.37733333333333335,0.15635350892476452,0.40661230838910833,0.09650053055520605,0.6226666666666667,0.15635350892476454
weak_drift,nominal,belief_horizon_no_efficiency,4.5,3.0276503540974917,98.2,14.566323413194482,0.6546666666666667,0.09710882275462988,34.066450450647196,5.237279754956161,0.01076699699070072,0.0014942201791834403,3159.694706389445,103.08343844463288,5401.0,0.0,107.5,13.802173741842262,49.9,9.893319856235204,24.7,9.141480551128831,7.871891525332583,3.0835438635150796,681.6952804042005,240.99239969468903,0.2154261286302943,0.0749822305187102,1145.6,412.08230030204186,0.21210886872801335,0.07629740794335159,0.5152382376380977,0.09475985040347626,0.0,0.0,1327.5,255.63222279934377,130.4,18.957261874484345,98.2,14.566323413194482,32.2,5.0946595132114165,32.2,5.0946595132114165,957.2,155.6390410890247,239.9,118.52093110970362,0.0,0.0,0.7529165454074873,0.018480123051866998,0.0,0.0,0.0,0.0,-0.06131479682845793,0.024100197533910756,1.0,0.0,0.3276735209814929,0.06475526066972433,0.12,0.07423685817106697,0.35933333333333334,0.15579188397060711,0.636,0.08404584286985113,0.01648215345603832,0.021334987772879,0.11705342902711324,0.16503996570804136,0.02718889740534276,0.03601780449451012,0.014092342381706072,0.01890193302849453,0.018410650856939985,0.012426945077312542,0.0637895945990639,0.03623801121649101,0.9683354225761486,0.006938473484757195,0.9046666666666667,0.11568582400857594,453.8,25.297342855635176,14449.7,3008.9418978179765,0.9943929523940573,0.001107513326142267,0.8346666666666666,0.1389128868156471,27.5,3.865804501581068,5020.5,1046.770722003842,0.9548844890704972,0.010398871278129907,0.9046666666666667,0.11568582400857594,426.3,25.60837536605727,9429.2,2034.4618616889002,0.9903127285083763,0.001622066019207698,6332.0,1338.6178609961012,0.9696700129996441,0.006646334177990349,5547.7,1163.560154583051,0.9177089660889062,0.0254858444843761,3023.8,752.3732525223841,1.0,0.0,0.7797147450087689,0.021458330884995234,1643.968633301415,135.56074362175895,0.3453333333333333,0.09710882275462986,0.4520412240272761,0.05781006256544191,0.6546666666666667,0.09710882275462988
weak_drift,nominal,belief_horizon_no_refinement,4.5,3.0276503540974917,91.6,24.033310217279684,0.6106666666666667,0.16022206811519793,32.04886818077985,8.06480431650972,0.010258432844057896,0.0027925792780197954,3144.2149980523113,138.38744626641144,5401.0,0.0,183.0,12.657891697365015,181.1,12.792793110011415,119.6,13.326664999166143,38.12054765066357,4.715049435451687,2137.0660504061207,390.1133254514576,0.6781369098277861,0.10792197525194028,3717.2,506.6332883742332,0.6882429179781522,0.09380360828998947,0.3388810185075895,0.06572616201230316,0.0,0.0,1267.1,391.48277952761435,122.1,35.003015743091495,91.6,24.033310217279684,30.5,12.011568497818168,30.5,12.011568497818168,946.2,263.2019925625353,198.8,112.7374531082432,0.0,0.0,0.7551709945829513,0.04273920207400569,0.0,0.0,0.0,0.0,-0.052369597522771386,0.0368664341929222,0.7,0.48304589153964794,0.3358583796237176,0.05054401895443354,0.16879597013226752,0.11350748864794309,0.386,0.1326817411871145,0.594,0.16553542010289513,0.12377692636539957,0.31195603528567567,0.08779261517834092,0.14759665930105229,0.03947744146202171,0.07480478637100633,0.02158019808274477,0.042069978871624523,0.014159672364837787,0.00995367713730769,0.050542772095054825,0.03616231864631474,0.9610599302024193,0.008922732836829496,0.9199999999999999,0.1295004647496308,465.5,22.59424705539001,11952.7,2315.2892331916833,0.9934664085201292,0.0015151379982763487,0.8779999999999999,0.1563803530332849,27.0,3.5590260840104375,4260.8,850.5721995613699,0.9439320298822267,0.012868439473975589,0.9193333333333333,0.12905927435212203,438.5,23.964093510453882,7691.9,1563.1073361879035,0.988813736687805,0.0038467668939696628,5662.4,1071.47045378458,0.9617105423825102,0.008165701557943047,4437.0,849.7717340556815,0.888990866074846,0.03324197333509063,2318.8,546.1560216641394,1.0,0.0,0.7797147450087689,0.021458330884995234,1643.968633301415,135.56074362175895,0.38933333333333336,0.1602220681151979,0.44385636538505135,0.0494753622094252,0.6106666666666667,0.16022206811519793
weak_drift,nominal,belief_horizon_no_track_prediction,4.5,3.0276503540974917,92.2,22.807406204515626,0.6146666666666667,0.15204937469677085,31.851576354765154,8.101341642229096,0.010604321134498947,0.002598593667930805,3002.324765273629,116.22234997617959,5401.0,0.0,227.4,15.847888047167531,162.5,16.29757991577618,103.6,15.529183995160713,34.60694723004776,5.622333111009047,1686.7446822231245,214.2151208950194,0.561225298468259,0.06431707196209024,2950.9,255.1067096987716,0.5463617848546566,0.04723323638192402,0.3616529966818457,0.0784041657887996,0.0,0.0,1134.2,340.87430071639153,117.9,29.587722679066285,92.2,22.807406204515626,25.7,8.8700494800073,25.7,8.8700494800073,879.1,215.98068329263975,137.2,98.45901572622884,0.0,0.0,0.7826945500668921,0.036738582709557946,0.0,0.0,0.0,0.0,-0.041314827533753394,0.04443613294193334,0.7,0.48304589153964794,0.36087446117648936,0.0774266212079522,0.14666666666666667,0.0746349138833185,0.508,0.13376965645337632,0.6106666666666667,0.1444341876700293,0.004819277108433735,0.010159928225440576,0.026666666666666665,0.05621826951410452,0.00816326530612245,0.017209674341052406,0.004166666666666667,0.00878410461157883,0.00826787545746625,0.004400608220742101,0.03093946058143012,0.02100598040170922,0.9618260984328654,0.0070815498242210555,0.9046666666666667,0.13713289940333584,449.9,18.964586880698338,11695.3,2227.00571520496,0.9941723526756328,0.0016858742577269463,0.8293333333333333,0.15176980620029157,23.1,3.6953424138441564,4082.8,675.156739003783,0.9449599389054182,0.011310367078807925,0.9046666666666667,0.13713289940333584,426.8,20.772845522727756,7612.5,1601.214833944666,0.9893247418018447,0.00306426083207431,5379.8,911.3509873930143,0.9632163920930168,0.007958714375352349,4367.5,819.7054010096825,0.894229709000521,0.02638800185569573,2397.9,629.3491258611728,1.0,0.0,0.7797147450087689,0.021458330884995234,1643.968633301415,135.56074362175895,0.38533333333333336,0.15204937469677085,0.4188402838322796,0.06821531532526869,0.6146666666666667,0.15204937469677085
weak_drift,nominal,belief_orienteering,4.5,3.0276503540974917,92.3,22.954302428956538,0.6153333333333333,0.15302868285971025,32.19827580103,7.5743957669187685,0.01072669652573352,0.002869376246659009,3037.5737447074066,206.43023303401927,5401.0,0.0,214.6,27.39505227023465,111.8,7.969385867876589,65.3,9.189970378382924,21.484798136656817,2.5449491383884113,1292.033108542661,453.12416034613113,0.4190176370701968,0.12374151946501673,2157.0,571.7773459427484,0.39937048694686167,0.10586508904698173,0.41449830630521467,0.08640402511463713,0.0,0.0,1266.3,392.0694524641719,123.8,35.398681708033514,92.3,22.954302428956538,31.5,13.167721476735787,31.5,13.167721476735787,916.1,261.9675340359734,226.4,144.25070768168405,0.0,0.0,0.7573361784404052,0.05563546174330049,0.0,0.0,0.0,0.0,-0.04118069115797484,0.03893522359886034,0.7,0.48304589153964794,0.3410726116517256,0.0659469001429842,0.1580024241035404,0.10067320862884332,0.4314507023012146,0.11738902667136134,0.6093333333333334,0.15196490822993752,0.02415847410274397,0.03222408095576431,0.1094419711757817,0.12951209504989664,0.03460660019488308,0.0405306006960784,0.018003180923884206,0.021294856373010904,0.012985783047478189,0.009367154986533278,0.044077570336766875,0.03270915486075684,0.9622058818264383,0.008888097913295694,0.8733333333333333,0.15754286110903204,448.1,17.316979464611535,12007.3,2909.988585315528,0.9941307301565898,0.0013535802518467093,0.8253333333333334,0.1766016651907568,23.7,4.547282460742655,4174.8,1023.9042706989535,0.9461083504310656,0.01209560970496943,0.8733333333333333,0.15754286110903204,424.4,16.866798418457748,7832.5,1930.276793623132,0.990201017975853,0.002332765366492007,5490.6,1233.6606052269358,0.962776912106001,0.009107091297830328,4479.7,1117.0783370521117,0.8977095899018387,0.024905836884278113,2485.1,705.8299212825834,1.0,0.0,0.7797147450087689,0.021458330884995234,1643.968633301415,135.56074362175895,0.38466666666666666,0.15302868285971025,0.4386421333570435,0.0654296372467216,0.6153333333333333,0.15302868285971025
weak_drift,nominal,belief_orienteering_density_disabled,4.5,3.0276503540974917,92.7,28.04777669937098,0.618,0.18698517799580658,32.253319613364326,9.186865780972836,0.011076041507453331,0.0035444941756045435,2952.6330311496295,169.2252433395493,5401.0,0.0,236.1,17.779201331893393,123.1,15.430489298787645,72.9,12.582615873586152,24.71887909601452,4.180522715322595,1210.9831773696096,493.4755704001661,0.40444647505141285,0.14440006261024732,2048.4,605.056507921184,0.37926309942603226,0.1120267557713727,0.40605080418326417,0.08853691591019502,0.0,0.0,1224.5,434.18000619302796,123.5,39.34533715137736,92.7,28.04777669937098,30.8,13.750151514316732,30.8,13.750151514316732,929.5,288.53855894836653,171.5,115.32972055998594,0.0,0.0,0.7600417386423064,0.06823044654247899,0.0,0.0,0.0,0.0,-0.057965442360901474,0.033425747757498674,0.7,0.48304589153964794,0.34460864146677894,0.0723776858370349,0.16,0.08479459568150628,0.42000000000000004,0.1246823123476048,0.618,0.18698517799580658,0.009689403250184931,0.014077873666230731,0.10346320346320348,0.13999480059166497,0.017410315987634192,0.02490060179622649,0.00892650716189967,0.012819414901306,0.017747733968323357,0.011732744167204575,0.059723433732576624,0.0426759480477193,0.9647753912806781,0.009117285332695155,0.9219999999999999,0.1442922274884557,449.7,19.81049104781493,13012.1,3124.3810213651386,0.994655608896189,0.0014421024542234301,0.8686666666666667,0.1743290488815637,23.4,4.765617600176405,4590.4,1183.1587852486712,0.9493016014940039,0.012414039963954642,0.9219999999999999,0.1442922274884557,426.3,19.00906216635751,8421.7,2058.6734698721784,0.9905273688609055,0.002366797591009358,5960.7,1463.2662133429826,0.9676940546514213,0.0086668822928183,4932.9,1232.0190700183537,0.8971379962402819,0.030319028519129966,2568.2,719.7425156879985,1.0,0.0,0.7797147450087689,0.021458330884995234,1643.968633301415,135.56074362175895,0.382,0.18698517799580655,0.43510610354199003,0.07971280150954031,0.618,0.18698517799580658
weak_drift,nominal,belief_orienteering_depth1,4.5,3.0276503540974917,80.5,23.717082451262844,0.5366666666666667,0.15811388300841897,28.18268859302757,7.873195857756755,0.009143278683883376,0.0024930377216154462,3084.7662050407916,154.3882933601114,5401.0,0.0,185.7,22.055737474760516,98.8,8.79140994885854,58.0,8.082903768654761,18.89058895522168,3.109282938276929,1299.1149124816307,320.70365162433757,0.42010491359107016,0.09391906629024084,2196.3,453.03717041516325,0.4066469172375486,0.08388023892152627,0.41270851218952426,0.0675750574091251,0.0,0.0,1128.3,339.0594998587187,109.2,30.65507027121832,80.5,23.717082451262844,28.7,8.179242018671411,28.7,8.179242018671411,841.4,234.11212888034845,177.7,111.39823457607696,0.0,0.0,0.7348844104839313,0.040017533627156945,0.0,0.0,0.0,0.0,-0.055971121210421006,0.037883703767978553,0.7,0.48304589153964794,0.293184480779074,0.0848621292121186,0.128,0.07728734264634368,0.32599999999999996,0.15933348829994015,0.5273333333333333,0.15086417732516888,0.018675222541207577,0.03453257456130689,0.049260501461528605,0.0884414279717513,0.02379147164653405,0.04661809528392182,0.012572506834206063,0.02513594865730929,0.012093521982064905,0.009545947716902585,0.04386988353845406,0.03174238665144665,0.9639456917839541,0.0067655861620935735,0.914,0.112850824728822,462.7,21.47893024441498,12777.5,2469.149167448397,0.9940977735239687,0.001406778252554063,0.8353333333333334,0.17230607277762844,25.0,3.265986323710904,4368.4,879.6567765011786,0.9489882982361886,0.009564844422028118,0.914,0.112850824728822,437.7,23.012315543349104,8409.1,1631.634248911876,0.9896994577074505,0.002241674182330449,5702.8,1133.495753067572,0.9650089907453033,0.007039851043087764,4846.3,873.0187792303718,0.9055508405078188,0.023254795480900373,2691.1,632.3412317201318,1.0,0.0,0.7797147450087689,0.021458330884995234,1643.968633301415,135.56074362175895,0.4633333333333334,0.15811388300841897,0.486530264229695,0.07967131444869797,0.5366666666666667,0.15811388300841897
weak_drift,nominal,belief_orienteering_no_opportunity_cost,4.5,3.0276503540974917,90.5,19.523490125145827,0.6033333333333333,0.13015660083430552,31.567287186518485,6.855581688100235,0.010451076858408537,0.002328090281332076,3026.8392401027163,104.58679373900009,5401.0,0.0,216.2,16.226179121681383,112.9,8.345990387938125,66.9,9.122012448528622,22.086748425665107,2.8316863936498033,1217.2284874153695,385.4369521492989,0.39923644028927086,0.1155673463585843,2078.7,546.8026355296965,0.38487317163488244,0.10124099898716842,0.407027021118063,0.07475397985479712,0.0,0.0,1179.3,316.8518931965252,120.8,28.735576091899272,90.5,19.523490125145827,30.3,9.730250653389035,30.3,9.730250653389035,890.2,199.78866612275857,168.3,106.61774919986092,0.0,0.0,0.7537828242939556,0.03256502825187353,0.0,0.0,0.0,0.0,-0.04717623447420145,0.03097200262975082,0.9,0.5676462121975467,0.33948648541915116,0.07932429448641412,0.15666666666666668,0.10513953104163211,0.43066666666666664,0.15163959872419397,0.6033333333333333,0.13015660083430552,0.03931031982471903,0.06084957057269913,0.061530965013041575,0.07935993281541544,0.04081576296146492,0.06089540941871769,0.021749916495929195,0.032781882665732266,0.013639654043965494,0.008930640787065514,0.045101805092223446,0.03035157188340855,0.962536361535434,0.005998327165547873,0.8786666666666667,0.1268731260884542,466.1,26.168046672739386,12212.8,1754.8077324247743,0.9938988597518035,0.0014104473647167618,0.798,0.1274265704796199,25.6,3.5023801430836525,4291.5,733.9175324547335,0.9464233537547235,0.007881070295660698,0.8786666666666667,0.1268731260884542,440.5,26.596783431251396,7921.3,1146.6794621379108,0.9892884799665349,0.0027726241745285995,5565.0,990.7439404586613,0.9623669861641376,0.006154187110512295,4617.9,579.3054174325201,0.9015437259373673,0.01864733528291605,2496.0,550.1991558618671,1.0,0.0,0.7797147450087689,0.021458330884995234,1643.968633301415,135.56074362175895,0.39666666666666667,0.1301566008343055,0.4402282595896178,0.07333291072844998,0.6033333333333333,0.13015660083430552
weak_drift,nominal,confirmed_route,4.5,3.0276503540974917,91.5,22.52529442402228,0.61,0.1501686294934818,31.50595955631046,8.557209856008313,0.008751352496624638,0.0023769103308365637,3600.1220616498185,0.07677966457426587,4932.8,192.93971424601347,195.0,26.981475126464087,193.2,26.62830574157257,129.1,20.04134615128324,35.85985776836831,5.566581722016078,2550.065157007782,219.32794399895667,0.7083277026043393,0.06092632608745013,3576.4,246.71269840759223,0.7254809585979745,0.04984022897371119,0.331239543269689,0.051808637049177764,124.3,21.6694869959274,1652.2,459.9451174989371,123.0,31.67894498804459,91.5,22.52529442402228,31.5,10.222524150130436,31.5,10.222524150130436,1187.8,246.48768281149015,341.4,202.4319913232864,0.0,0.0,0.7464772215504201,0.03425551065344107,0.0,0.0,0.0,0.0,-0.06971593429839892,0.012524364054715189,0.7,0.48304589153964794,0.22574397110140404,0.08180241696317382,0.058666666666666666,0.037423172328926016,0.20800000000000002,0.13483597717501342,0.4793333333333333,0.11108666397718606,0.04127586764594558,0.027954187696788427,0.30060505207757,0.1756511560078709,0.0697057887667915,0.044050870766464,0.036601211288308406,0.023850322681530676,0.027006181883824514,0.008778652242001115,0.0936058827950351,0.024817322910059038,0.971612046225958,0.004818548768449436,0.9720000000000001,0.06423721470523469,421.5,18.24676531455492,14854.2,2876.512000477121,0.9950883935364182,0.000985232706382524,0.9246666666666666,0.07730331473575891,24.6,4.695151163109069,5069.7,919.2057018003218,0.9597726375771553,0.007170474391409133,0.9720000000000001,0.06423721470523469,396.9,16.346593257040176,9784.5,2006.2809845305542,0.9919237607305534,0.0018118220320281163,6718.5,1185.113332602039,0.9725647278822078,0.005083044902588045,5615.9,1164.4064248458192,0.9222649079193056,0.015247688289212127,2941.3,679.5519847664342,1.0,0.0,0.7797147450087689,0.021458330884995234,1643.968633301415,135.56074362175895,0.39,0.1501686294934818,0.553970773907365,0.07262319789450031,0.61,0.1501686294934818
weak_drift,nominal,greedy,4.5,3.0276503540974917,32.2,13.214470183182609,0.21466666666666664,0.08809646788788406,10.725486137577587,4.420576531150087,0.0030503576724702987,0.0012944799920730022,3538.633200104194,99.33546081313635,5204.7,232.54583777540867,197.9,37.43572269014361,196.9,37.43572269014361,166.5,27.693761832666297,47.2424596087283,8.991349728935356,3211.5915687092747,199.21616031080453,0.9071594197961417,0.04087783423474,4724.8,155.58834575035928,0.9088480624689186,0.03736540519734398,0.148617788203384,0.05725103795977112,0.0,0.0,498.5,221.8539309245312,42.5,18.319691894546455,32.2,13.214470183182609,10.3,5.5387523665332585,10.3,5.5387523665332585,407.7,176.04611138373187,48.3,38.29722937469208,0.0,0.0,0.6896565795456373,0.24714711876028428,0.0,0.0,0.0,0.0,-0.01929784331501574,0.02722449868112775,0.0,0.0,0.12854888659464905,0.05618591748658873,0.088,0.05368403215707605,0.14466666666666667,0.07384000053502401,0.21200000000000002,0.0883204043647927,0.0,0.0,0.0,0.0,0.0,0.0,0.0,0.0,0.007481140974213841,0.001185642520789221,0.021593924845865968,0.00693812545857049,0.8527684016023314,0.28118920747986664,0.746,0.29798417391068704,440.6,28.10772926517623,7207.3,3650.02481117899,0.8904498104633882,0.3128821859193033,0.6900000000000001,0.29530064194952654,25.4,6.131883886702357,2275.1,1010.6195514523641,0.8322804003150633,0.27458667769100725,0.7453333333333333,0.2978905259186649,415.2,25.05460702811628,4932.2,2671.0925272047184,0.8838377019380641,0.3105919186488647,3031.0,1312.5320736821805,0.8472746988331336,0.29879710191058617,2802.3,1419.906886618509,0.7820292346433113,0.2504765222044036,1814.6,1021.1407781931388,1.0,0.0,0.7797147450087689,0.021458330884995234,1643.968633301415,135.56074362175895,0.7853333333333333,0.08809646788788408,0.65116585841412,0.06633440400658926,0.21466666666666664,0.08809646788788406
weak_drift,nominal,lawnmower_collect,4.5,3.0276503540974917,3.9,3.6347092196090616,0.026000000000000002,0.024231394797393745,1.5342791470522827,1.3313716250389822,0.0004802576602033691,0.00041674386485068376,3194.7000000012067,0.0,5401.0,0.0,34.0,0.0,33.0,0.0,29.9,2.6436506745197805,9.359251259895673,0.8275114015459297,2533.68000000099,483.1695654737831,0.793088552915777,0.1512409820870819,4288.9,812.3851645343825,0.7940936863543788,0.1504138427206781,0.09393939393939395,0.08011062650059941,0.0,0.0,52.1,38.67083310886039,5.2,4.366539438350085,3.9,3.6347092196090616,1.3,1.2516655570345725,1.3,1.2516655570345725,45.9,32.6001022493284,1.0,2.5385910352879693,0.0,0.0,0.6225457875457876,0.3621107209939933,0.0,0.0,0.0,0.0,-0.06497561816178113,0.014901760286027665,0.0,0.0,0.018326138888888198,0.01802125405629365,0.013333333333333332,0.015396007178390023,0.023333333333333334,0.023570226039551584,0.026000000000000002,0.024231394797393745,0.0,0.0,0.0,0.0,0.0,0.0,0.0,0.0,0.007749767574424274,0.0007565460412460002,0.022703179331250684,0.00189358960364137,0.9176655468296161,0.0473279890010558,0.5566666666666666,0.13181543400518508,464.1,22.82031258915326,6250.1,2362.9527878859067,0.9716615132745193,0.030400283764624968,0.31266666666666665,0.12059318409173345,27.1,5.173651192984184,1435.0,717.5258415787778,0.9043826178532599,0.048013363125101786,0.5566666666666666,0.13181543400518508,437.0,23.456816114345575,4815.1,1668.9805571066427,0.9439004835478769,0.05075890862130249,1618.4,821.2504287162756,0.9292977889753413,0.04324016001229184,2837.2,1071.9431784277456,0.8854940466794445,0.04467796087754116,2258.6,568.2640622496239,1.0,0.0,0.7797147450087689,0.021458330884995234,1643.968633301415,135.56074362175895,0.974,0.024231394797393706,0.7613886061198808,0.019402601332297622,0.026000000000000002,0.024231394797393745
weak_drift,nominal,oracle_current_physics,4.5,3.0276503540974917,150.0,0.0,1.0,0.0,52.116721580829164,1.5914470104629561,0.03189757201525917,0.002825976549106184,1643.968633301415,135.56074362175895,2572.5,153.56305255858624,175.6,4.0879225911349035,173.2,3.8528488738133038,27.4,3.5962943891363133,16.840579658318717,3.0991178837376947,232.53657780275802,61.414988797573166,0.1409999005852917,0.033578161416960454,429.8,75.06264050777855,0.16695453278376896,0.02622335054385776,0.8421209578353611,0.017725260954275034,0.0,0.0,1681.3,92.07128880504617,200.9,6.967384333050996,150.0,0.0,50.9,6.967384333050994,50.9,6.967384333050994,1406.3,48.77169033135695,74.1,52.707684449233774,0.0,0.0,0.747445966180713,0.025825411583645326,0.0,0.0,0.0,0.0,-0.07408208474492221,0.012712937062140862,1.1,0.31622776601683794,0.7797147450087689,0.021458330884995234,0.5758002861621352,0.06173352940837674,0.9933333333333334,0.0,0.9933333333333334,0.0,0.0,0.0,0.0,0.0,0.0,0.0,0.0,0.0,0.010992546316808387,0.0028666243385223455,0.055562979661177105,0.007058537793765428,0.961542114488705,0.0020911736743516327,1.0,0.0,214.9,8.849984306326329,5387.0,362.9370928044326,0.9937307752447067,0.0016983968381130581,1.0,0.0,12.3,3.4334951418181574,1944.2,102.8200153450463,0.94422773498026,0.003738103616428283,0.9986666666666666,0.0028109134757052577,202.6,10.308572484426087,3442.8,279.49549787668013,0.9898189285464,0.001510745239106292,2692.1,129.4144505068889,0.9589579436678173,0.003892697216107313,1898.7,167.34930202689492,0.8904409943543697,0.009062866051366865,1011.1,126.66092092231483,1.0,0.0,0.7797147450087689,0.021458330884995234,1643.968633301415,135.56074362175895,0.0,0.0,0.0,0.0,1.0,0.0
