path_budget_m,scenario,metric,mode_a,mode_b,paired_total,paired_runs,mode_a_reached,mode_b_reached,both_reached,mode_a_reach_rate,mode_b_reach_rate,censored_pairs,mean_difference,ci95_low,ci95_high,cohen_dz,rank_biserial,p_value,p_permutation,p_normal_approx,p_holm
3000.0,robot_disturbed,auc_collected_by_path,adaptive_mission,belief_horizon,10,10,10,10,10,1.0,1.0,0,-0.07270108714609999,-0.10604234794177,-0.038857782463535044,-1.2270283824442167,-0.8909090909090909,0.0078125,0.0078125,0.00010436870069741033,0.671875
3000.0,robot_disturbed,auc_collected_by_path,adaptive_mission,belief_orienteering,10,10,10,10,10,1.0,1.0,0,-0.026278611612500002,-0.054456029293045,-0.0007779372915600105,-0.5855212604455118,-0.6,0.08203125,0.08203125,0.06408604200200507,1.0
3000.0,robot_disturbed,auc_collected_by_path,adaptive_mission,belief_orienteering_depth1,10,10,10,10,10,1.0,1.0,0,-0.011633795170199992,-0.0583165785609375,0.03997505857395748,-0.13611223902392522,-0.3090909090909091,0.677734375,0.677734375,0.6668867363551734,1.0
3000.0,robot_disturbed,auc_collected_by_path,adaptive_mission,confirmed_route,10,10,10,10,10,1.0,1.0,0,0.11302173412750001,0.088924584504435,0.14342225946478995,2.4671231901053385,1.0,0.001953125,0.001953125,6.217248937900877e-15,0.3203125
3000.0,robot_disturbed,auc_collected_by_path,adaptive_mission,greedy,10,10,10,10,10,1.0,1.0,0,0.16200426187589997,0.10465921220341748,0.21237910231238746,1.7362539125317995,0.9636363636363636,0.00390625,0.00390625,4.0075900376024265e-08,0.40625
3000.0,robot_disturbed,auc_collected_by_path,adaptive_mission,oracle_current_physics,10,10,10,10,10,1.0,1.0,0,-0.4475607062742,-0.490576945710155,-0.41049817929032,-6.314843310942199,-1.0,0.001953125,0.001953125,0.0,0.3203125
3000.0,robot_disturbed,collected_ratio,adaptive_mission,belief_horizon,10,10,10,10,10,1.0,1.0,0,0.0393333333332,-0.039350000000162505,0.11868333333316491,0.2893911308294786,0.32727272727272727,0.384765625,0.384765625,0.3601207060950258,1.0
3000.0,robot_disturbed,collected_ratio,adaptive_mission,belief_orienteering,10,10,10,10,10,1.0,1.0,0,0.12333333333330003,0.04065000000003251,0.20866666666650252,0.858378575138389,0.7818181818181819,0.025390625,0.025390625,0.006638965034076794,1.0
3000.0,robot_disturbed,collected_ratio,adaptive_mission,belief_orienteering_depth1,10,10,10,10,10,1.0,1.0,0,0.12200000000019999,0.019333333333500003,0.2313333333335025,0.6585319003850539,0.6363636363636364,0.0703125,0.0703125,0.03730040744876506,1.0
3000.0,robot_disturbed,collected_ratio,adaptive_mission,confirmed_route,10,10,10,10,10,1.0,1.0,0,0.17133333333329998,0.1106666666668,0.2273333333332,1.6550629036560245,0.9636363636363636,0.00390625,0.00390625,1.660884976217858e-07,0.40625
3000.0,robot_disturbed,collected_ratio,adaptive_mission,greedy,10,10,10,10,10,1.0,1.0,0,0.5639999999999,0.45264999999993255,0.666016666666565,2.970016134127681,1.0,0.001953125,0.001953125,0.0,0.3203125
3000.0,robot_disturbed,collected_ratio,adaptive_mission,oracle_current_physics,10,10,10,10,10,1.0,1.0,0,-0.2393333333333,-0.3146999999999325,-0.16398333333323759,-1.7888243096578353,-1.0,0.001953125,0.001953125,1.5425798860491113e-08,0.3203125
3000.0,robot_disturbed,oracle_gap_auc_collected_by_path,adaptive_mission,belief_horizon,10,10,10,10,10,1.0,1.0,0,0.07270108714609999,0.038857782463535,0.10604234794176999,1.2270283824442167,0.8909090909090909,0.0078125,0.0078125,0.00010436870069741033,0.671875
3000.0,robot_disturbed,oracle_gap_auc_collected_by_path,adaptive_mission,belief_orienteering,10,10,10,10,10,1.0,1.0,0,0.026278611612500002,0.0007779372915599994,0.05445602929304497,0.5855212604455118,0.6,0.08203125,0.08203125,0.06408604200200507,1.0
3000.0,robot_disturbed,oracle_gap_auc_collected_by_path,adaptive_mission,belief_orienteering_depth1,10,10,10,10,10,1.0,1.0,0,0.011633795170199992,-0.0399750585739575,0.058316578560937485,0.13611223902392522,0.3090909090909091,0.677734375,0.677734375,0.6668867363551734,1.0
3000.0,robot_disturbed,oracle_gap_auc_collected_by_path,adaptive_mission,confirmed_route,10,10,10,10,10,1.0,1.0,0,-0.11302173412750001,-0.14342225946479,-0.08892458450443501,-2.4671231901053385,-1.0,0.001953125,0.001953125,6.217248937900877e-15,0.3203125
3000.0,robot_disturbed,oracle_gap_auc_collected_by_path,adaptive_mission,greedy,10,10,10,10,10,1.0,1.0,0,-0.16200426187589997,-0.2123791023123875,-0.10465921220341755,-1.7362539125317995,-0.9636363636363636,0.00390625,0.00390625,4.0075900376024265e-08,0.40625
3000.0,robot_disturbed,oracle_gap_auc_collected_by_path,adaptive_mission,oracle_current_physics,10,10,10,10,10,1.0,1.0,0,0.4475607062742,0.41049817929031995,0.490576945710155,6.314843310942199,1.0,0.001953125,0.001953125,0.0,0.3203125
3000.0,robot_disturbed,empty_goal_arrivals_per_km,adaptive_mission,belief_horizon,10,10,10,10,10,1.0,1.0,0,17.6325122597934,11.699996982292848,23.999010778266207,1.6641648672372864,1.0,0.001953125,0.001953125,1.4206994114474014e-07,0.3203125
3000.0,robot_disturbed,empty_goal_arrivals_per_km,adaptive_mission,belief_orienteering,10,10,10,10,10,1.0,1.0,0,22.0323045899461,16.19968953315896,28.232337215293445,2.1866089709658305,1.0,0.001953125,0.001953125,4.689582056016661e-12,0.3203125
3000.0,robot_disturbed,empty_goal_arrivals_per_km,adaptive_mission,belief_orienteering_depth1,10,10,10,10,10,1.0,1.0,0,22.965386199746604,17.5658783334412,28.66597943356599,2.404699248779375,1.0,0.001953125,0.001953125,2.864375403532904e-14,0.3203125
3000.0,robot_disturbed,empty_goal_arrivals_per_km,adaptive_mission,confirmed_route,10,10,10,10,10,1.0,1.0,0,0.20015112295520007,-4.232889693161958,4.834646537664181,0.026125535329985544,0.01818181818181818,0.93359375,0.93359375,0.9341567221718214,1.0
3000.0,robot_disturbed,empty_goal_arrivals_per_km,adaptive_mission,greedy,10,10,10,10,10,1.0,1.0,0,-4.7332428351286,-10.033852424650544,0.1344224084765406,-0.5518415178034595,-0.5636363636363636,0.1171875,0.1171875,0.08097162255217527,1.0
3000.0,robot_disturbed,empty_goal_arrivals_per_km,adaptive_mission,oracle_current_physics,10,10,10,10,10,1.0,1.0,0,39.0702889316266,33.88946338325604,44.661217883840884,4.300902701300283,1.0,0.001953125,0.001953125,0.0,0.3203125
3000.0,robot_disturbed,wasted_path_ratio,adaptive_mission,belief_horizon,10,10,10,10,10,1.0,1.0,0,0.13626062343640002,0.07075918532099251,0.20057029498338,1.2317112214076436,0.9272727272727272,0.005859375,0.005859375,9.819351214512828e-05,0.521484375
3000.0,robot_disturbed,wasted_path_ratio,adaptive_mission,belief_orienteering,10,10,10,10,10,1.0,1.0,0,0.0999504652279,0.021824057657020002,0.170208302810605,0.7781111647532789,0.7090909090909091,0.04296875,0.04296875,0.013870353821339387,1.0
3000.0,robot_disturbed,wasted_path_ratio,adaptive_mission,belief_orienteering_depth1,10,10,10,10,10,1.0,1.0,0,0.07444075996749999,-0.021643182914515,0.16602462283114489,0.44921253515334547,0.45454545454545453,0.18359375,0.18359375,0.1554520550738996,1.0
3000.0,robot_disturbed,wasted_path_ratio,adaptive_mission,confirmed_route,10,10,10,10,10,1.0,1.0,0,-0.1591145618903,-0.2252168752631425,-0.0961981013417,-1.4005426604399047,-0.9636363636363636,0.00390625,0.00390625,9.471282998996244e-06,0.40625
3000.0,robot_disturbed,wasted_path_ratio,adaptive_mission,greedy,10,10,10,10,10,1.0,1.0,0,-0.3876795895533,-0.4531441786125025,-0.3084889183380051,-2.9890472181994245,-1.0,0.001953125,0.001953125,0.0,0.3203125
3000.0,robot_disturbed,wasted_path_ratio,adaptive_mission,oracle_current_physics,10,10,10,10,10,1.0,1.0,0,0.4906565078555,0.43659939278519755,0.55180722253064,4.77846863283217,1.0,0.001953125,0.001953125,0.0,0.3203125
3000.0,robot_disturbed,goal_success_rate,adaptive_mission,belief_horizon,10,10,10,10,10,1.0,1.0,0,-0.0338508762927,-0.0790723457570475,0.008944957210949974,-0.44429823281405156,-0.45454545454545453,0.189453125,0.189453125,0.1600229506206885,1.0
3000.0,robot_disturbed,goal_success_rate,adaptive_mission,belief_orienteering,10,10,10,10,10,1.0,1.0,0,-0.04367214597769999,-0.09412606779475502,0.008597296132827443,-0.4984824156559717,-0.4909090909090909,0.150390625,0.150390625,0.11494751236314982,1.0
3000.0,robot_disturbed,goal_success_rate,adaptive_mission,belief_orienteering_depth1,10,10,10,10,10,1.0,1.0,0,-0.054131242621,-0.10112052570836999,-0.0005466847371025283,-0.6305823330274929,-0.6363636363636364,0.087890625,0.087890625,0.04614370319891492,1.0
3000.0,robot_disturbed,goal_success_rate,adaptive_mission,confirmed_route,10,10,10,10,10,1.0,1.0,0,0.03595402750769999,0.0105027612221775,0.06156319530250996,0.8219901973154632,0.7090909090909091,0.03125,0.03125,0.009339743036967718,1.0
3000.0,robot_disturbed,goal_success_rate,adaptive_mission,greedy,10,10,10,10,10,1.0,1.0,0,0.18569420129050002,0.1358346915033625,0.229996731303185,2.2699386480135226,1.0,0.001953125,0.001953125,7.065459328714496e-13,0.3203125
3000.0,robot_disturbed,goal_success_rate,adaptive_mission,oracle_current_physics,10,10,10,10,10,1.0,1.0,0,-0.6100454089248,-0.6443593712299599,-0.57452060732674,-10.418753994591544,-1.0,0.001953125,0.001953125,0.0,0.3203125
3000.0,robot_disturbed,regret_to_best_fixed_auc,adaptive_mission,belief_horizon,10,10,10,10,10,1.0,1.0,0,0.07270108714609999,0.038857782463535,0.10604234794176999,1.2270283824442167,0.8909090909090909,0.0078125,0.0078125,0.00010436870069741033,0.671875
3000.0,robot_disturbed,regret_to_best_fixed_auc,adaptive_mission,belief_orienteering,10,10,10,10,10,1.0,1.0,0,0.026278611612500002,0.0007779372915599994,0.05445602929304497,0.5855212604455118,0.6,0.08203125,0.08203125,0.06408604200200507,1.0
3000.0,robot_disturbed,regret_to_best_fixed_auc,adaptive_mission,belief_orienteering_depth1,10,10,10,10,10,1.0,1.0,0,0.011633795170199992,-0.0399750585739575,0.058316578560937485,0.13611223902392522,0.3090909090909091,0.677734375,0.677734375,0.6668867363551734,1.0
3000.0,robot_disturbed,regret_to_best_fixed_auc,adaptive_mission,confirmed_route,10,10,10,10,10,1.0,1.0,0,-0.11302173412750001,-0.14342225946479,-0.08892458450443501,-2.4671231901053385,-1.0,0.001953125,0.001953125,6.217248937900877e-15,0.3203125
3000.0,robot_disturbed,regret_to_best_fixed_auc,adaptive_mission,greedy,10,10,10,10,10,1.0,1.0,0,-0.16200426187589997,-0.2123791023123875,-0.10465921220341755,-1.7362539125317995,-0.9636363636363636,0.00390625,0.00390625,4.0075900376024265e-08,0.40625
3000.0,robot_disturbed,regret_to_best_fixed_auc,adaptive_mission,oracle_current_physics,10,0,10,0,0,1.0,0.0,10,,,,,0.0,,,,
3000.0,static_calm,auc_collected_by_path,adaptive_mission,belief_horizon,10,10,10,10,10,1.0,1.0,0,-0.053176660517699995,-0.0822195634873825,-0.025964579764295018,-1.118001416175173,-0.9636363636363636,0.00390625,0.00390625,0.00040711070056076437,0.40625
3000.0,static_calm,auc_collected_by_path,adaptive_mission,belief_orienteering,10,10,10,10,10,1.0,1.0,0,0.03606585813760001,0.0059151765683875,0.06522959678321248,0.7101492446061253,0.5636363636363636,0.064453125,0.064453125,0.024723929377769016,1.0
3000.0,static_calm,auc_collected_by_path,adaptive_mission,belief_orienteering_depth1,10,10,10,10,10,1.0,1.0,0,0.0575978798229,0.025680354551604993,0.08746097107439746,1.0792339562349869,0.8545454545454545,0.01171875,0.01171875,0.0006429028168062345,0.890625
3000.0,static_calm,auc_collected_by_path,adaptive_mission,confirmed_route,10,10,10,10,10,1.0,1.0,0,0.0615483380517,0.04048326687663,0.0831473746236725,1.6849337661054218,1.0,0.001953125,0.001953125,9.917535681580603e-08,0.3203125
3000.0,static_calm,auc_collected_by_path,adaptive_mission,greedy,10,10,10,10,10,1.0,1.0,0,0.0604195837304,0.011640516880145004,0.11529298713789748,0.67050972796315,0.6363636363636364,0.060546875,0.060546875,0.03397755680788084,1.0
3000.0,static_calm,auc_collected_by_path,adaptive_mission,oracle_current_physics,10,10,10,10,10,1.0,1.0,0,-0.5132437470025,-0.5425979556061125,-0.4868983302470925,-10.775093223931002,-1.0,0.001953125,0.001953125,0.0,0.3203125
3000.0,static_calm,collected_ratio,adaptive_mission,belief_horizon,10,10,10,10,10,1.0,1.0,0,-0.07399999999989999,-0.11666666666660251,-0.03466666666649999,-1.0632413696847116,-0.8666666666666667,0.015625,0.015625,0.0007730605500162469,1.0
3000.0,static_calm,collected_ratio,adaptive_mission,belief_orienteering,10,10,10,10,10,1.0,1.0,0,0.0246666666666,-0.0079999999999025,0.06000000000000251,0.40856896658907293,0.4666666666666667,0.24609375,0.24609375,0.19635419554842048,1.0
3000.0,static_calm,collected_ratio,adaptive_mission,belief_orienteering_depth1,10,10,10,10,10,1.0,1.0,0,0.0686666666666,0.020666666666697496,0.1106666666666,0.8732507587325429,0.8222222222222222,0.02734375,0.02734375,0.00575433241812906,1.0
3000.0,static_calm,collected_ratio,adaptive_mission,confirmed_route,10,10,10,10,10,1.0,1.0,0,0.09266666666679998,0.0493333333335,0.13801666666686743,1.2455254913768088,0.9636363636363636,0.00390625,0.00390625,8.192516343785705e-05,0.40625
3000.0,static_calm,collected_ratio,adaptive_mission,greedy,10,10,10,10,10,1.0,1.0,0,0.10800000000000001,0.027983333333335005,0.18268333333336492,0.8227131616518799,0.7777777777777778,0.03515625,0.03515625,0.009277717206494396,1.0
3000.0,static_calm,collected_ratio,adaptive_mission,oracle_current_physics,10,10,10,10,10,1.0,1.0,0,-0.5633333333332,-0.6239999999999,-0.5039999999999,-5.622930123465413,-1.0,0.001953125,0.001953125,0.0,0.3203125
3000.0,static_calm,oracle_gap_auc_collected_by_path,adaptive_mission,belief_horizon,10,10,10,10,10,1.0,1.0,0,0.053176660517699995,0.025964579764295007,0.08221956348738249,1.118001416175173,0.9636363636363636,0.00390625,0.00390625,0.00040711070056076437,0.40625
3000.0,static_calm,oracle_gap_auc_collected_by_path,adaptive_mission,belief_orienteering,10,10,10,10,10,1.0,1.0,0,-0.03606585813760001,-0.0652295967832125,-0.005915176568387534,-0.7101492446061253,-0.5636363636363636,0.064453125,0.064453125,0.024723929377769016,1.0
3000.0,static_calm,oracle_gap_auc_collected_by_path,adaptive_mission,belief_orienteering_depth1,10,10,10,10,10,1.0,1.0,0,-0.0575978798229,-0.08746097107439749,-0.025680354551605042,-1.0792339562349869,-0.8545454545454545,0.01171875,0.01171875,0.0006429028168062345,0.890625
3000.0,static_calm,oracle_gap_auc_collected_by_path,adaptive_mission,confirmed_route,10,10,10,10,10,1.0,1.0,0,-0.0615483380517,-0.08314737462367251,-0.04048326687663001,-1.6849337661054218,-1.0,0.001953125,0.001953125,9.917535681580603e-08,0.3203125
3000.0,static_calm,oracle_gap_auc_collected_by_path,adaptive_mission,greedy,10,10,10,10,10,1.0,1.0,0,-0.0604195837304,-0.11529298713789753,-0.011640516880145025,-0.67050972796315,-0.6363636363636364,0.060546875,0.060546875,0.03397755680788084,1.0
3000.0,static_calm,oracle_gap_auc_collected_by_path,adaptive_mission,oracle_current_physics,10,10,10,10,10,1.0,1.0,0,0.5132437470025,0.4868983302470925,0.5425979556061125,10.775093223931002,1.0,0.001953125,0.001953125,0.0,0.3203125
3000.0,static_calm,empty_goal_arrivals_per_km,adaptive_mission,belief_horizon,10,10,10,10,10,1.0,1.0,0,2.2327191967596,-0.4673539156345975,5.066947294893283,0.4715302379011478,0.5272727272727272,0.177734375,0.177734375,0.13593273873082112,1.0
3000.0,static_calm,empty_goal_arrivals_per_km,adaptive_mission,belief_orienteering,10,10,10,10,10,1.0,1.0,0,13.699548821003699,10.532994868773365,17.23275416791223,2.4232839274053184,1.0,0.001953125,0.001953125,1.8207657603852567e-14,0.3203125
3000.0,static_calm,empty_goal_arrivals_per_km,adaptive_mission,belief_orienteering_depth1,10,10,10,10,10,1.0,1.0,0,19.6992490912902,17.132795787112574,22.232361435754207,4.598010533928481,1.0,0.001953125,0.001953125,0.0,0.3203125
3000.0,static_calm,empty_goal_arrivals_per_km,adaptive_mission,confirmed_route,10,10,10,10,10,1.0,1.0,0,8.833121241212899,5.766991138507783,11.69990671134578,1.7756631374254215,1.0,0.001953125,0.001953125,1.9640330695125385e-08,0.3203125
3000.0,static_calm,empty_goal_arrivals_per_km,adaptive_mission,greedy,10,10,10,10,10,1.0,1.0,0,-15.766248734637799,-19.133314284932908,-12.599652159185972,-2.7847637449397347,-1.0,0.001953125,0.001953125,0.0,0.3203125
3000.0,static_calm,empty_goal_arrivals_per_km,adaptive_mission,oracle_current_physics,10,10,10,10,10,1.0,1.0,0,35.3411383005571,33.54973327126228,37.223581046011006,11.179732559885556,1.0,0.001953125,0.001953125,0.0,0.3203125
3000.0,static_calm,wasted_path_ratio,adaptive_mission,belief_horizon,10,10,10,10,10,1.0,1.0,0,0.07572665815509999,0.0429579202443425,0.11173913546810749,1.2477242121502912,1.0,0.001953125,0.001953125,7.958365844551452e-05,0.3203125
3000.0,static_calm,wasted_path_ratio,adaptive_mission,belief_orienteering,10,10,10,10,10,1.0,1.0,0,0.051228421293399995,0.013593864259280001,0.08653127420944749,0.8106228284660992,0.7454545454545455,0.03515625,0.03515625,0.010364823732643691,1.0
3000.0,static_calm,wasted_path_ratio,adaptive_mission,belief_orienteering_depth1,10,10,10,10,10,1.0,1.0,0,0.072700468285,0.04320529410548,0.10544187230329499,1.3787990119791087,0.9636363636363636,0.00390625,0.00390625,1.2997610122633674e-05,0.40625
3000.0,static_calm,wasted_path_ratio,adaptive_mission,confirmed_route,10,10,10,10,10,1.0,1.0,0,-0.12140073390449999,-0.18569576443839503,-0.06523168858806505,-1.1680331087351439,-0.9636363636363636,0.00390625,0.00390625,0.000221062356538404,0.40625
3000.0,static_calm,wasted_path_ratio,adaptive_mission,greedy,10,10,10,10,10,1.0,1.0,0,-0.22938613910840006,-0.27595208261104,-0.1850558994307526,-2.96040468586288,-1.0,0.001953125,0.001953125,0.0,0.3203125
3000.0,static_calm,wasted_path_ratio,adaptive_mission,oracle_current_physics,10,10,10,10,10,1.0,1.0,0,0.5471043136702,0.5067534813580575,0.582545645894895,8.181920128522052,1.0,0.001953125,0.001953125,0.0,0.3203125
3000.0,static_calm,goal_success_rate,adaptive_mission,belief_horizon,10,10,10,10,10,1.0,1.0,0,-0.044145511217800006,-0.0664355813093125,-0.02282389347922001,-1.1890491282930056,-0.9272727272727272,0.005859375,0.005859375,0.00016984307645095953,0.521484375
3000.0,static_calm,goal_success_rate,adaptive_mission,belief_orienteering,10,10,10,10,10,1.0,1.0,0,-0.077303490319,-0.10789216227151999,-0.049675695706297526,-1.5552089136929206,-1.0,0.001953125,0.001953125,8.743183879111882e-07,0.3203125
3000.0,static_calm,goal_success_rate,adaptive_mission,belief_orienteering_depth1,10,10,10,10,10,1.0,1.0,0,-0.1085614131883,-0.1352507182299975,-0.08128234366525,-2.302083409848623,-1.0,0.001953125,0.001953125,3.3439917501709715e-13,0.3203125
3000.0,static_calm,goal_success_rate,adaptive_mission,confirmed_route,10,10,10,10,10,1.0,1.0,0,-0.0390113298683,-0.06563977640080002,-0.01279203145104501,-0.8701221971689058,-0.7818181818181819,0.029296875,0.029296875,0.0059310707235396,1.0
3000.0,static_calm,goal_success_rate,adaptive_mission,greedy,10,10,10,10,10,1.0,1.0,0,0.0968124966664,0.0643442967113275,0.1271083034321675,1.79991030067232,0.9636363636363636,0.00390625,0.00390625,1.2569516982807727e-08,0.40625
3000.0,static_calm,goal_success_rate,adaptive_mission,oracle_current_physics,10,10,10,10,10,1.0,1.0,0,-0.6477933960969,-0.6714609492845649,-0.6238381845848749,-15.991382737629172,-1.0,0.001953125,0.001953125,0.0,0.3203125
3000.0,static_calm,regret_to_best_fixed_auc,adaptive_mission,belief_horizon,10,10,10,10,10,1.0,1.0,0,0.0539432848765,0.027545311631402506,0.08221956348738249,1.1594508882930583,1.0,0.00390625,0.00390625,0.00024588749633513984,0.40625
3000.0,static_calm,regret_to_best_fixed_auc,adaptive_mission,belief_orienteering,10,10,10,10,10,1.0,1.0,0,-0.035299233778799996,-0.0637334402532625,-0.00529293319535502,-0.7104484433715069,-0.5636363636363636,0.064453125,0.064453125,0.024663348019551723,1.0
3000.0,static_calm,regret_to_best_fixed_auc,adaptive_mission,belief_orienteering_depth1,10,10,10,10,10,1.0,1.0,0,-0.05683125546409999,-0.08592422616220999,-0.025056121831195037,-1.0786669897404964,-0.8545454545454545,0.01171875,0.01171875,0.0006471452298126845,0.890625
3000.0,static_calm,regret_to_best_fixed_auc,adaptive_mission,confirmed_route,10,10,10,10,10,1.0,1.0,0,-0.06078171369290001,-0.082449116754305,-0.0394080510133925,-1.6465300374462501,-1.0,0.001953125,0.001953125,1.921403369742336e-07,0.3203125
3000.0,static_calm,regret_to_best_fixed_auc,adaptive_mission,greedy,10,10,10,10,10,1.0,1.0,0,-0.0596529593716,-0.11375911783049251,-0.011122550618355034,-0.6659437535874562,-0.6363636363636364,0.060546875,0.060546875,0.03521312179609892,1.0
3000.0,static_calm,regret_to_best_fixed_auc,adaptive_mission,oracle_current_physics,10,0,10,0,0,1.0,0.0,10,,,,,0.0,,,,
3000.0,strong_drift,auc_collected_by_path,adaptive_mission,belief_horizon,10,10,10,10,10,1.0,1.0,0,-0.012293124780400002,-0.05715708840514,0.031244054413942495,-0.16213246954642355,-0.16363636363636364,0.61328125,0.61328125,0.6081556722252783,1.0
3000.0,strong_drift,auc_collected_by_path,adaptive_mission,belief_orienteering,10,10,10,10,10,1.0,1.0,0,-0.048327472782500006,-0.0914917996397,-0.014779572792357523,-0.7371759049694012,-0.7454545454545455,0.025390625,0.025390625,0.019745193504859815,1.0
3000.0,strong_drift,auc_collected_by_path,adaptive_mission,belief_orienteering_depth1,10,10,10,10,10,1.0,1.0,0,-0.009493670840899996,-0.049192291603869995,0.03055588991348499,-0.1379105308681159,-0.2727272727272727,0.630859375,0.630859375,0.6627559130267962,1.0
3000.0,strong_drift,auc_collected_by_path,adaptive_mission,confirmed_route,10,10,10,10,10,1.0,1.0,0,0.07637864547859999,0.036933540842442505,0.1146631806369275,1.1923487693741803,0.8909090909090909,0.0078125,0.0078125,0.0001628960757140696,0.671875
3000.0,strong_drift,auc_collected_by_path,adaptive_mission,greedy,10,10,10,10,10,1.0,1.0,0,0.407240977929,0.3443634696171675,0.46201763234460747,4.037242305254762,1.0,0.001953125,0.001953125,0.0,0.3203125
3000.0,strong_drift,auc_collected_by_path,adaptive_mission,oracle_current_physics,10,10,10,10,10,1.0,1.0,0,-0.2414684178192,-0.27152363759055254,-0.21283548932253002,-4.727849398096329,-1.0,0.001953125,0.001953125,0.0,0.3203125
3000.0,strong_drift,collected_ratio,adaptive_mission,belief_horizon,10,10,10,10,10,1.0,1.0,0,0.0739999999998,-0.04266666666690249,0.19001666666656494,0.3692962720630679,0.34545454545454546,0.28125,0.28125,0.24288044765235117,1.0
3000.0,strong_drift,collected_ratio,adaptive_mission,belief_orienteering,10,10,10,10,10,1.0,1.0,0,0.04,-0.027333333333302505,0.12335000000016239,0.29464677201200623,-0.2,0.49609375,0.49609375,0.3514632046012447,1.0
3000.0,strong_drift,collected_ratio,adaptive_mission,belief_orienteering_depth1,10,10,10,10,10,1.0,1.0,0,0.0393333333334,-0.02733333333310249,0.1113500000000649,0.3340871687851101,0.32727272727272727,0.353515625,0.353515625,0.29075062177060573,1.0
3000.0,strong_drift,collected_ratio,adaptive_mission,confirmed_route,10,10,10,10,10,1.0,1.0,0,0.0286666666667,-0.0373499999999675,0.08866666666659999,0.2675853329636882,0.35555555555555557,0.4375,0.4375,0.39745282782466185,1.0
3000.0,strong_drift,collected_ratio,adaptive_mission,greedy,10,10,10,10,10,1.0,1.0,0,0.7266666666666,0.6833166666665376,0.7699999999998025,9.651099845250155,1.0,0.001953125,0.001953125,0.0,0.3203125
3000.0,strong_drift,collected_ratio,adaptive_mission,oracle_current_physics,10,10,10,10,10,1.0,1.0,0,-0.0933333333332,-0.1353333333331,-0.0593333333332975,-1.4775548439352506,-1.0,0.001953125,0.001953125,2.976444017921409e-06,0.3203125
3000.0,strong_drift,oracle_gap_auc_collected_by_path,adaptive_mission,belief_horizon,10,10,10,10,10,1.0,1.0,0,0.012293124780400002,-0.0312440544139425,0.05715708840513998,0.16213246954642355,0.16363636363636364,0.61328125,0.61328125,0.6081556722252783,1.0
3000.0,strong_drift,oracle_gap_auc_collected_by_path,adaptive_mission,belief_orienteering,10,10,10,10,10,1.0,1.0,0,0.048327472782500006,0.014779572792357502,0.0914917996397,0.7371759049694012,0.7454545454545455,0.025390625,0.025390625,0.019745193504859815,1.0
3000.0,strong_drift,oracle_gap_auc_collected_by_path,adaptive_mission,belief_orienteering_depth1,10,10,10,10,10,1.0,1.0,0,0.009493670840899996,-0.030555889913485002,0.04919229160386997,0.1379105308681159,0.2727272727272727,0.630859375,0.630859375,0.6627559130267962,1.0
3000.0,strong_drift,oracle_gap_auc_collected_by_path,adaptive_mission,confirmed_route,10,10,10,10,10,1.0,1.0,0,-0.07637864547859999,-0.1146631806369275,-0.03693354084244251,-1.1923487693741803,-0.8909090909090909,0.0078125,0.0078125,0.0001628960757140696,0.671875
3000.0,strong_drift,oracle_gap_auc_collected_by_path,adaptive_mission,greedy,10,10,10,10,10,1.0,1.0,0,-0.407240977929,-0.46201763234460747,-0.3443634696171675,-4.037242305254762,-1.0,0.001953125,0.001953125,0.0,0.3203125
3000.0,strong_drift,oracle_gap_auc_collected_by_path,adaptive_mission,oracle_current_physics,10,10,10,10,10,1.0,1.0,0,0.2414684178192,0.21283548932253,0.2715236375905525,4.727849398096329,1.0,0.001953125,0.001953125,0.0,0.3203125
3000.0,strong_drift,empty_goal_arrivals_per_km,adaptive_mission,belief_horizon,10,10,10,10,10,1.0,1.0,0,14.9661097050965,9.931224916370125,19.700123231957168,1.767932273566888,1.0,0.001953125,0.001953125,2.2616549077980608e-08,0.3203125
3000.0,strong_drift,empty_goal_arrivals_per_km,adaptive_mission,belief_orienteering,10,10,10,10,10,1.0,1.0,0,13.6326157235308,9.43202509432525,17.86539405477172,1.8346375897067735,1.0,0.001953125,0.001953125,6.567199450913108e-09,0.3203125
3000.0,strong_drift,empty_goal_arrivals_per_km,adaptive_mission,belief_orienteering_depth1,10,10,10,10,10,1.0,1.0,0,16.7659400618314,12.066237381615501,21.39850195202227,2.0599881708494445,1.0,0.001953125,0.001953125,7.305156479731068e-11,0.3203125
3000.0,strong_drift,empty_goal_arrivals_per_km,adaptive_mission,confirmed_route,10,10,10,10,10,1.0,1.0,0,8.699833394758901,5.36678005587376,11.932729132091447,1.5151505301641017,0.9636363636363636,0.00390625,0.00390625,1.6568211314016423e-06,0.40625
3000.0,strong_drift,empty_goal_arrivals_per_km,adaptive_mission,greedy,10,10,10,10,10,1.0,1.0,0,-13.8326078665132,-19.101227111577764,-10.06590829504502,-1.6688919816562247,-1.0,0.001953125,0.001953125,1.309583255171276e-07,0.3203125
3000.0,strong_drift,empty_goal_arrivals_per_km,adaptive_mission,oracle_current_physics,10,10,10,10,10,1.0,1.0,0,14.8318491305783,9.243711824285027,20.294685042618166,1.5342849844822473,0.9636363636363636,0.00390625,0.00390625,1.223242934056401e-06,0.40625
3000.0,strong_drift,wasted_path_ratio,adaptive_mission,belief_horizon,10,10,10,10,10,1.0,1.0,0,0.0907951852511,0.003993785449587501,0.18538554069491753,0.6015338670153701,0.6,0.10546875,0.10546875,0.05714277694269443,1.0
3000.0,strong_drift,wasted_path_ratio,adaptive_mission,belief_orienteering,10,10,10,10,10,1.0,1.0,0,0.03729541942569999,-0.014968157023994996,0.09594441389569498,0.40308538254795917,0.45454545454545453,0.248046875,0.248046875,0.20242681304434562,1.0
3000.0,strong_drift,wasted_path_ratio,adaptive_mission,belief_orienteering_depth1,10,10,10,10,10,1.0,1.0,0,0.08014190347969999,0.00576166106505,0.15448269924422744,0.6379111549398864,0.6363636363636364,0.076171875,0.076171875,0.04366920170659605,1.0
3000.0,strong_drift,wasted_path_ratio,adaptive_mission,confirmed_route,10,10,10,10,10,1.0,1.0,0,-0.0436141096236,-0.11607268684968998,0.048349891611512444,-0.3145756961110161,-0.41818181818181815,0.34375,0.34375,0.3198453691544514,1.0
3000.0,strong_drift,wasted_path_ratio,adaptive_mission,greedy,10,10,10,10,10,1.0,1.0,0,-0.4175161185021,-0.46862336125645254,-0.36013406510953755,-4.451846610189837,-1.0,0.001953125,0.001953125,0.0,0.3203125
3000.0,strong_drift,wasted_path_ratio,adaptive_mission,oracle_current_physics,10,10,10,10,10,1.0,1.0,0,0.4311864622114,0.372310517559445,0.5008375044965551,3.9740975419665086,1.0,0.001953125,0.001953125,0.0,0.3203125
3000.0,strong_drift,goal_success_rate,adaptive_mission,belief_horizon,10,10,10,10,10,1.0,1.0,0,-0.0246115845453,-0.095229927197955,0.04395590197007746,-0.20267041971078784,-0.23636363636363636,0.53515625,0.53515625,0.5215875644959882,1.0
3000.0,strong_drift,goal_success_rate,adaptive_mission,belief_orienteering,10,10,10,10,10,1.0,1.0,0,-0.015182563459499998,-0.06810642152428999,0.03371871334723996,-0.1774219575177962,-0.2,0.591796875,0.591796875,0.5747583445164413,1.0
3000.0,strong_drift,goal_success_rate,adaptive_mission,belief_orienteering_depth1,10,10,10,10,10,1.0,1.0,0,-0.07536749149500001,-0.15012149233315247,-0.0038403192412575417,-0.5893899463162945,-0.5272727272727272,0.099609375,0.099609375,0.06234773625528911,1.0
3000.0,strong_drift,goal_success_rate,adaptive_mission,confirmed_route,10,10,10,10,10,1.0,1.0,0,-0.09166225512250001,-0.1260432599323675,-0.056585693452410026,-1.5565371102895098,-0.9636363636363636,0.00390625,0.00390625,8.557558262012321e-07,0.40625
3000.0,strong_drift,goal_success_rate,adaptive_mission,greedy,10,10,10,10,10,1.0,1.0,0,0.25873193202649997,0.207717751308705,0.310077329798785,2.9336907474194303,1.0,0.001953125,0.001953125,0.0,0.3203125
3000.0,strong_drift,goal_success_rate,adaptive_mission,oracle_current_physics,10,10,10,10,10,1.0,1.0,0,-0.4572987235629,-0.4986592132841825,-0.4125689911420075,-6.118543275564353,-1.0,0.001953125,0.001953125,0.0,0.3203125
3000.0,strong_drift,regret_to_best_fixed_auc,adaptive_mission,belief_horizon,10,10,10,10,10,1.0,1.0,0,0.012293124780400002,-0.0312440544139425,0.05715708840513998,0.16213246954642355,0.16363636363636364,0.61328125,0.61328125,0.6081556722252783,1.0
3000.0,strong_drift,regret_to_best_fixed_auc,adaptive_mission,belief_orienteering,10,10,10,10,10,1.0,1.0,0,0.048327472782500006,0.014779572792357502,0.0914917996397,0.7371759049694012,0.7454545454545455,0.025390625,0.025390625,0.019745193504859815,1.0
3000.0,strong_drift,regret_to_best_fixed_auc,adaptive_mission,belief_orienteering_depth1,10,10,10,10,10,1.0,1.0,0,0.009493670840899996,-0.030555889913485002,0.04919229160386997,0.1379105308681159,0.2727272727272727,0.630859375,0.630859375,0.6627559130267962,1.0
3000.0,strong_drift,regret_to_best_fixed_auc,adaptive_mission,confirmed_route,10,10,10,10,10,1.0,1.0,0,-0.07637864547859999,-0.1146631806369275,-0.03693354084244251,-1.1923487693741803,-0.8909090909090909,0.0078125,0.0078125,0.0001628960757140696,0.671875
3000.0,strong_drift,regret_to_best_fixed_auc,adaptive_mission,greedy,10,10,10,10,10,1.0,1.0,0,-0.407240977929,-0.46201763234460747,-0.3443634696171675,-4.037242305254762,-1.0,0.001953125,0.001953125,0.0,0.3203125
3000.0,strong_drift,regret_to_best_fixed_auc,adaptive_mission,oracle_current_physics,10,0,10,0,0,1.0,0.0,10,,,,,0.0,,,,
3000.0,weak_drift,auc_collected_by_path,adaptive_mission,belief_horizon,10,10,10,10,10,1.0,1.0,0,-0.0716960712888,-0.132677996358995,-0.0012988603696651182,-0.6313924586056542,-0.6,0.083984375,0.083984375,0.04586449274539017,1.0
3000.0,weak_drift,auc_collected_by_path,adaptive_mission,belief_orienteering,10,10,10,10,10,1.0,1.0,0,-0.0429507191498,-0.08993161559942249,0.010650114517629986,-0.5006919223352884,-0.5272727272727272,0.142578125,0.142578125,0.11334697918815984,1.0
3000.0,weak_drift,auc_collected_by_path,adaptive_mission,belief_orienteering_depth1,10,10,10,10,10,1.0,1.0,0,-0.0172486345084,-0.0698121897919525,0.03694759562920247,-0.1927193638935968,-0.23636363636363636,0.5390625,0.5390625,0.5422380404224607,1.0
3000.0,weak_drift,auc_collected_by_path,adaptive_mission,confirmed_route,10,10,10,10,10,1.0,1.0,0,0.10280382116110001,0.05003755244719501,0.154646569668915,1.1611015130848952,0.8909090909090909,0.0078125,0.0078125,0.00024091848850193998,0.671875
3000.0,weak_drift,auc_collected_by_path,adaptive_mission,greedy,10,10,10,10,10,1.0,1.0,0,0.0990763999311,0.026472123413059996,0.1758355578092975,0.76886023898948,0.7454545454545455,0.037109375,0.037109375,0.015042693914435468,1.0
3000.0,weak_drift,auc_collected_by_path,adaptive_mission,oracle_current_physics,10,10,10,10,10,1.0,1.0,0,-0.49283503709790005,-0.5444702598973199,-0.4328454568398725,-5.2181601183776944,-1.0,0.001953125,0.001953125,0.0,0.3203125
3000.0,weak_drift,collected_ratio,adaptive_mission,belief_horizon,10,10,10,10,10,1.0,1.0,0,-0.017999999999999995,-0.1320166666665675,0.0839999999999025,-0.09704879929651636,0.0,0.79296875,0.79296875,0.7589231047100544,1.0
3000.0,weak_drift,collected_ratio,adaptive_mission,belief_orienteering,10,10,10,10,10,1.0,1.0,0,-0.0633333333335,-0.22271666666679996,0.09466666666640251,-0.2329929490048896,-0.23636363636363636,0.4765625,0.4765625,0.46125103996757,1.0
3000.0,weak_drift,collected_ratio,adaptive_mission,belief_orienteering_depth1,10,10,10,10,10,1.0,1.0,0,0.015999999999899997,-0.11401666666686502,0.1346666666666025,0.07427655426215252,0.14545454545454545,0.802734375,0.802734375,0.8142994760575621,1.0
3000.0,weak_drift,collected_ratio,adaptive_mission,confirmed_route,10,10,10,10,10,1.0,1.0,0,0.1993333333333,0.0806500000001325,0.3080166666664649,1.054863500029419,0.8181818181818182,0.01171875,0.01171875,0.0008506311568186042,0.890625
3000.0,weak_drift,collected_ratio,adaptive_mission,greedy,10,10,10,10,10,1.0,1.0,0,0.3986666666667,0.23798333333333754,0.5333333333332999,1.5538671310186,0.9272727272727272,0.005859375,0.005859375,8.934642363733758e-07,0.521484375
3000.0,weak_drift,collected_ratio,adaptive_mission,oracle_current_physics,10,10,10,10,10,1.0,1.0,0,-0.3186666666666,-0.4393499999998675,-0.2139999999998975,-1.5945543238680189,-1.0,0.001953125,0.001953125,4.596725076133623e-07,0.3203125
3000.0,weak_drift,oracle_gap_auc_collected_by_path,adaptive_mission,belief_horizon,10,10,10,10,10,1.0,1.0,0,0.0716960712888,0.001298860369665,0.132677996358995,0.6313924586056542,0.6,0.083984375,0.083984375,0.04586449274539017,1.0
3000.0,weak_drift,oracle_gap_auc_collected_by_path,adaptive_mission,belief_orienteering,10,10,10,10,10,1.0,1.0,0,0.0429507191498,-0.010650114517629997,0.08993161559942248,0.5006919223352884,0.5272727272727272,0.142578125,0.142578125,0.11334697918815984,1.0
3000.0,weak_drift,oracle_gap_auc_collected_by_path,adaptive_mission,belief_orienteering_depth1,10,10,10,10,10,1.0,1.0,0,0.0172486345084,-0.0369475956292025,0.06981218979195247,0.1927193638935968,0.23636363636363636,0.5390625,0.5390625,0.5422380404224607,1.0
3000.0,weak_drift,oracle_gap_auc_collected_by_path,adaptive_mission,confirmed_route,10,10,10,10,10,1.0,1.0,0,-0.10280382116110001,-0.15464656966891502,-0.05003755244719503,-1.1611015130848952,-0.8909090909090909,0.0078125,0.0078125,0.00024091848850193998,0.671875
3000.0,weak_drift,oracle_gap_auc_collected_by_path,adaptive_mission,greedy,10,10,10,10,10,1.0,1.0,0,-0.0990763999311,-0.1758355578092975,-0.02647212341306004,-0.76886023898948,-0.7454545454545455,0.037109375,0.037109375,0.015042693914435468,1.0
3000.0,weak_drift,oracle_gap_auc_collected_by_path,adaptive_mission,oracle_current_physics,10,10,10,10,10,1.0,1.0,0,0.49283503709790005,0.4328454568398725,0.5444702598973198,5.2181601183776944,1.0,0.001953125,0.001953125,0.0,0.3203125
3000.0,weak_drift,empty_goal_arrivals_per_km,adaptive_mission,belief_horizon,10,10,10,10,10,1.0,1.0,0,15.0324919405714,8.632592943182559,21.69918459960846,1.3622988234181825,1.0,0.001953125,0.001953125,1.6476185830782697e-05,0.3203125
3000.0,weak_drift,empty_goal_arrivals_per_km,adaptive_mission,belief_orienteering,10,10,10,10,10,1.0,1.0,0,20.9325331377439,12.60034257385351,29.00254906119883,1.5026717140641634,1.0,0.001953125,0.001953125,2.015487370332636e-06,0.3203125
3000.0,weak_drift,empty_goal_arrivals_per_km,adaptive_mission,belief_orienteering_depth1,10,10,10,10,10,1.0,1.0,0,26.032182952876305,19.66525589573322,32.30085944372911,2.4540641684594036,1.0,0.001953125,0.001953125,8.43769498715119e-15,0.3203125
3000.0,weak_drift,empty_goal_arrivals_per_km,adaptive_mission,confirmed_route,10,10,10,10,10,1.0,1.0,0,1.2662760666093,-3.1351078780075445,5.201442938561901,0.176240525244639,0.23636363636363636,0.56640625,0.56640625,0.5773078052193021,1.0
3000.0,weak_drift,empty_goal_arrivals_per_km,adaptive_mission,greedy,10,10,10,10,10,1.0,1.0,0,-5.3326977297412,-15.401840840920643,3.8660543696365126,-0.3260457488586407,-0.34545454545454546,0.322265625,0.322265625,0.30251869189635006,1.0
3000.0,weak_drift,empty_goal_arrivals_per_km,adaptive_mission,oracle_current_physics,10,10,10,10,10,1.0,1.0,0,23.8003821534978,18.095151792770686,29.295186644993365,2.4575077670285257,1.0,0.001953125,0.001953125,7.771561172376096e-15,0.3203125
3000.0,weak_drift,wasted_path_ratio,adaptive_mission,belief_horizon,10,10,10,10,10,1.0,1.0,0,0.2027863822315,0.11983182726530998,0.28940110429893745,1.366305677023752,1.0,0.001953125,0.001953125,1.5557877948157994e-05,0.3203125
3000.0,weak_drift,wasted_path_ratio,adaptive_mission,belief_orienteering,10,10,10,10,10,1.0,1.0,0,0.23596820040270003,0.11830819361003252,0.35041229790679235,1.204105875296886,0.8909090909090909,0.0078125,0.0078125,0.00014025558631591828,0.671875
3000.0,weak_drift,wasted_path_ratio,adaptive_mission,belief_orienteering_depth1,10,10,10,10,10,1.0,1.0,0,0.2308857609845,0.13909454147888,0.3222178442317675,1.499602009034339,1.0,0.001953125,0.001953125,2.114536738151429e-06,0.3203125
3000.0,weak_drift,wasted_path_ratio,adaptive_mission,confirmed_route,10,10,10,10,10,1.0,1.0,0,-0.1310182665011,-0.23290437786610999,-0.045637261916502525,-0.8346340652259288,-0.8181818181818182,0.017578125,0.017578125,0.008306648241472203,1.0
3000.0,weak_drift,wasted_path_ratio,adaptive_mission,greedy,10,10,10,10,10,1.0,1.0,0,-0.2890992652292,-0.3677071550518875,-0.2039449770382025,-2.055364180258417,-1.0,0.001953125,0.001953125,8.05164823702853e-11,0.3203125
3000.0,weak_drift,wasted_path_ratio,adaptive_mission,oracle_current_physics,10,10,10,10,10,1.0,1.0,0,0.41410123176929997,0.32235817529352756,0.5049048999816349,2.7011023745327916,1.0,0.001953125,0.001953125,0.0,0.3203125
3000.0,weak_drift,goal_success_rate,adaptive_mission,belief_horizon,10,10,10,10,10,1.0,1.0,0,-0.0615859802611,-0.11489940493956,-0.011109749716695087,-0.692607490896083,-0.6727272727272727,0.056640625,0.056640625,0.02850848872123568,1.0
3000.0,weak_drift,goal_success_rate,adaptive_mission,belief_orienteering,10,10,10,10,10,1.0,1.0,0,-0.11641426421639997,-0.19487073153916498,-0.030309823916917524,-0.853295514680938,-0.7818181818181819,0.029296875,0.029296875,0.006968259654934084,1.0
3000.0,weak_drift,goal_success_rate,adaptive_mission,belief_orienteering_depth1,10,10,10,10,10,1.0,1.0,0,-0.1448328511045,-0.20312909852018748,-0.08718904583894259,-1.4739704981612638,-1.0,0.001953125,0.001953125,3.1451777022795113e-06,0.3203125
3000.0,weak_drift,goal_success_rate,adaptive_mission,confirmed_route,10,10,10,10,10,1.0,1.0,0,0.0314327150855,-0.029205376442339996,0.0919459139449,0.3068711998546781,0.34545454545454546,0.375,0.375,0.3318411995478543,1.0
3000.0,weak_drift,goal_success_rate,adaptive_mission,greedy,10,10,10,10,10,1.0,1.0,0,0.11707779657639998,0.05085740410255001,0.18662987898874497,1.0216979352133284,0.8545454545454545,0.013671875,0.013671875,0.0012340431864910073,0.984375
3000.0,weak_drift,goal_success_rate,adaptive_mission,oracle_current_physics,10,10,10,10,10,1.0,1.0,0,-0.5108939436397001,-0.54412203901099,-0.47830367108398264,-9.112809374677418,-1.0,0.001953125,0.001953125,0.0,0.3203125
3000.0,weak_drift,regret_to_best_fixed_auc,adaptive_mission,belief_horizon,10,10,10,10,10,1.0,1.0,0,0.08168253123380001,0.0246781776373375,0.13274341414435994,0.8827437584950815,0.7454545454545455,0.02734375,0.02734375,0.005246745946402065,1.0
3000.0,weak_drift,regret_to_best_fixed_auc,adaptive_mission,belief_orienteering,10,10,10,10,10,1.0,1.0,0,0.0529371790948,0.011003153376754997,0.0906089559092,0.7927353407918137,0.7454545454545455,0.037109375,0.037109375,0.012181264829392635,1.0
3000.0,weak_drift,regret_to_best_fixed_auc,adaptive_mission,belief_orienteering_depth1,10,10,10,10,10,1.0,1.0,0,0.0272350944534,-0.021215419273459997,0.07184812594859995,0.3402052715970567,0.4222222222222222,0.3125,0.3125,0.2820061866941752,1.0
3000.0,weak_drift,regret_to_best_fixed_auc,adaptive_mission,confirmed_route,10,10,10,10,10,1.0,1.0,0,-0.0928173612161,-0.13631332866984,-0.04828564839521005,-1.2518951525591644,-0.8909090909090909,0.0078125,0.0078125,7.531464497101403e-05,0.671875
3000.0,weak_drift,regret_to_best_fixed_auc,adaptive_mission,greedy,10,10,10,10,10,1.0,1.0,0,-0.0890899399861,-0.15307923238789,-0.023508298363162504,-0.7729077553828144,-0.7454545454545455,0.037109375,0.037109375,0.01451943155486446,1.0
3000.0,weak_drift,regret_to_best_fixed_auc,adaptive_mission,oracle_current_physics,10,0,10,0,0,1.0,0.0,10,,,,,0.0,,,,
