,,,,seed,seed,collected,collected,collected_ratio,collected_ratio,collected_mass_kg,collected_mass_kg,collected_mass_per_meter,collected_mass_per_meter,path_length_m,path_length_m,sim_time_s,sim_time_s,goal_count,goal_count,evaluated_goal_count,evaluated_goal_count,empty_goal_arrivals,empty_goal_arrivals,empty_goal_arrivals_per_km,empty_goal_arrivals_per_km,wasted_path_to_empty_goals,wasted_path_to_empty_goals,wasted_path_ratio,wasted_path_ratio,wasted_time_to_empty_goals,wasted_time_to_empty_goals,wasted_time_ratio,wasted_time_ratio,goal_success_rate,goal_success_rate,route_false_visits,route_false_visits,capture_contacts,capture_contacts,terminal_capture_attempts,terminal_capture_attempts,successful_captures,successful_captures,missed_capture_count,missed_capture_count,missed_captures,missed_captures,partial_contact_events,partial_contact_events,throughput_limit_events,throughput_limit_events,bin_full_events,bin_full_events,collection_precision,collection_precision,pushed_away_events,pushed_away_events,pushed_away_debris_count,pushed_away_debris_count,info_gain_total,info_gain_total,unload_events,unload_events,auc_collected_by_path,auc_collected_by_path,collected_ratio_at_1km,collected_ratio_at_1km,collected_ratio_at_2km,collected_ratio_at_2km,collected_ratio_at_3km,collected_ratio_at_3km,map_precision,map_precision,map_recall,map_recall,map_f1,map_f1,map_iou,map_iou,map_brier,map_brier,count_mae,count_mae,detection_precision,detection_precision,detection_recall,detection_recall,false_detection_count,false_detection_count,true_detection_count,true_detection_count,camera_detection_precision,camera_detection_precision,camera_detection_recall,camera_detection_recall,camera_false_detection_count,camera_false_detection_count,camera_true_detection_count,camera_true_detection_count,radar_detection_precision,radar_detection_precision,radar_detection_recall,radar_detection_recall,radar_false_detection_count,radar_false_detection_count,radar_true_detection_count,radar_true_detection_count,near_range_detection_precision,near_range_detection_precision,near_range_detection_count,near_range_detection_count,mid_range_detection_precision,mid_range_detection_precision,mid_range_detection_count,mid_range_detection_count,far_range_detection_precision,far_range_detection_precision,far_range_detection_count,far_range_detection_count,path_budget_m,path_budget_m,safety_tmax_s,safety_tmax_s,world_area_m2,world_area_m2,collection_coverage_ratio,collection_coverage_ratio,drift_speed_mps,drift_speed_mps,drift_per_update_width,drift_per_update_width,drift_per_60s_width,drift_per_60s_width,camera_sigma_eff_m,camera_sigma_eff_m,radar_sigma_eff_m,radar_sigma_eff_m,camera_capture_uncertainty_ratio,camera_capture_uncertainty_ratio,radar_capture_uncertainty_ratio,radar_capture_uncertainty_ratio,expected_camera_clutter_per_scan,expected_camera_clutter_per_scan,expected_radar_clutter_per_scan,expected_radar_clutter_per_scan,oracle_current_collected_ratio,oracle_current_collected_ratio,oracle_current_auc_collected_by_path,oracle_current_auc_collected_by_path,oracle_current_path_length_m,oracle_current_path_length_m,oracle_gap_collected_ratio,oracle_gap_collected_ratio,oracle_gap_auc_collected_by_path,oracle_gap_auc_collected_by_path,collected_ratio_vs_oracle,collected_ratio_vs_oracle,best_fixed_auc_collected_by_path,best_fixed_auc_collected_by_path,best_fixed_collected_ratio,best_fixed_collected_ratio,delta_vs_best_fixed_auc,delta_vs_best_fixed_auc,delta_vs_best_fixed_collected_ratio,delta_vs_best_fixed_collected_ratio,gain_vs_best_fixed_auc,gain_vs_best_fixed_auc,gain_vs_best_fixed_collected_ratio,gain_vs_best_fixed_collected_ratio,regret_to_best_fixed_auc,regret_to_best_fixed_auc,regret_to_best_fixed_collected_ratio,regret_to_best_fixed_collected_ratio
,,,,mean,std,mean,std,mean,std,mean,std,mean,std,mean,std,mean,std,mean,std,mean,std,mean,std,mean,std,mean,std,mean,std,mean,std,mean,std,mean,std,mean,std,mean,std,mean,std,mean,std,mean,std,mean,std,mean,std,mean,std,mean,std,mean,std,mean,std,mean,std,mean,std,mean,std,mean,std,mean,std,mean,std,mean,std,mean,std,mean,std,mean,std,mean,std,mean,std,mean,std,mean,std,mean,std,mean,std,mean,std,mean,std,mean,std,mean,std,mean,std,mean,std,mean,std,mean,std,mean,std,mean,std,mean,std,mean,std,mean,std,mean,std,mean,std,mean,std,mean,std,mean,std,mean,std,mean,std,mean,std,mean,std,mean,std,mean,std,mean,std,mean,std,mean,std,mean,std,mean,std,mean,std,mean,std,mean,std,mean,std,mean,std,mean,std,mean,std,mean,std,mean,std,mean,std,mean,std,mean,std,mean,std
path_budget_m,scenario,profile,mode,,,,,,,,,,,,,,,,,,,,,,,,,,,,,,,,,,,,,,,,,,,,,,,,,,,,,,,,,,,,,,,,,,,,,,,,,,,,,,,,,,,,,,,,,,,,,,,,,,,,,,,,,,,,,,,,,,,,,,,,,,,,,,,,,,,,,,,,,,,,,,,,,,,,,,,,,,,,,,,,,,,,,,,,,,
3000.0,robot_disturbed,nominal,adaptive_mission,302.0,1.5811388300841898,103.8,32.88160580020386,0.692,0.21921070533469236,36.65827226620506,10.59175533096393,0.012219093608013142,0.0035305349759378406,3000.083454196115,0.05973556456975975,5733.4,306.0609416439805,290.8,32.20558957696629,130.4,10.737783756436896,80.6,6.84105255059483,26.865917845077632,2.2802815081332017,1110.2000252500436,283.56636523128424,0.37005668412381637,0.0945219868081401,1913.6,381.9329784137526,0.33536731961459393,0.07273484246698307,0.377667497769339,0.08329533066565538,0.0,0.0,1538.6,564.7847377541287,146.4,50.614227248867486,103.8,32.88160580020386,42.6,19.086644545335883,42.6,19.086644545335883,1071.8,351.02948594099615,320.4,167.64486273071418,0.0,0.0,0.7162295108702741,0.041290910637007676,20947.6,7085.946182409234,122.8,35.96109008358896,-0.030699397109545445,0.036620261481432645,0.8,0.4472135954999579,0.35094480602026323,0.10262423004366471,0.15333333333333332,0.1216552506059644,0.5519999999999999,0.1635304932488807,0.692,0.21921070533469236,0.003278688524590164,0.007331370418032098,0.02222222222222222,0.049690399499995326,0.005714285714285715,0.0127775312999988,0.002898550724637681,0.0064813564565211305,0.008903236177859406,0.007799578932307843,0.03914954857737193,0.032111041847990664,0.9666802985591024,0.01060122947769196,0.8826666666666666,0.2171839977735213,496.2,34.16430886173464,15540.4,4656.7757407888985,0.9944461632680689,0.003339346239634839,0.8533333333333333,0.23285665595430638,27.4,7.231873892705818,5757.0,1891.2967773461678,0.9513581959768473,0.013867506763683993,0.8826666666666666,0.2171839977735213,468.8,34.78792894094156,9783.4,2778.83119314578,0.9914463670115558,0.00403742877017219,7629.0,2550.2624374757984,0.966308616812063,0.009839957786853476,5515.4,1466.6217303722183,0.9045613358420178,0.024835067015723654,2892.2,703.3922803102121,3000.0,0.0,16500.0,0.0,40000.0,0.0,0.075,0.0,0.04527692569068708,0.0,0.09055385138137416,0.0,2.7166155414412247,0.0,1.25,0.0,3.6700000000000004,0.0,1.25,0.0,3.6700000000000004,0.0,0.009544769346843989,0.0,0.15904312808798324,0.0,1.0,0.0,0.7227628516444543,0.029145037778965606,1625.4781398440034,243.0733160514939,0.308,0.21921070533469242,0.37181804562419113,0.08243057220887304,0.692,0.21921070533469236,0.37138585608982844,0.10399099936614416,0.7866666666666667,0.200776271285008,-0.02044105006956521,0.029872865142967858,-0.09466666666666668,0.15757890439748304,0.0034688851213793446,0.007756662937541824,0.010666666666666668,0.023851391759997762,0.023909935190944552,0.024997403981829376,0.10533333333333335,0.1464695645290629
3000.0,robot_disturbed,nominal,belief_horizon,302.0,1.5811388300841898,103.4,34.04849482723135,0.6893333333333334,0.22698996551487569,36.34234495941271,11.232171497763776,0.012113784806814552,0.0037440533392146687,3000.088254597896,0.10122871215411904,5542.2,207.27686798096877,275.8,28.154928520598315,132.4,17.79887636902959,85.0,11.640446726822816,28.33246256123075,3.879724023980661,1290.6331840526673,218.9210359353317,0.43019821104660994,0.07296971796206574,2147.2,270.8001107828429,0.3879942255211544,0.0521871382113827,0.3531527563157792,0.08896658899418972,0.0,0.0,1490.8,533.2665374838365,141.4,44.679973142337495,103.4,34.04849482723135,38.0,11.597413504743201,38.0,11.597413504743201,1049.4,335.0228350426281,300.0,170.44500579365769,0.0,0.0,0.7298916933023551,0.037720035952327445,20195.8,6647.229174626072,121.8,37.33229165213408,-0.009524288666431964,0.02986781416990418,0.8,0.4472135954999579,0.3637591046751624,0.10759218162729603,0.14933333333333335,0.12189248450080005,0.5386666666666666,0.1888797383404465,0.6893333333333334,0.22698996551487569,0.0,0.0,0.0,0.0,0.0,0.0,0.0,0.0,0.00432145123797157,0.001967664448423464,0.023984391688525154,0.017058684358683244,0.9671324151463578,0.009954430754691367,0.868,0.225211012164148,465.2,40.208208117248894,14804.4,4715.006076348152,0.9943077864601113,0.003068838009250014,0.836,0.24090569847049187,26.8,4.969909455915671,5446.8,1795.421872429987,0.9521603904028725,0.013112397105834986,0.868,0.225211012164148,438.4,41.12541793100709,9357.6,2952.4920491002176,0.9903544266792809,0.0036697250239911194,7180.6,2273.961367305962,0.9680068406930895,0.008778748741048713,5334.0,1698.075528355556,0.9053614649372074,0.025619867991081128,2755.0,877.7342992044917,3000.0,0.0,16500.0,0.0,40000.0,0.0,0.075,0.0,0.04527692569068708,0.0,0.09055385138137416,0.0,2.7166155414412247,0.0,1.25,0.0,3.6700000000000004,0.0,1.25,0.0,3.6700000000000004,0.0,0.009544769346843989,0.0,0.15904312808798324,0.0,1.0,0.0,0.7227628516444543,0.029145037778965606,1625.4781398440034,243.0733160514939,0.31066666666666665,0.22698996551487566,0.3590037469692919,0.09158689526252299,0.6893333333333334,0.22698996551487569,0.37138585608982844,0.10399099936614416,0.7866666666666667,0.200776271285008,-0.007626751414666011,0.017053934610685887,-0.09733333333333334,0.143341085061704,0.0,0.0,0.0,0.0,0.007626751414666011,0.017053934610685887,0.09733333333333334,0.143341085061704
3000.0,robot_disturbed,nominal,belief_orienteering,302.0,1.5811388300841898,96.4,40.87542048713383,0.6426666666666667,0.2725028032475589,33.225633695585984,15.00731698184069,0.011074705698972797,0.005002244008625202,3000.142203526687,0.06654368178959418,5459.4,139.88316553467035,229.0,30.732718721258617,123.6,14.959946523968595,78.4,5.5946402922797445,26.13209102231487,1.8647005991194912,1453.9740784981307,317.2207450135831,0.4846341365905909,0.10573056608516834,2489.6,400.3189978005042,0.4576904444566052,0.08463984544845538,0.3565591226250321,0.10188691564441242,0.0,0.0,1475.6,609.4368712180122,125.6,57.760713291994584,96.4,40.87542048713383,29.2,17.51285242329187,29.2,17.51285242329187,971.0,396.90490044845757,379.0,163.28349579795258,0.0,0.0,0.778801133974168,0.03883098992823583,20250.0,6494.401666050537,127.2,27.83343313355361,-0.01873179541987229,0.007045614611817406,0.6,0.5477225575051661,0.3099502321559585,0.12035708444596144,0.10133333333333334,0.03602468289628345,0.5013333333333334,0.18278098612516805,0.6426666666666667,0.2725028032475589,0.0,0.0,0.0,0.0,0.0,0.0,0.0,0.0,0.005088217015971634,0.0027906783056089865,0.028365251208706553,0.015141312019238599,0.9682455091006649,0.009721790706311281,0.9973333333333333,0.005962847939999415,460.4,25.323901753086947,15079.4,4408.605312340855,0.9957258515041538,0.00140636830284521,0.9386666666666666,0.0873562310949317,22.6,5.224940191045253,5596.6,1827.5395481356893,0.9532280011695372,0.013296413469721489,0.9973333333333333,0.005962847939999415,437.8,27.508180601413823,9482.8,2609.5553644251354,0.9919191536886209,0.002708368036671788,7505.0,2311.82492849264,0.9669644526398897,0.010479390765122483,5326.4,1590.7203714041007,0.9073838004285951,0.0232518105420397,2708.4,629.7918703825892,3000.0,0.0,16500.0,0.0,40000.0,0.0,0.075,0.0,0.04527692569068708,0.0,0.09055385138137416,0.0,2.7166155414412247,0.0,1.25,0.0,3.6700000000000004,0.0,1.25,0.0,3.6700000000000004,0.0,0.009544769346843989,0.0,0.15904312808798324,0.0,1.0,0.0,0.7227628516444543,0.029145037778965606,1625.4781398440034,243.0733160514939,0.35733333333333334,0.2725028032475588,0.4128126194884958,0.09996965229433868,0.6426666666666667,0.2725028032475589,0.37138585608982844,0.10399099936614416,0.7866666666666667,0.200776271285008,-0.061435623933869886,0.08174251626279745,-0.14400000000000002,0.22966642477007101,0.0,0.0,0.0,0.0,0.061435623933869886,0.08174251626279745,0.14400000000000002,0.22966642477007101
3000.0,robot_disturbed,nominal,belief_orienteering_depth1,302.0,1.5811388300841898,97.8,29.26089540666861,0.652,0.19507263604445738,34.24254466728961,9.227305864913493,0.01141398651311555,0.0030757684737142427,3000.0533200847976,0.04992517659240843,5453.4,96.72796906789686,212.2,19.070920271449936,105.2,10.059821071967434,63.4,7.5365774725667105,21.132960529896167,2.512202508304858,1372.9641422435402,182.81114024238582,0.457647123593968,0.06094034990264911,2355.4,300.06049390081324,0.43130944502909596,0.04855670677493133,0.39180798846162795,0.10344284904701537,0.0,0.0,1350.2,422.37388650341535,130.0,40.570925550201586,97.8,29.26089540666861,32.2,12.969194269498782,32.2,12.969194269498782,965.0,277.9937049646988,255.2,108.01712827139961,0.0,0.0,0.7580551114355505,0.046022302867368844,17166.8,3056.5383524503663,113.2,30.50737615725089,-0.017154434197807156,0.024458115844839645,0.8,0.4472135954999579,0.3129534984109069,0.10969307359824779,0.12400000000000003,0.08307961375826337,0.544,0.13585940445099037,0.652,0.19507263604445738,0.12371747211895909,0.26637165081721526,0.06283309957924263,0.0960263397840857,0.04018264840182648,0.07224503363128312,0.02166613873930947,0.03943623718816944,0.007944304365976559,0.007928902358320358,0.03427988203375703,0.026243266035305746,0.9669509444194195,0.00876964285841769,0.8813333333333333,0.19666101686799944,463.6,30.63984334163606,14100.6,2642.4241332534034,0.9945663760210112,0.0014075811889280813,0.836,0.22893958446134505,26.4,1.8165902124584956,5033.4,1011.3855842358046,0.9524467623735315,0.011847583435623648,0.8813333333333333,0.19666101686799944,437.2,29.836219599674493,9067.2,1653.736284901556,0.9909792746689782,0.0027851750056249146,6594.2,1193.0380128059626,0.967892590653005,0.0071647215423817886,5127.0,979.7948764920135,0.9097456005045904,0.024770037952402634,2843.0,497.9874496410527,3000.0,0.0,16500.0,0.0,40000.0,0.0,0.075,0.0,0.04527692569068708,0.0,0.09055385138137416,0.0,2.7166155414412247,0.0,1.25,0.0,3.6700000000000004,0.0,1.25,0.0,3.6700000000000004,0.0,0.009544769346843989,0.0,0.15904312808798324,0.0,1.0,0.0,0.7227628516444543,0.029145037778965606,1625.4781398440034,243.0733160514939,0.348,0.19507263604445738,0.4098093532335475,0.08923523420336053,0.652,0.19507263604445738,0.37138585608982844,0.10399099936614416,0.7866666666666667,0.200776271285008,-0.05843235767892156,0.04403866605076011,-0.13466666666666666,0.13092830947591974,0.0,0.0,0.0,0.0,0.05843235767892156,0.04403866605076011,0.13466666666666666,0.13092830947591974
3000.0,robot_disturbed,nominal,confirmed_route,302.0,1.5811388300841898,91.6,26.482069405543065,0.6106666666666667,0.17654712937028713,32.17522633370366,7.983850093446596,0.010724750481497979,0.0026611717923242036,3000.0889702298446,0.07774873914934609,4211.4,295.01067777285624,177.8,34.53548899320813,176.0,35.12121865767189,119.6,34.06317659878479,39.86565887942478,11.354751962645839,1940.223460264547,340.1463797728352,0.6467225030900128,0.11338379154497641,2874.8,563.6973478738391,0.6798161420768947,0.10237957239323196,0.327907987966224,0.09372915347886203,115.8,35.85665907471024,1522.2,443.523618311359,116.6,33.59761896325393,91.6,26.482069405543065,25.0,9.72111104761179,25.0,9.72111104761179,1090.0,269.622884785398,315.6,149.4115122739878,0.0,0.0,0.7853274646913745,0.04593649043165463,17913.0,4995.945506107928,106.0,28.434134416225863,-0.062184476867340376,0.036443365227923706,0.6,0.5477225575051662,0.24407835147087575,0.11929938970474982,0.07659680596571737,0.054220028282626745,0.3666666666666667,0.22671568097509268,0.6106666666666667,0.17654712937028713,0.01695989344494815,0.025560023954172954,0.15333333333333335,0.15205587017383113,0.029992679488927847,0.0438310266335588,0.015638060767037394,0.02322699027430104,0.028316816940691224,0.01638769084816339,0.10012021515860962,0.043741262202736955,0.9753286198801694,0.006256310093011872,0.8693333333333333,0.19053142056422667,341.0,21.142374511865977,14403.8,4683.54317797968,0.9963408427130348,0.0009597703364629635,0.7693333333333333,0.20915703829100912,17.6,3.646916505762094,5007.6,1511.2628163228264,0.9642601843945073,0.009557440415444946,0.8693333333333333,0.19053142056422667,323.4,18.595698427324532,9396.2,3201.8406737375303,0.9926150733529682,0.001430190447485887,6767.4,1939.625556647468,0.9766016481849654,0.006962496137493964,5369.4,1938.371816757559,0.9267952461676243,0.020228318395076484,2608.0,848.3298297242648,3000.0,0.0,16500.0,0.0,40000.0,0.0,0.075,0.0,0.04527692569068708,0.0,0.09055385138137416,0.0,2.7166155414412247,0.0,1.25,0.0,3.6700000000000004,0.0,1.25,0.0,3.6700000000000004,0.0,0.009544769346843989,0.0,0.15904312808798324,0.0,1.0,0.0,0.7227628516444543,0.029145037778965606,1625.4781398440034,243.0733160514939,0.38933333333333336,0.1765471293702871,0.4786845001735786,0.11314117387642374,0.6106666666666667,0.17654712937028713,0.37138585608982844,0.10399099936614416,0.7866666666666667,0.200776271285008,-0.12730750461895268,0.06842156541175007,-0.17600000000000002,0.1623850020441817,0.0,0.0,0.0,0.0,0.12730750461895268,0.06842156541175007,0.17600000000000002,0.1623850020441817
3000.0,robot_disturbed,nominal,greedy,302.0,1.5811388300841898,21.8,4.207136793592526,0.14533333333333334,0.028047578623950166,7.459440708462864,1.8095025169617718,0.0024863707185732776,0.0006030859481362818,3000.1191426449072,0.09262265468261821,4438.6,360.7884421652113,171.6,36.698773821478014,170.6,36.698773821478014,149.2,39.200765298652016,49.73138233333596,13.06656857922908,2694.601560979783,125.1705997016803,0.8981643873057665,0.04171004546327911,4017.8,483.0980231795614,0.9028487428823017,0.03858443829589696,0.13351265249659855,0.04995074084528586,0.0,0.0,345.6,58.4534002432707,30.8,5.167204273105526,21.8,4.207136793592526,9.0,2.1213203435596424,9.0,2.1213203435596424,301.8,42.69309077590893,13.0,12.020815280171307,0.0,0.0,0.7062359041620277,0.059219898409327655,10418.8,1671.043147258622,74.4,16.622274212634082,-0.026493446836847283,0.01629680294180217,0.0,0.0,0.10943069237471655,0.02394894597667554,0.10266666666666666,0.039609202073367863,0.14533333333333334,0.028047578623950166,0.14533333333333334,0.028047578623950166,0.0,0.0,0.0,0.0,0.0,0.0,0.0,0.0,0.006507100443835637,0.0004697485029921342,0.018617528411868,0.0027023883016825474,0.9556605168095886,0.01017487587620744,0.8039999999999999,0.22194093308305654,378.2,23.004347415216976,8461.0,1786.6805814134768,0.9918334784019104,0.002666056744361178,0.6839999999999999,0.20092010573580957,20.8,4.658325879540846,2624.2,630.2278952886805,0.9403971936576484,0.013159218354707633,0.8026666666666668,0.22118870776882904,357.4,20.851858430365382,5836.8,1174.8611407311078,0.9869386390440946,0.0026737825624498857,3555.6,856.9033201009319,0.9568872199352999,0.012141073887576365,3377.2,821.7859818711926,0.8954621211451004,0.017001277169239205,1906.4,375.2296630065379,3000.0,0.0,16500.0,0.0,40000.0,0.0,0.075,0.0,0.04527692569068708,0.0,0.09055385138137416,0.0,2.7166155414412247,0.0,1.25,0.0,3.6700000000000004,0.0,1.25,0.0,3.6700000000000004,0.0,0.009544769346843989,0.0,0.15904312808798324,0.0,1.0,0.0,0.7227628516444543,0.029145037778965606,1625.4781398440034,243.0733160514939,0.8546666666666667,0.028047578623950145,0.6133321592697378,0.04722719281914448,0.14533333333333334,0.028047578623950166,0.37138585608982844,0.10399099936614416,0.7866666666666667,0.200776271285008,-0.26195516371511196,0.11887102607720948,-0.6413333333333333,0.21742942660908524,0.0,0.0,0.0,0.0,0.26195516371511196,0.11887102607720948,0.6413333333333333,0.21742942660908524
3000.0,robot_disturbed,nominal,lawnmower_collect,302.0,1.5811388300841898,12.6,3.911521443121589,0.084,0.026076809620810597,3.800488239125829,1.0760588855670061,0.001266829413041483,0.00035868629518887187,3000.0000000010887,0.0,5068.0,0.0,30.0,0.0,29.0,0.0,21.0,3.3911649915626345,6.999999999997461,1.1303883305204678,2039.8800000007418,579.6231594753923,0.6799600000000006,0.19320771982506066,3447.0,974.1547618320202,0.6801499605367008,0.1922168038342581,0.27586206896551724,0.1169367238469874,0.0,0.0,260.2,151.64168292392432,16.4,6.2289646009589745,12.6,3.911521443121589,3.8,2.588435821108957,3.8,2.588435821108957,170.0,75.32595834106593,73.8,74.05200875060716,0.0,0.0,0.7868398268398268,0.08575573465444716,4571.0,2410.1884781070544,41.2,18.253766734567417,-0.03408948991181074,0.008873805623605529,0.0,0.0,0.03573929999998935,0.013119675269310864,0.013333333333333332,0.011547005383792514,0.048,0.0196638416050035,0.084,0.026076809620810597,0.0,0.0,0.0,0.0,0.0,0.0,0.0,0.0,0.007623700972462982,0.0015713129894225153,0.024818383071381567,0.0035271825632611172,0.9316087377282456,0.023349608523899033,0.6093333333333334,0.1761691106736807,429.4,15.388307249337075,6649.2,3001.514151224345,0.9842333719951115,0.008899630748519587,0.4213333333333333,0.1662260843282759,23.4,6.87749954561976,1765.4,870.6585438620585,0.9144672180354922,0.027825233478922677,0.6093333333333334,0.1761691106736807,406.0,21.78302091079196,4883.8,2135.225913106152,0.9703936756755516,0.013651051633357388,2231.8,1077.468653836389,0.9405707204326635,0.02040180214643309,2856.0,1273.2833541674845,0.8785745930609938,0.0335232009608086,1990.8,673.4409402464331,3000.0,0.0,16500.0,0.0,40000.0,0.0,0.075,0.0,0.04527692569068708,0.0,0.09055385138137416,0.0,2.7166155414412247,0.0,1.25,0.0,3.6700000000000004,0.0,1.25,0.0,3.6700000000000004,0.0,0.009544769346843989,0.0,0.15904312808798324,0.0,1.0,0.0,0.7227628516444543,0.029145037778965606,1625.4781398440034,243.0733160514939,0.916,0.026076809620810566,0.6870235516444649,0.024763507831150538,0.084,0.026076809620810597,0.37138585608982844,0.10399099936614416,0.7866666666666667,0.200776271285008,-0.33564655608983907,0.09895584100534298,-0.7026666666666668,0.19267704700987204,0.0,0.0,0.0,0.0,0.33564655608983907,0.09895584100534298,0.7026666666666668,0.19267704700987204
3000.0,robot_disturbed,nominal,oracle_current_physics,302.0,1.5811388300841898,150.0,0.0,1.0,0.0,52.9843699628056,2.4104115756161604,0.033025772687256316,0.0037161398239171283,1625.4781398440034,243.0733160514939,2519.4,297.64458671375155,158.2,1.6431676725154976,155.8,2.3874672772626653,10.6,0.8944271909999161,6.629113480654182,1.031751972667173,72.90926387489542,51.517014704321504,0.046288732449765606,0.036039658807620514,151.0,56.0223169817172,0.06083591434993553,0.025470534212430816,0.9319893511167885,0.005227458732111563,0.0,0.0,1780.6,154.8815676573555,201.2,6.978538528947164,150.0,0.0,51.2,6.97853852894716,51.2,6.97853852894716,1410.2,49.2869150992431,169.2,143.90865158148068,0.0,0.0,0.7462336925989962,0.02547807259632694,7069.6,861.3299600037143,150.0,0.0,-0.05601036197876561,0.007716069056453431,1.2,0.4472135954999579,0.7227628516444543,0.029145037778965606,0.5506666666666666,0.06659996663329158,0.9933333333333334,0.0,0.9933333333333334,0.0,0.0,0.0,0.0,0.0,0.0,0.0,0.0,0.0,0.016246624525954396,0.009038981944030309,0.06424238930097448,0.024856257670007667,0.9672495572862279,0.007050668436376437,1.0,0.0,211.2,29.886451780029024,6331.4,646.7285365591965,0.9953298355982293,0.0020632240119063004,0.9986666666666666,0.002981423969999737,10.6,3.9115214431215892,2330.2,242.01177657295935,0.9515588362512556,0.00977741679390215,1.0,0.0,200.6,26.29258450590204,4001.2,467.83672365473836,0.9915147164149685,0.0012268609867083923,3283.8,326.05244976843835,0.9661001223774551,0.010712222839936968,2155.4,353.53189389360614,0.8961367082192883,0.019673913854570714,1103.4,157.5763307099134,3000.0,0.0,16500.0,0.0,40000.0,0.0,0.075,0.0,0.04527692569068708,0.0,0.09055385138137416,0.0,2.7166155414412247,0.0,1.25,0.0,3.6700000000000004,0.0,1.25,0.0,3.6700000000000004,0.0,0.009544769346843989,0.0,0.15904312808798324,0.0,1.0,0.0,0.7227628516444543,0.029145037778965606,1625.4781398440034,243.0733160514939,0.0,0.0,0.0,0.0,1.0,0.0,0.37138585608982844,0.10399099936614416,0.7866666666666667,0.200776271285008,,,,,,,,,,,,
3000.0,static_calm,nominal,adaptive_mission,302.0,1.5811388300841898,69.8,15.61089363233252,0.4653333333333333,0.10407262421555012,23.237536092131585,4.9003899105786655,0.007745573171907738,0.0016335288147559936,3000.112170645021,0.05380005928772922,5694.4,140.6157885871995,222.6,39.144603714943905,163.6,23.093289068471815,106.8,15.139352694220449,35.59870219727642,5.046559037944308,1663.240585369124,136.80736759425417,0.5543921937828662,0.04559215425778586,3132.8,251.66982337976083,0.5503549416768472,0.04436154118074628,0.34674840073946667,0.031466594830897705,2.4,3.361547262794322,784.2,197.0499936564323,91.0,23.075961518428652,69.8,15.61089363233252,21.2,7.694153624668538,21.2,7.694153624668538,686.4,169.85670431278243,6.8,10.232301793829187,0.0,0.0,0.7718288098603059,0.0298051861630115,0.0,0.0,0.0,0.0,-0.14601373487631802,0.03456598978912166,0.2,0.447213595499958,0.2445465603228847,0.05763267841677357,0.17333333333333334,0.035276684147527874,0.31333333333333335,0.09637888196533974,0.4653333333333333,0.10407262421555012,0.1533984984311902,0.02383656960699762,0.15164008506113769,0.08900742418286002,0.13695254530188702,0.05861108581407398,0.07433269010192087,0.032694735844785966,0.011396756337158434,0.001315070935777103,0.031351746987816925,0.01027500856736848,0.9535916813351613,0.011927741444196071,0.8546666666666667,0.20946492679099182,485.8,31.71277345171816,10727.4,3808.0821025812984,0.9901598834720812,0.003686944436947587,0.744,0.17673583551604793,30.4,3.9115214431215892,3343.4,1108.4098068855221,0.9377954576056678,0.015452949158887397,0.8546666666666667,0.20946492679099182,455.4,31.453139747885267,7384.0,2709.3492761177913,0.9842856152598694,0.005618692813899847,4496.0,1438.9204286547606,0.9608939548981388,0.010279056770142769,4306.6,1583.3899709168302,0.8823704010529726,0.025687982137422134,2410.6,921.8634931485248,3000.0,0.0,16500.0,0.0,40000.0,0.0,0.075,0.0,0.0,0.0,0.0,0.0,0.0,0.0,1.25,0.0,3.6700000000000004,0.0,1.25,0.0,3.6700000000000004,0.0,0.009544769346843989,0.0,0.15904312808798324,0.0,1.0,0.0,0.7448782660926732,0.020645014340327634,1647.7013940221198,209.7818988551813,0.5346666666666666,0.10407262421555012,0.5003317057697885,0.04304699508910553,0.4653333333333333,0.10407262421555012,0.2771970336416699,0.0450513410929474,0.5213333333333334,0.08911914621573878,-0.032650473318785275,0.05135922899970321,-0.05600000000000001,0.11591184389679753,0.0010091583623089262,0.0022565466981851207,0.007999999999999997,0.010954451150103317,0.0336596316810942,0.05047532717560955,0.064,0.10970667963052914
3000.0,static_calm,nominal,belief_horizon,302.0,1.5811388300841898,78.2,13.367871932360812,0.5213333333333334,0.08911914621573878,27.395062595194094,4.100416875267415,0.00913148801839197,0.0013667771661252995,3000.0652731161163,0.05097844184568679,5908.2,120.61591934732333,254.6,29.288222889072667,175.8,16.037456157383563,111.4,11.545561917897285,37.13247648035987,3.8478322923172494,1537.768992527786,146.52314901853003,0.5125782781199538,0.04883672397061659,3021.8,262.03091420670194,0.51171153506302,0.047245705875086974,0.36598360103144445,0.038122612626439074,0.0,0.0,940.4,209.06051755412832,109.6,23.10411218809327,78.2,13.367871932360812,31.4,10.064790112068906,31.4,10.064790112068906,815.8,181.43235654094337,15.0,12.409673645990857,0.0,0.0,0.718668247163729,0.03672977207723721,0.0,0.0,0.0,0.0,-0.14323139879758678,0.022579417434143177,0.4,0.5477225575051662,0.2771970336416699,0.0450513410929474,0.2053333333333333,0.03663635110409091,0.3626666666666667,0.09895004351242659,0.5213333333333334,0.08911914621573878,0.11908994387529384,0.014321676608661568,0.13980729258232713,0.09991266347664124,0.1170344650446891,0.052252788815834415,0.06280756071229089,0.029427614147210658,0.010951528358909399,0.001573903015585792,0.030934365550291654,0.010801572231243823,0.9573491611675635,0.012986862287378987,0.8706666666666667,0.13996825036811425,493.4,21.88149903457256,12038.8,4088.967803737271,0.9917751488725713,0.0036281199083490027,0.8013333333333333,0.17018943693556438,28.2,6.723094525588644,3788.8,1258.8056641118199,0.942365805440379,0.016866478521997946,0.8706666666666667,0.13996825036811425,465.2,18.198901065723717,8250.0,2833.962596789167,0.9853916998474311,0.004966351209729045,5095.4,1516.3153695719107,0.962733613830476,0.014620023553369643,4812.8,1706.3914263732106,0.8923573804449128,0.026122269225798543,2624.0,919.1765336430211,3000.0,0.0,16500.0,0.0,40000.0,0.0,0.075,0.0,0.0,0.0,0.0,0.0,0.0,0.0,1.25,0.0,3.6700000000000004,0.0,1.25,0.0,3.6700000000000004,0.0,0.009544769346843989,0.0,0.15904312808798324,0.0,1.0,0.0,0.7448782660926732,0.020645014340327634,1647.7013940221198,209.7818988551813,0.4786666666666667,0.08911914621573878,0.46768123245100324,0.038260161164580975,0.5213333333333334,0.08911914621573878,0.2771970336416699,0.0450513410929474,0.5213333333333334,0.08911914621573878,0.0,0.0,0.0,0.0,0.0,0.0,0.0,0.0,0.0,0.0,0.0,0.0
3000.0,static_calm,nominal,belief_orienteering,302.0,1.5811388300841898,51.2,14.973309587395834,0.3413333333333333,0.09982206391597223,17.758882421375382,5.358192503006851,0.005919539412048143,0.0017861214546387627,3000.0539067170357,0.04538006176921015,5493.2,98.1361299420351,159.8,12.296340919151515,125.2,8.378544026261363,83.2,9.757048734120374,27.732805722450287,3.251968373685912,1784.275456594171,248.61913607179457,0.5947472991738414,0.08286808240458261,3233.0,423.25465148064234,0.5890802899739163,0.08042932228320658,0.33381721685976207,0.07840208774005894,0.0,0.0,599.4,186.05456188978548,69.8,20.129580224137808,51.2,14.973309587395834,18.6,7.092249290598858,18.6,7.092249290598858,523.6,160.7211871534055,6.0,8.48528137423857,0.0,0.0,0.7359589415559565,0.06898520067617119,0.0,0.0,0.0,0.0,-0.1344513079228053,0.0421664167640209,0.0,0.0,0.1854180653165948,0.04378601788708511,0.13866666666666666,0.043307684717097894,0.24266666666666667,0.0684105255059483,0.3413333333333333,0.09982206391597223,0.14451167921313793,0.03556509172022748,0.07337887276075167,0.03831559010357445,0.09214949303828421,0.03713613673924489,0.048619120230089914,0.020483800613831076,0.011722847406717862,0.001942584311633504,0.02728640157942941,0.006370780950680234,0.9541294398454004,0.013183527220347999,0.6666666666666666,0.1970899399879265,461.8,14.060583202698243,10504.4,4107.234446680637,0.9925822310959249,0.0024246925113400666,0.6053333333333334,0.2165589475818946,22.6,3.286335345030997,3311.4,1146.4071266352107,0.9369150061626094,0.01893105410825894,0.6666666666666666,0.1970899399879265,439.2,16.300306745579974,7193.0,2964.877316180216,0.9856105630747027,0.004218207710070104,4309.6,1467.3281159985997,0.9588916756366871,0.011585040837554898,4320.8,1654.2813243218338,0.8836434832498504,0.0430530659191888,2335.8,997.6831661404336,3000.0,0.0,16500.0,0.0,40000.0,0.0,0.075,0.0,0.0,0.0,0.0,0.0,0.0,0.0,1.25,0.0,3.6700000000000004,0.0,1.25,0.0,3.6700000000000004,0.0,0.009544769346843989,0.0,0.15904312808798324,0.0,1.0,0.0,0.7448782660926732,0.020645014340327634,1647.7013940221198,209.7818988551813,0.6586666666666667,0.0998220639159722,0.5594602007760783,0.03688964066063902,0.3413333333333333,0.09982206391597223,0.2771970336416699,0.0450513410929474,0.5213333333333334,0.08911914621573878,-0.09177896832507515,0.04004887234938521,-0.18000000000000002,0.07423685817106696,0.0,0.0,0.0,0.0,0.09177896832507515,0.04004887234938521,0.18000000000000002,0.07423685817106696
3000.0,static_calm,nominal,belief_orienteering_depth1,302.0,1.5811388300841898,57.6,9.423375191511798,0.384,0.0628225012767453,19.601764797733736,3.2754161823383194,0.006533677957524418,0.0010917195153985872,3000.108926965674,0.03082860391285755,5501.4,100.92472442370101,132.0,11.832159566199232,101.4,5.770615218501405,56.2,3.70135110466435,18.732660330941187,1.23387815330271,1422.3074581869628,156.8609890098052,0.4740855669322067,0.05228858238694307,2629.0,229.34035841953332,0.4784286955266082,0.048906510504841585,0.44442885844759966,0.04525281769600318,0.0,0.0,655.6,100.84294720008933,76.6,10.406728592598155,57.6,9.423375191511798,19.0,6.442049363362563,19.0,6.442049363362563,574.4,86.4337896889868,4.6,5.9833101206606365,0.0,0.0,0.7522023683945891,0.06943317323411069,0.0,0.0,0.0,0.0,-0.1484108327939374,0.019170409767116866,0.0,0.0,0.19903005063630916,0.04611367339667376,0.13999999999999999,0.04642796092394706,0.26710765920183627,0.06628440613367685,0.384,0.0628225012767453,0.20659208720060648,0.0343389276343682,0.10422491189225469,0.05370532549810935,0.13092674282294098,0.046373507690906354,0.0705753328176382,0.026517999467381786,0.01105978611295956,0.0017291545178756724,0.028152452859245437,0.007466035962732462,0.9636158428387855,0.00903215292208011,0.78,0.20176994600562076,464.0,30.15791770000044,13001.4,3723.1681804613663,0.9936753699276826,0.0016777775343673332,0.704,0.19313783218785027,24.4,4.505552130427524,4006.4,1150.9471317137031,0.9508070003719598,0.012213589571958467,0.78,0.20176994600562076,439.6,25.948024973010952,8995.0,2587.4490333144727,0.9878956797038644,0.004054460285618814,5238.2,1493.7194180969866,0.9667198503668221,0.009241899864997976,5361.4,1532.943345332762,0.9138132595159567,0.017101420967011116,2865.8,797.6896012861142,3000.0,0.0,16500.0,0.0,40000.0,0.0,0.075,0.0,0.0,0.0,0.0,0.0,0.0,0.0,1.25,0.0,3.6700000000000004,0.0,1.25,0.0,3.6700000000000004,0.0,0.009544769346843989,0.0,0.15904312808798324,0.0,1.0,0.0,0.7448782660926732,0.020645014340327634,1647.7013940221198,209.7818988551813,0.616,0.06282250127674534,0.545848215456364,0.037902075137834855,0.384,0.0628225012767453,0.2771970336416699,0.0450513410929474,0.5213333333333334,0.08911914621573878,-0.0781669830053608,0.035492471107061545,-0.13733333333333336,0.09610179787889277,0.0,0.0,0.0,0.0,0.0781669830053608,0.035492471107061545,0.13733333333333336,0.09610179787889277
3000.0,static_calm,nominal,confirmed_route,302.0,1.5811388300841898,47.2,14.078352176302452,0.31466666666666665,0.09385568117534965,16.23605342192532,4.928321086223414,0.0054118103590983235,0.0016427611512605418,3000.1250700376513,0.07359177083992315,3933.6,219.92907947790803,134.4,30.899838187278586,133.4,30.899838187278586,87.8,18.700267377767624,29.265479279833063,6.233243876212962,2204.4742400347013,86.1781323369081,0.734793926409878,0.02871852269792772,2884.2,218.81316230976591,0.73276966943445,0.02576364351227498,0.3377719948369905,0.04374108485536876,79.8,20.376457003120045,682.8,223.16742593846442,66.0,19.493588689617926,47.2,14.078352176302452,18.8,6.058052492344384,18.8,6.058052492344384,603.0,190.2997635311195,13.8,16.798809481626964,0.0,0.0,0.7142002442002442,0.037393339313328965,0.0,0.0,0.0,0.0,-0.13821908406945077,0.032370807616851134,0.0,0.0,0.17061054897833114,0.05385424146090884,0.12533333333333335,0.04604345773288536,0.23333333333333334,0.0674948557710553,0.31466666666666665,0.09385568117534965,0.1896041697641933,0.06148405025403604,0.1880386891259817,0.11259766644422005,0.1619443687669579,0.061167071075765744,0.08906591068942961,0.03606349878408968,0.01500159717924423,0.0028916969728057587,0.04461507878048904,0.016003444157689634,0.9620569331193419,0.012370212122061765,0.852,0.10877091114406971,328.2,24.15988410568229,9123.4,3157.717577618366,0.9924829009673299,0.0033008283999739793,0.6853333333333333,0.2103647625752311,18.8,3.5637059362410923,2770.0,943.9563019547038,0.9493946149637843,0.01600697637905681,0.852,0.10877091114406971,309.4,22.412050330123744,6353.4,2214.3348436946026,0.9870503070758346,0.00595888561724847,3697.8,1203.6034230592734,0.9642167163806157,0.0117328362412831,3622.2,1237.5288683501487,0.9148103631012294,0.02447462981250129,2131.6,756.1675078975558,3000.0,0.0,16500.0,0.0,40000.0,0.0,0.075,0.0,0.0,0.0,0.0,0.0,0.0,0.0,1.25,0.0,3.6700000000000004,0.0,1.25,0.0,3.6700000000000004,0.0,0.009544769346843989,0.0,0.15904312808798324,0.0,1.0,0.0,0.7448782660926732,0.020645014340327634,1647.7013940221198,209.7818988551813,0.6853333333333333,0.09385568117534974,0.574267717114342,0.04306699875290797,0.31466666666666665,0.09385568117534965,0.2771970336416699,0.0450513410929474,0.5213333333333334,0.08911914621573878,-0.10658648466333882,0.039803132126513444,-0.2066666666666667,0.12292725943057185,0.0,0.0,0.0,0.0,0.10658648466333882,0.039803132126513444,0.2066666666666667,0.12292725943057185
3000.0,static_calm,nominal,greedy,302.0,1.5811388300841898,53.0,13.379088160259652,0.35333333333333333,0.08919392106839769,18.08105624000989,3.7295125972918934,0.006026912492732359,0.0012431469608234261,3000.0525848842744,0.022937650517540542,4873.0,145.76179197581237,231.6,19.84439467456743,230.6,19.84439467456743,179.4,14.32829368766567,59.79892719910275,4.77563872016635,2441.6376085553566,137.16997388783216,0.8138649273725985,0.045722529499897996,4035.4,154.41761557542588,0.8286843178570014,0.03933738545230706,0.22080793669103552,0.03930521188760644,0.0,0.0,784.6,225.69293298639195,70.0,20.0,53.0,13.379088160259652,17.0,6.96419413859206,17.0,6.96419413859206,706.2,197.88430963570607,8.4,11.502173707608488,0.0,0.0,0.7632210940528106,0.033898247929249954,0.0,0.0,0.0,0.0,-0.16117159576987977,0.029524186675120315,0.0,0.0,0.1979870822365429,0.04651278188139428,0.18,0.04737556801183965,0.244,0.06335087476375786,0.35333333333333333,0.08919392106839769,0.19996400022018726,0.051104749828840876,0.2885878614200263,0.07384604232500416,0.22877335144487584,0.03565154808907975,0.12952549263750363,0.022641997300367176,0.015454031351495192,0.0036918328289058944,0.05039312151442614,0.013198487378003814,0.9644330139873789,0.00861716637752873,0.9053333333333333,0.11356838370681245,410.4,24.785076154815428,11706.8,3156.8856013482655,0.9933934771227589,0.0032853332950512825,0.8039999999999999,0.18448727748968372,22.6,7.436396977031283,3648.0,1012.2455235761727,0.9519356566002741,0.01085722135164263,0.9053333333333333,0.11356838370681245,387.8,17.655027612552754,8058.8,2156.302437043561,0.9879824229821619,0.003494053617861185,4840.8,1133.7513836816254,0.9681389938673247,0.006985645370928472,4850.8,1378.9828497845795,0.9088514220199615,0.023661739003688995,2425.6,723.7605266937401,3000.0,0.0,16500.0,0.0,40000.0,0.0,0.075,0.0,0.0,0.0,0.0,0.0,0.0,0.0,1.25,0.0,3.6700000000000004,0.0,1.25,0.0,3.6700000000000004,0.0,0.009544769346843989,0.0,0.15904312808798324,0.0,1.0,0.0,0.7448782660926732,0.020645014340327634,1647.7013940221198,209.7818988551813,0.6466666666666667,0.08919392106839769,0.5468911838561302,0.038031674003985085,0.35333333333333333,0.08919392106839769,0.2771970336416699,0.0450513410929474,0.5213333333333334,0.08911914621573878,-0.07920995140512706,0.05326659602420188,-0.168,0.025991451586157226,0.0,0.0,0.0,0.0,0.07920995140512706,0.05326659602420188,0.168,0.025991451586157226
3000.0,static_calm,nominal,lawnmower_collect,302.0,1.5811388300841898,8.8,4.207136793592526,0.058666666666666666,0.028047578623950173,3.308837966018685,1.5956430722986297,0.001102945988672495,0.0005318810240993502,3000.0000000010887,0.0,5068.0,0.0,30.0,0.0,29.0,0.0,22.6,2.073644135332772,7.5333333333306,0.6912147117773395,1591.5000000005268,411.1783463414236,0.5304999999999831,0.1370594487804248,2702.6,690.7165120365953,0.5332675611681136,0.13628976164889406,0.2206896551724138,0.0715049701838887,0.0,0.0,105.4,61.929798966248875,11.2,6.099180272790763,8.8,4.207136793592526,2.4,1.9493588689617927,2.4,1.9493588689617927,93.8,55.25124432987912,0.4,0.894427190999916,0.0,0.0,0.8297191697191696,0.1070575653055921,0.0,0.0,0.0,0.0,-0.1455899594559418,0.043520046209068304,0.0,0.0,0.029328266666660913,0.014921381114209055,0.02266666666666667,0.01605545943838973,0.04,0.020548046676563254,0.058666666666666666,0.028047578623950173,0.2766911387050969,0.04868255101362403,0.09105094202348207,0.07299882718737097,0.12111171457460639,0.06988539359520163,0.06564859779415522,0.04000246046887974,0.015084243682350253,0.0009617582787073138,0.03190109245904229,0.008419522158656401,0.9339356099691896,0.038266704220000766,0.48133333333333334,0.19484466747756907,421.6,18.365728953678914,7577.2,4039.534465752211,0.9768244242613389,0.018904196690842826,0.236,0.12189248450080001,27.2,5.718391382198319,1626.4,963.2887936647037,0.9236898864792927,0.04131921307124439,0.48133333333333334,0.19484466747756907,394.4,13.649175799292795,5950.8,3085.473334838595,0.968560447148478,0.020818037134544515,1965.2,1076.664618161106,0.9405971012613875,0.03971291694857272,3324.2,1814.1867875166547,0.9033866807371181,0.04445624638269148,2709.4,1167.6047276368831,3000.0,0.0,16500.0,0.0,40000.0,0.0,0.075,0.0,0.0,0.0,0.0,0.0,0.0,0.0,1.25,0.0,3.6700000000000004,0.0,1.25,0.0,3.6700000000000004,0.0,0.009544769346843989,0.0,0.15904312808798324,0.0,1.0,0.0,0.7448782660926732,0.020645014340327634,1647.7013940221198,209.7818988551813,0.9413333333333334,0.028047578623950145,0.7155499994260122,0.013095061553397111,0.058666666666666666,0.028047578623950173,0.2771970336416699,0.0450513410929474,0.5213333333333334,0.08911914621573878,-0.24786876697500904,0.03517292608701781,-0.46266666666666667,0.09621734655340367,0.0,0.0,0.0,0.0,0.24786876697500904,0.03517292608701781,0.46266666666666667,0.09621734655340367
3000.0,static_calm,nominal,oracle_current_physics,302.0,1.5811388300841898,150.0,0.0,1.0,0.0,52.9843699628056,2.4104115756161604,0.03242751113120522,0.0026878902801523562,1647.7013940221198,209.7818988551813,2401.4,228.08726400217967,157.2,2.683281572999749,154.6,2.302172886644269,6.8,2.3874672772626644,4.136549284053045,1.3847851455893494,58.61022864334977,41.59850524182847,0.035691779532386315,0.02630865962946441,106.4,56.16760632250586,0.04418499125420784,0.02334392124749724,0.9561903232195796,0.01496764110081787,0.0,0.0,1635.6,78.10441728865277,201.8,8.46758525200662,150.0,0.0,51.8,8.46758525200662,51.8,8.46758525200662,1413.4,59.323688354653065,20.4,13.126309458488324,0.0,0.0,0.7443941290031459,0.0323110594350766,0.0,0.0,0.0,0.0,-0.11246441621139827,0.013958749505017036,1.2,0.4472135954999579,0.7448782660926732,0.020645014340327634,0.5984932803149741,0.108360493171493,0.9933333333333334,0.0,0.9933333333333334,0.0,0.0,0.0,0.0,0.0,0.0,0.0,0.0,0.0,0.013729362200508152,0.002123504745322822,0.052275129516855826,0.00662058364618542,0.9630913637937185,0.009026838308964634,1.0,0.0,194.0,29.62262648719725,5166.6,637.1430765534535,0.9931815489634083,0.0037401559813954976,1.0,0.0,12.2,5.805170109479997,1826.2,167.71314796401623,0.9472623343984207,0.01258461668162079,0.9986666666666666,0.002981423969999737,181.8,25.839891640639674,3340.4,471.0438408471126,0.9910259376781541,0.00245997694362065,2536.4,156.36271934191987,0.9633309221922961,0.013296826145098544,1859.8,306.9905536005954,0.8867570811515897,0.026342716376956673,964.4,164.8887503743054,3000.0,0.0,16500.0,0.0,40000.0,0.0,0.075,0.0,0.0,0.0,0.0,0.0,0.0,0.0,1.25,0.0,3.6700000000000004,0.0,1.25,0.0,3.6700000000000004,0.0,0.009544769346843989,0.0,0.15904312808798324,0.0,1.0,0.0,0.7448782660926732,0.020645014340327634,1647.7013940221198,209.7818988551813,0.0,0.0,0.0,0.0,1.0,0.0,0.2771970336416699,0.0450513410929474,0.5213333333333334,0.08911914621573878,,,,,,,,,,,,
3000.0,strong_drift,nominal,adaptive_mission,302.0,1.5811388300841898,125.2,14.956603892595403,0.8346666666666668,0.09971069261730268,44.063593588903274,4.792502425186873,0.014687333063604596,0.0015971937168275997,3000.1042741768506,0.10268299107103797,5363.0,303.05527548617266,276.4,36.239481232490064,112.2,20.228692493584454,68.2,17.049926686059386,22.732430558604065,5.6825588055481235,1451.6782031492512,239.26652196752593,0.48387548604588054,0.07974665396729574,2185.0,405.8220053176022,0.4085815704703449,0.08189673695337595,0.3980951332366427,0.06779466862630502,1.6,3.5777087639996634,1890.6,377.4782112917248,161.2,21.147103820618085,125.2,14.956603892595403,36.0,8.660254037844387,36.0,8.660254037844387,1192.4,146.65026423433406,537.0,261.5368042933919,0.0,0.0,0.7780006217700164,0.030679201014975094,0.0,0.0,0.0,0.0,-0.011523209088772189,0.030181521209808417,1.0,0.0,0.4966303973732156,0.05623946769712279,0.49066666666666664,0.052620232695122976,0.648,0.1042859317240612,0.8346666666666668,0.09971069261730268,0.0,0.0,0.0,0.0,0.0,0.0,0.0,0.0,0.00638299373042685,0.005661150886239901,0.031298529282851706,0.022567823416357137,0.9630988523706655,0.0019859661989835658,0.9986666666666666,0.002981423969999737,455.0,48.05205510693585,11866.6,949.0259743547592,0.9942455844006508,0.0009307482246048269,0.984,0.02241031508529548,27.2,5.540758070878027,4679.4,197.0007614198483,0.9437064818095114,0.0033321974041545734,0.9973333333333333,0.0036514837167011174,427.8,46.294708120907295,7187.2,824.2382543900762,0.9896792829517127,0.0007872145199840615,6124.6,313.1418209054804,0.9619683579438817,0.002029697872725712,4145.6,611.2289260170858,0.8839133313785364,0.01516905343952188,2051.4,374.28839148442745,3000.0,0.0,16500.0,0.0,40000.0,0.0,0.075,0.0,0.11503912377969502,0.0,0.23007824755939005,0.0,6.902347426781702,0.0,1.25,0.0,3.6700000000000004,0.0,1.25,0.0,3.6700000000000004,0.0,0.009544769346843989,0.0,0.15904312808798324,0.0,1.0,0.0,0.769769492552793,0.01656416342750813,1300.7872419508847,199.76280847423385,0.1653333333333333,0.09971069261730268,0.2731390951795774,0.04291629521804503,0.8346666666666668,0.09971069261730268,0.5267941894611992,0.1233135108462443,0.8466666666666667,0.19821424996424672,-0.030163792087983553,0.07314657389537156,-0.011999999999999966,0.23463446748790623,0.015703970405241064,0.03511514534276394,0.076,0.169941166289984,0.04586776249322462,0.04813089318012966,0.08799999999999997,0.09722825378115833
3000.0,strong_drift,nominal,belief_horizon,302.0,1.5811388300841898,111.6,29.72036338943385,0.744,0.19813575592955898,39.645634421343736,10.63062895156554,0.013214607585510744,0.0035432859135479276,3000.1340096909853,0.08707208410675464,5489.8,237.09006727402138,287.2,28.38485511676958,111.4,21.46625258399798,72.2,10.894952959971878,24.06555355203806,3.6311026101546733,1501.3886488127812,270.95336722027736,0.5004398887299225,0.09030765513361029,2274.6,387.5258701041776,0.4157466722307441,0.08125794494850427,0.3458224059639154,0.05878922729060692,0.0,0.0,1606.8,568.1942449550153,145.0,40.06869101929835,111.6,29.72036338943385,33.4,11.610340218959994,33.4,11.610340218959994,1066.0,298.12329664083614,395.8,269.77527685093753,0.0,0.0,0.7715504053197999,0.026396162704653153,0.0,0.0,0.0,0.0,-0.010667340329416932,0.030164720705735806,0.8,0.4472135954999579,0.4772738896085972,0.0954932698474502,0.4866666666666667,0.060184900284225976,0.64,0.1211977264179856,0.744,0.19813575592955898,0.0,0.0,0.0,0.0,0.0,0.0,0.0,0.0,0.0039681062673348425,0.003044359505269409,0.020700530389554408,0.014013623155348655,0.9569393427066482,0.012068798463854764,0.9,0.21989896669960854,469.4,36.46642291204335,10948.8,2481.493239966613,0.9936382280109661,0.0014179087223757188,0.8773333333333333,0.23048740625996128,26.4,6.18869937870632,4239.8,992.2745083896896,0.9354010015202885,0.016819719753025684,0.9,0.21989896669960854,443.0,35.41186241925154,6709.0,1545.8496045864229,0.9874455875375828,0.005036483882643607,5438.6,1454.6225627289027,0.9587663786001478,0.006662173239367236,3988.4,817.5272472523469,0.8716777637690827,0.028814365712667045,1991.2,446.15882822152025,3000.0,0.0,16500.0,0.0,40000.0,0.0,0.075,0.0,0.11503912377969502,0.0,0.23007824755939005,0.0,6.902347426781702,0.0,1.25,0.0,3.6700000000000004,0.0,1.25,0.0,3.6700000000000004,0.0,0.009544769346843989,0.0,0.15904312808798324,0.0,1.0,0.0,0.769769492552793,0.01656416342750813,1300.7872419508847,199.76280847423385,0.25599999999999995,0.198135755929559,0.2924956029441958,0.082140459303927,0.744,0.19813575592955898,0.5267941894611992,0.1233135108462443,0.8466666666666667,0.19821424996424672,-0.049520299852601965,0.04432215849754401,-0.10266666666666664,0.08545304103554315,0.0,0.0,0.0,0.0,0.049520299852601965,0.04432215849754401,0.10266666666666664,0.08545304103554315
3000.0,strong_drift,nominal,belief_orienteering,302.0,1.5811388300841898,106.0,33.19638534539566,0.7066666666666667,0.22130923563597105,37.45202372023425,10.474578738564379,0.01248340989936077,0.0034915132170213405,3000.1494740622356,0.07682872168061981,5220.8,387.36765481903626,225.2,50.57865162299208,105.4,10.237187113655782,68.0,16.507574019219177,22.665495119241974,5.502085113516073,1643.814599427617,346.9066548821875,0.5479103788765064,0.11562811373719999,2522.2,456.8946268014103,0.48781639955977757,0.10761211419728026,0.35808926421844417,0.12630172102545104,0.0,0.0,1713.8,666.6856080642509,145.0,48.140419607643636,106.0,33.19638534539566,39.0,16.537835408541227,39.0,16.537835408541227,1074.0,329.7620354134175,494.8,293.13171101059675,0.0,0.0,0.7348883210459787,0.03299341879859386,0.0,0.0,0.0,0.0,0.010675052483884916,0.01839232875432469,0.8,0.4472135954999579,0.46955068194352084,0.111114263731936,0.472,0.05505552752550023,0.688,0.19957733115539728,0.7066666666666667,0.22130923563597105,0.0,0.0,0.0,0.0,0.0,0.0,0.0,0.0,0.0024363436262665756,0.0015208558093253392,0.011769847541943749,0.0018352551425183479,0.9571991634308175,0.010453599757361091,0.9,0.20199009876724155,438.8,51.60620117776545,10190.0,2324.610397464487,0.9931825247759738,0.0025003086468107106,0.8733333333333333,0.22449944320643647,25.4,5.727128425310541,3948.2,1035.0928460771042,0.9359716926236479,0.014084816114180445,0.9,0.20199009876724155,413.4,49.525750877699984,6241.8,1389.8984495278783,0.9885783471265374,0.004997482206508698,5043.2,1294.2063977588737,0.9583257962302667,0.007027771486440724,3679.8,805.1342745157482,0.870799159660043,0.029856786593029552,1905.8,509.1642171244951,3000.0,0.0,16500.0,0.0,40000.0,0.0,0.075,0.0,0.11503912377969502,0.0,0.23007824755939005,0.0,6.902347426781702,0.0,1.25,0.0,3.6700000000000004,0.0,1.25,0.0,3.6700000000000004,0.0,0.009544769346843989,0.0,0.15904312808798324,0.0,1.0,0.0,0.769769492552793,0.01656416342750813,1300.7872419508847,199.76280847423385,0.29333333333333333,0.22130923563597105,0.3002188106092722,0.09648914077828391,0.7066666666666667,0.22130923563597105,0.5267941894611992,0.1233135108462443,0.8466666666666667,0.19821424996424672,-0.05724350751767837,0.053967884718208674,-0.13999999999999999,0.14749764593225054,0.0,0.0,0.0,0.0,0.05724350751767837,0.053967884718208674,0.13999999999999999,0.14749764593225054
3000.0,strong_drift,nominal,belief_orienteering_depth1,302.0,1.5811388300841898,118.2,33.73721980246743,0.788,0.22491479868311615,41.3813893670727,10.615694756100739,0.0137931403157364,0.0035383876823123334,3000.1426238630297,0.0712583067070873,5313.4,304.7807408613608,231.0,41.3098051314697,103.8,19.201562436426887,63.6,16.68232597691341,21.19889105741799,5.560064395662718,1602.183240943417,260.17823167652887,0.5340343510889574,0.08671234213800492,2494.0,341.6818695804622,0.47323707460139885,0.08826926530580706,0.3875248683662319,0.11626831889397715,0.0,0.0,1815.6,594.6472063333015,154.0,44.87204029236914,118.2,33.73721980246743,35.8,11.670475568716126,35.8,11.670475568716126,1132.4,301.2396056298043,529.2,271.68216724695054,0.0,0.0,0.7688292412399963,0.016994743216205276,0.0,0.0,0.0,0.0,-0.016267312849345166,0.030170693394424665,0.8,0.4472135954999579,0.5117490522403565,0.13466042648745968,0.492,0.06207522318391881,0.7573333333333333,0.2515993287396098,0.788,0.22491479868311615,0.05205479452054794,0.11639805910272877,0.152,0.339882332579968,0.07755102040816328,0.17340935335712657,0.04810126582278481,0.10755770018353418,0.002625799067996399,0.0022956668421112952,0.016362328545329284,0.006981313356420648,0.9592305053599525,0.008457336457962802,0.9933333333333334,0.014907119849998589,449.4,53.43500725180076,10833.2,1927.3270869263474,0.9929361853442252,0.0021123813835424565,0.9666666666666666,0.057735026918962554,29.2,3.492849839314596,4325.4,999.104749263059,0.9385096862060267,0.010201174014794813,0.9933333333333334,0.014907119849998589,420.2,51.42664678938341,6507.8,1032.3190882668014,0.9878433550536163,0.004668383413841447,5539.4,1338.094092356737,0.9571042976181026,0.006126364827807858,3891.8,551.5153669663249,0.8795394392274876,0.009897057167180647,1851.4,313.62764546512796,3000.0,0.0,16500.0,0.0,40000.0,0.0,0.075,0.0,0.11503912377969502,0.0,0.23007824755939005,0.0,6.902347426781702,0.0,1.25,0.0,3.6700000000000004,0.0,1.25,0.0,3.6700000000000004,0.0,0.009544769346843989,0.0,0.15904312808798324,0.0,1.0,0.0,0.769769492552793,0.01656416342750813,1300.7872419508847,199.76280847423385,0.21200000000000002,0.22491479868311612,0.25802044031243654,0.11839384487232589,0.788,0.22491479868311615,0.5267941894611992,0.1233135108462443,0.8466666666666667,0.19821424996424672,-0.015045137220842709,0.03364194955661656,-0.058666666666666666,0.11347050522296777,0.0,0.0,0.0,0.0,0.015045137220842709,0.03364194955661656,0.058666666666666666,0.11347050522296777
3000.0,strong_drift,nominal,confirmed_route,302.0,1.5811388300841898,122.8,33.43949760388155,0.8186666666666668,0.22292998402587696,43.20151054312508,11.223628955844083,0.014399901148971517,0.0037409172549071053,3000.116308178113,0.08411526398234224,3826.8,82.20827208985722,145.6,14.89295135290517,143.8,14.515508947329407,71.8,15.578831791889916,23.932372365053347,5.192564795646942,1750.122142846026,235.69352143549935,0.5833519157318803,0.07856736492791787,2259.8,333.0003003001649,0.5903369594966572,0.08538508454370265,0.49766079210467573,0.11581409545984185,63.6,15.852444606432158,2261.0,681.2327062025134,163.0,42.19597137168429,122.8,33.43949760388155,40.2,10.73312629199899,40.2,10.73312629199899,1464.0,384.29285707647495,634.0,320.46060600329645,0.0,0.0,0.751366699616791,0.031374149108343186,0.0,0.0,0.0,0.0,-0.04804064641304564,0.026818402347315886,0.8,0.4472135954999579,0.43986212807482394,0.14097601014699698,0.3253333333333333,0.22228110331040038,0.632,0.19473058311420943,0.8186666666666668,0.22292998402587696,0.0225,0.050311529493745274,0.12,0.2683281572999748,0.037894736842105266,0.08473520756841309,0.020930232558139535,0.046801422784879324,0.009420412462515702,0.004865399840598996,0.06077043366827335,0.018777162374253187,0.9712128080576464,0.006458924022605227,0.9413333333333334,0.13118265467998766,323.6,20.959484726490775,11429.4,2910.9650976952644,0.9955294794311961,0.0018750315030416859,0.9053333333333333,0.21168110186998013,18.6,2.5099800796022262,4488.6,1112.079268757403,0.9561082706832199,0.009013720683954254,0.9413333333333334,0.13118265467998766,305.0,21.63330765278393,6940.8,1816.794760010057,0.9927659643981921,0.0022394577456363767,5951.2,1466.916391618827,0.970593957648858,0.006494493232506389,3927.0,1026.7258640942089,0.9036732414761648,0.02046598774288276,1874.8,501.5502965805125,3000.0,0.0,16500.0,0.0,40000.0,0.0,0.075,0.0,0.11503912377969502,0.0,0.23007824755939005,0.0,6.902347426781702,0.0,1.25,0.0,3.6700000000000004,0.0,1.25,0.0,3.6700000000000004,0.0,0.009544769346843989,0.0,0.15904312808798324,0.0,1.0,0.0,0.769769492552793,0.01656416342750813,1300.7872419508847,199.76280847423385,0.18133333333333335,0.222929984025877,0.3299073644779691,0.12585365705570895,0.8186666666666668,0.22292998402587696,0.5267941894611992,0.1233135108462443,0.8466666666666667,0.19821424996424672,-0.08693206138637524,0.03465446848647766,-0.028000000000000004,0.03571492062927699,0.0,0.0,0.0,0.0,0.08693206138637524,0.03465446848647766,0.028000000000000004,0.03571492062927699
3000.0,strong_drift,nominal,greedy,302.0,1.5811388300841898,34.6,4.277849927241487,0.23066666666666666,0.028518999514943254,11.876435289364338,1.6548973011031134,0.003958638393805866,0.0005516286849803303,3000.13324340471,0.07776337352325086,4299.4,288.2998439125487,167.2,30.96288100290411,166.2,30.96288100290411,137.4,34.20964776199837,45.79792563412981,11.402508660410511,2798.2327405688548,63.17424296086434,0.9327030702801509,0.02107053959254665,3969.4,339.82833901839325,0.9224319200312996,0.01992216862248214,0.18012792791096605,0.05085768941642404,0.0,0.0,625.6,129.31666559264508,44.4,5.683308895353129,34.6,4.277849927241487,9.8,1.7888543819998317,9.8,1.7888543819998317,493.0,84.34749551705728,88.2,49.80662606521344,0.0,0.0,0.7800680272108844,0.02239055362248863,0.0,0.0,0.0,0.0,0.04334084238090937,0.018436983564681025,0.0,0.0,0.1639690610956956,0.00824710052525374,0.15466666666666667,0.025991451586157222,0.2013333333333333,0.04253103442063089,0.23066666666666666,0.028518999514943254,0.0,0.0,0.0,0.0,0.0,0.0,0.0,0.0,0.006172672758455427,0.0006537678622316625,0.01877788388091916,0.003558964170837004,0.9484817696597215,0.012185951152706712,0.9546666666666667,0.08722894524691265,361.4,37.199462361706246,6819.2,915.997106982331,0.9899258286241469,0.0027903674304531312,0.9013333333333333,0.135104897517941,23.8,4.764451699828639,2400.0,379.4469659912963,0.9275819792252257,0.016043766502390828,0.9533333333333334,0.0901849950564579,337.6,36.066605052319524,4419.2,585.0523053539744,0.9840459548823874,0.004765360868882143,3193.2,439.0520470285955,0.9483918483956367,0.01273255640133044,2569.6,325.8048495648891,0.8686579365272081,0.02746739524172048,1417.8,202.76513507011012,3000.0,0.0,16500.0,0.0,40000.0,0.0,0.075,0.0,0.11503912377969502,0.0,0.23007824755939005,0.0,6.902347426781702,0.0,1.25,0.0,3.6700000000000004,0.0,1.25,0.0,3.6700000000000004,0.0,0.009544769346843989,0.0,0.15904312808798324,0.0,1.0,0.0,0.769769492552793,0.01656416342750813,1300.7872419508847,199.76280847423385,0.7693333333333333,0.028518999514943234,0.6058004314570974,0.009752056135781421,0.23066666666666666,0.028518999514943254,0.5267941894611992,0.1233135108462443,0.8466666666666667,0.19821424996424672,-0.3628251283655036,0.11556540116707195,-0.616,0.2144035654761573,0.0,0.0,0.0,0.0,0.3628251283655036,0.11556540116707195,0.616,0.2144035654761573
3000.0,strong_drift,nominal,lawnmower_collect,302.0,1.5811388300841898,15.0,4.47213595499958,0.1,0.029814239699997202,4.944128159804893,1.6576436952785423,0.0016480427199343662,0.0005525478984259803,3000.0000000010887,0.0,5068.0,0.0,30.0,0.0,29.0,0.0,20.0,2.1213203435596424,6.6666666666642485,0.7071067811862912,1958.7300000006605,411.46537156854157,0.6529099999999832,0.1371551238561307,3310.0,691.6061017660269,0.6531176006314128,0.13646529237687982,0.3103448275862069,0.07314897736412561,0.0,0.0,312.2,205.829298206062,20.4,6.107372593840989,15.0,4.47213595499958,5.4,2.6076809620810595,5.4,2.6076809620810595,184.0,72.05900360121558,107.8,129.3124123972637,0.0,0.0,0.7413333333333333,0.08715872871336357,0.0,0.0,0.0,0.0,0.021675485609896253,0.011310181515089515,0.0,0.0,0.039170133333318244,0.019531604995492648,0.014666666666666666,0.01591644851508443,0.05066666666666667,0.026915505650915134,0.1,0.029814239699997202,0.0,0.0,0.0,0.0,0.0,0.0,0.0,0.0,0.007288013225081198,0.00046238318581425615,0.02231522948005919,0.002866901568210253,0.9175917311017672,0.035724411645608384,0.6266666666666667,0.1614517471774978,421.4,19.24318061028374,5501.4,2534.427607962003,0.9818528991424019,0.009072210076981172,0.41866666666666663,0.17828815627143235,22.2,3.701351104664349,1458.2,791.60135169162,0.8978788101171675,0.04176864303665657,0.6266666666666667,0.1614517471774978,399.2,16.483324907311626,4043.2,1748.1669542695286,0.9648742973639033,0.015281733044642169,1826.6,940.8367552344031,0.9210364675296377,0.03984846693570777,2321.4,1075.4088989775007,0.8695958023891915,0.040921070044438825,1774.8,536.5349010083128,3000.0,0.0,16500.0,0.0,40000.0,0.0,0.075,0.0,0.11503912377969502,0.0,0.23007824755939005,0.0,6.902347426781702,0.0,1.25,0.0,3.6700000000000004,0.0,1.25,0.0,3.6700000000000004,0.0,0.009544769346843989,0.0,0.15904312808798324,0.0,1.0,0.0,0.769769492552793,0.01656416342750813,1300.7872419508847,199.76280847423385,0.9,0.029814239699997247,0.7305993592194748,0.015294806550803496,0.1,0.029814239699997202,0.5267941894611992,0.1233135108462443,0.8466666666666667,0.19821424996424672,-0.48762405612788096,0.11016005549158664,-0.7466666666666667,0.17919573407620815,0.0,0.0,0.0,0.0,0.48762405612788096,0.11016005549158664,0.7466666666666667,0.17919573407620815
3000.0,strong_drift,nominal,oracle_current_physics,302.0,1.5811388300841898,150.0,0.0,1.0,0.0,52.9843699628056,2.4104115756161604,0.041277942149992766,0.004695786378901572,1300.7872419508847,199.76280847423385,2152.8,221.34407604451494,168.2,4.266145801540306,165.4,4.449719092257397,23.4,4.33589667773576,18.292167858946446,4.455807728471197,150.12936567553777,97.39669192053653,0.11645561535918474,0.07611321887177422,304.2,106.03631453421984,0.141941303714767,0.05063803272889504,0.8589659121916011,0.0230313225228471,0.0,0.0,2123.0,191.7094155225559,204.8,7.661592523751183,150.0,0.0,54.8,7.661592523751183,54.8,7.661592523751183,1434.6,53.12532352842662,483.6,160.77872993651866,0.0,0.0,0.7332365022993961,0.027228336152978858,0.0,0.0,0.0,0.0,-0.06475037049611641,0.010570020564359687,1.2,0.4472135954999579,0.769769492552793,0.01656416342750813,0.7460846132436675,0.17806771449539122,0.9933333333333334,0.0,0.9933333333333334,0.0,0.0,0.0,0.0,0.0,0.0,0.0,0.0,0.0,0.02934274744695421,0.00976838236346386,0.11682626407346497,0.024400067364397225,0.9729498089588049,0.0040240847851922236,1.0,0.0,192.0,15.033296378372908,6972.6,607.0253701452683,0.9967791419248965,0.0016810562922721214,1.0,0.0,8.6,4.61519230368573,2684.4,212.92322560021486,0.9584102255628114,0.0069383901635150045,1.0,0.0,183.4,15.962455951387932,4288.2,499.5590055238721,0.9939091564985623,0.00113090776922001,3819.2,275.0685369139845,0.9678316593891816,0.008987923118922528,2244.4,347.42092625516966,0.9071233624509801,0.01884812066949167,1101.0,234.46641550550476,3000.0,0.0,16500.0,0.0,40000.0,0.0,0.075,0.0,0.11503912377969502,0.0,0.23007824755939005,0.0,6.902347426781702,0.0,1.25,0.0,3.6700000000000004,0.0,1.25,0.0,3.6700000000000004,0.0,0.009544769346843989,0.0,0.15904312808798324,0.0,1.0,0.0,0.769769492552793,0.01656416342750813,1300.7872419508847,199.76280847423385,0.0,0.0,0.0,0.0,1.0,0.0,0.5267941894611992,0.1233135108462443,0.8466666666666667,0.19821424996424672,,,,,,,,,,,,
3000.0,weak_drift,nominal,adaptive_mission,302.0,1.5811388300841898,103.2,32.797865784224435,0.688,0.21865243856149624,35.80069077323775,10.760006047635157,0.011933362094379268,0.0035864823026462377,3000.044540325183,0.05954893253473899,5650.4,241.1541001102821,285.8,43.11844153027798,139.8,8.467585252006621,82.8,7.0498226928058285,27.599591203797115,2.3499358003934017,1154.2236233241872,313.7305092958306,0.38473554208653443,0.10457577871459034,2032.2,417.4424511235051,0.36236616942144095,0.09050868736411288,0.4066569510318221,0.05466318380982366,1.2,2.6832815729997477,1280.0,436.1771429132893,135.6,44.03180668562216,103.2,32.797865784224435,32.4,11.970797801316333,32.4,11.970797801316333,993.6,312.20313899767245,150.8,109.18195821654786,0.0,0.0,0.7610511806097009,0.02889286720243043,0.0,0.0,0.0,0.0,-0.05613106728523949,0.049043975809469106,0.8,0.4472135954999579,0.34020610703700355,0.07428362999125519,0.16533333333333333,0.027648588471103627,0.49733333333333335,0.08699936142805237,0.688,0.21865243856149624,0.0,0.0,0.0,0.0,0.0,0.0,0.0,0.0,0.009592959619967761,0.006743347219229814,0.03959098638075503,0.024607254147307935,0.9592205605481677,0.014024343870523431,0.8973333333333333,0.21845925122192567,474.4,22.44548952462387,12076.0,3381.538407293343,0.9940177978196107,0.0016088667167763221,0.8586666666666666,0.22337810496505198,24.2,4.54972526643093,4299.6,1399.6993605771206,0.9417570500311285,0.018154402780412165,0.8960000000000001,0.21769499560419642,450.2,18.753666308218243,7776.4,2008.6274667045654,0.9874575471309603,0.005597789807587819,5599.0,1770.074715937155,0.9619368848948542,0.012757531996916966,4567.8,1243.5681324318343,0.8913747245421352,0.025042262006852358,2383.6,465.0056988898093,3000.0,0.0,16500.0,0.0,40000.0,0.0,0.075,0.0,0.03405877273185281,0.0,0.06811754546370562,0.0,2.0435263639111687,0.0,1.25,0.0,3.6700000000000004,0.0,1.25,0.0,3.6700000000000004,0.0,0.009544769346843989,0.0,0.15904312808798324,0.0,1.0,0.0,0.7419408528141854,0.02408090316118453,1614.8382154879694,206.12351913106835,0.312,0.21865243856149627,0.40173474577718193,0.05679780278094217,0.688,0.21865243856149624,0.3471872274223484,0.09217099714221635,0.8586666666666666,0.07263301973314588,-0.006981120385344897,0.06632865205224918,-0.17066666666666666,0.15155490387608342,0.018520281937517414,0.03871406371336366,0.0,0.0,0.02550140232286231,0.04147262291937032,0.17066666666666666,0.15155490387608342
3000.0,weak_drift,nominal,belief_horizon,302.0,1.5811388300841898,113.8,39.098593325080124,0.7586666666666667,0.2606572888338675,40.20933387743111,13.606800560699305,0.01340249343124122,0.004535385269637094,3000.136737658454,0.048557431847834634,5614.4,399.0454861290878,275.8,49.74133090298248,136.2,19.992498593222408,82.4,12.501999840025595,27.465405654631716,4.167096825480398,1074.7962667499924,386.2481664784372,0.3582495373518917,0.12874522780954561,1917.2,518.2433791183444,0.3464490797222057,0.11759464535485617,0.3929319764342984,0.06714059323406969,0.0,0.0,1533.2,572.7165092783689,154.4,55.49144078143944,113.8,39.098593325080124,40.6,18.14662503056698,40.6,18.14662503056698,1121.4,391.30269613177984,257.4,143.69690323733494,0.0,0.0,0.7453596644444456,0.044018675018180374,0.0,0.0,0.0,0.0,-0.051870011762801524,0.050758625657350086,0.8,0.4472135954999579,0.33887364600827563,0.1054322302729257,0.16266666666666668,0.030404678002643678,0.44666666666666666,0.14110673659011153,0.7586666666666667,0.2606572888338675,0.0025839793281653744,0.005777953430232015,0.045454545454545456,0.10163945352271771,0.004889975550122249,0.010934317738385279,0.0024752475247524753,0.005534821726484628,0.014221832346652585,0.010758794276248906,0.05289313048151538,0.03575322667806747,0.9621478601619893,0.013802912622444607,0.8866666666666667,0.23523038352503134,473.4,46.47902752855313,13205.6,4107.216368783121,0.9932972025966269,0.0027687419457575824,0.876,0.23188119563450782,29.2,5.932958789676531,4860.8,1677.5758403124432,0.9456852359530915,0.017320218778420025,0.8866666666666667,0.23523038352503134,444.2,44.92994547069916,8344.8,2470.80992793861,0.9899079825859953,0.005241466328869426,6454.2,2296.153021904246,0.9629879159850228,0.01250747053451323,4738.8,1277.6974211447716,0.8931029623509474,0.023243672821613114,2486.0,668.8542442116967,3000.0,0.0,16500.0,0.0,40000.0,0.0,0.075,0.0,0.03405877273185281,0.0,0.06811754546370562,0.0,2.0435263639111687,0.0,1.25,0.0,3.6700000000000004,0.0,1.25,0.0,3.6700000000000004,0.0,0.009544769346843989,0.0,0.15904312808798324,0.0,1.0,0.0,0.7419408528141854,0.02408090316118453,1614.8382154879694,206.12351913106835,0.24133333333333332,0.2606572888338675,0.4030672068059099,0.09369162042096993,0.7586666666666667,0.2606572888338675,0.3471872274223484,0.09217099714221635,0.8586666666666666,0.07263301973314588,-0.008313581414072773,0.018589733178345547,-0.1,0.20548046676563256,0.0,0.0,0.0,0.0,0.008313581414072773,0.018589733178345547,0.1,0.20548046676563256
3000.0,weak_drift,nominal,belief_orienteering,302.0,1.5811388300841898,119.6,18.13284313062902,0.7973333333333332,0.12088562087086015,41.978746516356395,4.763001508412046,0.013992318231014975,0.0015873299589648537,3000.122504699788,0.0666741335762755,5620.2,142.94999125568353,240.4,21.938550544646294,121.6,10.807404868885035,64.2,9.23038460737146,21.39916837927151,3.07709634014226,1002.7586743770973,111.61143041138817,0.3342395825645318,0.037205922131787195,1841.6,286.48438002795194,0.3271235539669993,0.04587076591244271,0.47018612645509633,0.07545430656697237,0.0,0.0,1738.6,347.09984154418737,162.4,26.23547217032695,119.6,18.13284313062902,42.8,11.562871615649808,42.8,11.562871615649808,1197.6,179.76456825525992,378.6,192.3091261485008,0.0,0.0,0.739115719242007,0.044311831874578475,0.0,0.0,0.0,0.0,-0.07651025529229574,0.03290590465063884,1.0,0.0,0.2577227191600735,0.05653416603276191,0.12533333333333335,0.025121924908555703,0.3026666666666667,0.1476933760645119,0.7970710114375266,0.12080745199776628,0.028537113524928093,0.0231306174485849,0.3547584541062802,0.19804420593163605,0.052099894400308454,0.04059228211523051,0.027107989010365437,0.02167533223477969,0.025910958106039928,0.004600783627501925,0.09819577962499422,0.010529494256124535,0.9679011345859714,0.005575207124290882,0.9973333333333333,0.005962847939999414,487.2,33.15418525616336,14920.8,1753.2205223530782,0.9947957060633076,0.001545900302370128,0.9866666666666667,0.02624669291337272,27.6,5.683308895353129,5405.8,780.3715140880015,0.9533737328484945,0.007262997259419146,0.9973333333333333,0.005962847939999414,459.6,29.151329300736872,9515.0,995.6635978080146,0.990726630877677,0.002741602311520381,7205.0,1183.2381417111264,0.9687504934789924,0.004894125530950424,5388.2,508.87984829427074,0.9086578987097307,0.011626236312011493,2814.8,229.65343454866945,3000.0,0.0,16500.0,0.0,40000.0,0.0,0.075,0.0,0.03405877273185281,0.0,0.06811754546370562,0.0,2.0435263639111687,0.0,1.25,0.0,3.6700000000000004,0.0,1.25,0.0,3.6700000000000004,0.0,0.009544769346843989,0.0,0.15904312808798324,0.0,1.0,0.0,0.7419408528141854,0.02408090316118453,1614.8382154879694,206.12351913106835,0.2026666666666667,0.12088562087086013,0.48421813365411204,0.038069009015516034,0.7973333333333332,0.12088562087086015,0.3471872274223484,0.09217099714221635,0.8586666666666666,0.07263301973314588,-0.08946450826227494,0.06227560641044042,-0.06133333333333335,0.09561496860963885,0.0,0.0,0.0,0.0,0.08946450826227494,0.06227560641044042,0.06133333333333335,0.09561496860963885
3000.0,weak_drift,nominal,belief_orienteering_depth1,302.0,1.5811388300841898,75.8,31.083757816583244,0.5053333333333333,0.207225052110555,26.015202261649286,10.253722551480406,0.008671566357677997,0.003417854564300922,3000.056621681557,0.07507799862792512,5208.2,171.93952425198805,165.4,21.46625258399798,102.8,10.663020210053059,67.8,9.311283477587825,22.599539727061483,3.103419910861652,1559.662518735133,323.17023343632593,0.5198770191414029,0.10771844356822932,2620.8,518.1468903699027,0.5050960912755398,0.11065312698560015,0.33611159167377747,0.11052451824175001,0.0,0.0,996.8,405.8776909365677,100.0,39.717754216471,75.8,31.083757816583244,24.2,10.709808588392232,24.2,10.709808588392232,747.8,279.76186301924713,149.0,96.16912186351709,0.0,0.0,0.7627582013938242,0.05376188130866616,0.0,0.0,0.0,0.0,-0.028096762105204214,0.01797513546768132,0.8,0.4472135954999579,0.26523016074924255,0.10067479802131492,0.1,0.026666666666666672,0.44800000000000006,0.15912259424732872,0.5053333333333333,0.207225052110555,0.0,0.0,0.0,0.0,0.0,0.0,0.0,0.0,0.004972612343314443,0.0011763430661759252,0.017189304739806573,0.0035227301149196345,0.9594554853850971,0.012501407554265759,0.8693333333333333,0.22199099080818574,449.2,15.319921670818037,11336.6,2912.6936502145227,0.9929970160767658,0.002105487727058786,0.7973333333333332,0.24067497677250213,24.8,3.420526275297414,3792.0,1192.6237881243187,0.944182626625145,0.014866496935668166,0.8693333333333333,0.22199099080818574,424.4,12.778888840583912,7544.6,1736.6713275689215,0.9890222748094049,0.0023967700480436007,5006.6,1552.1798542694723,0.96058009254352,0.011296811206716785,4316.8,1027.3965641367506,0.9017910246488521,0.02025513160510444,2462.4,377.7549470225374,3000.0,0.0,16500.0,0.0,40000.0,0.0,0.075,0.0,0.03405877273185281,0.0,0.06811754546370562,0.0,2.0435263639111687,0.0,1.25,0.0,3.6700000000000004,0.0,1.25,0.0,3.6700000000000004,0.0,0.009544769346843989,0.0,0.15904312808798324,0.0,1.0,0.0,0.7419408528141854,0.02408090316118453,1614.8382154879694,206.12351913106835,0.4946666666666667,0.20722505211055495,0.4767106920649429,0.08654442269253229,0.5053333333333333,0.207225052110555,0.3471872274223484,0.09217099714221635,0.8586666666666666,0.07263301973314588,-0.08195706667310587,0.041429444096273665,-0.35333333333333333,0.1487727573628093,0.0,0.0,0.0,0.0,0.08195706667310587,0.041429444096273665,0.35333333333333333,0.1487727573628093
3000.0,weak_drift,nominal,confirmed_route,302.0,1.5811388300841898,65.0,24.73863375370596,0.4333333333333333,0.1649242250247064,22.545048141288284,8.078222312025112,0.00751481393640281,0.0026926898209951276,3000.0859866558376,0.05924693262803603,4181.0,234.2616059024611,167.0,30.53686296920494,165.4,30.37762334350731,119.4,25.715753926338618,39.798900166114905,8.571832327333276,2283.1826614576003,225.39658145356427,0.7610391766025281,0.07513113947127549,3230.6,373.1974008483983,0.7716212840686822,0.06730568746807902,0.2798814749620597,0.07243617431148396,114.2,28.119388329051542,1184.8,462.85170411266716,90.8,33.70756591627464,65.0,24.73863375370596,25.8,9.364827814754525,25.8,9.364827814754525,909.6,299.6135844717325,184.4,155.22338741310858,0.0,0.0,0.71282368575729,0.027188927628173126,0.0,0.0,0.0,0.0,-0.0621436900969586,0.023617120285428807,0.6,0.5477225575051662,0.1975776851902106,0.07278574278900293,0.08,0.04136557881996952,0.2733333333333333,0.12745369529536774,0.4333333333333333,0.1649242250247064,0.08318858658995279,0.06902179056890359,0.10915539118860622,0.07627227093824161,0.07779180058834419,0.06273697471569528,0.041364230701493844,0.034255609540657185,0.019282627946598973,0.0062931965759097245,0.06662196272948298,0.018629229839862548,0.9716345055133274,0.007767708497477451,0.8306666666666667,0.20470032296560312,340.4,21.69792616818483,12711.6,5083.150233860888,0.9946495579630359,0.0021292114094058974,0.7626666666666667,0.19186801018755925,20.4,3.049590136395382,4206.6,1644.648381873767,0.9606463715749847,0.010189983621867897,0.8306666666666667,0.20470032296560312,320.0,20.808652046684813,8505.0,3465.9347224089493,0.9912036319941009,0.002545515029588481,5668.4,2125.484133085919,0.9727185418147769,0.008900157659260919,4849.4,2073.3362727739077,0.9260005053886589,0.017703303421769987,2534.2,966.1375160917829,3000.0,0.0,16500.0,0.0,40000.0,0.0,0.075,0.0,0.03405877273185281,0.0,0.06811754546370562,0.0,2.0435263639111687,0.0,1.25,0.0,3.6700000000000004,0.0,1.25,0.0,3.6700000000000004,0.0,0.009544769346843989,0.0,0.15904312808798324,0.0,1.0,0.0,0.7419408528141854,0.02408090316118453,1614.8382154879694,206.12351913106835,0.5666666666666667,0.1649242250247064,0.5443631676239749,0.06402038546722907,0.4333333333333333,0.1649242250247064,0.3471872274223484,0.09217099714221635,0.8586666666666666,0.07263301973314588,-0.14960954223213782,0.0347834289865233,-0.4253333333333334,0.11179346035335776,0.0,0.0,0.0,0.0,0.14960954223213782,0.0347834289865233,0.4253333333333334,0.11179346035335776
3000.0,weak_drift,nominal,greedy,302.0,1.5811388300841898,49.6,4.61519230368573,0.33066666666666666,0.03076794869123819,15.942645459371814,1.9871615672636214,0.005314078345573685,0.0006624341948719548,3000.0810398226213,0.05426184849431268,4573.4,165.53187004320344,197.6,19.3597520645281,196.6,19.3597520645281,149.4,18.88915032498815,49.79868320154435,6.296495413545325,2473.4019659083897,112.82541730275189,0.8244446430796231,0.03759622148837025,3808.4,242.23810600316375,0.8323081297560313,0.032048003805597476,0.24167750712317404,0.027241819447811337,0.0,0.0,705.4,69.79111691325767,64.8,3.4928498393145966,49.6,4.61519230368573,15.2,3.563705936241092,15.2,3.563705936241092,603.0,67.27183660344052,37.6,18.40652058374966,0.0,0.0,0.7651994368022921,0.05414906118286784,0.0,0.0,0.0,0.0,-0.0503088547590981,0.02017030176190999,0.0,0.0,0.2022244277333718,0.027226878402760297,0.16533333333333333,0.03927113726672837,0.27199999999999996,0.045801504099513786,0.33066666666666666,0.03076794869123819,0.14990708170173225,0.13964398085964555,0.14687211093990754,0.1460560218173603,0.1453360042099427,0.13769293309911307,0.08307680344041218,0.07941229214238121,0.008657389612618301,0.0015207623149491804,0.03282674297451245,0.007982283904686497,0.962552407150348,0.008744277283529748,0.9746666666666666,0.02599145158615726,397.4,20.695410119154438,10630.2,2290.490493322336,0.992165995286514,0.001240774549407698,0.844,0.14911591315334374,26.2,6.058052492344383,3383.0,883.8085199860884,0.9495406754409631,0.011251066129567939,0.9746666666666666,0.02599145158615726,371.2,25.063918289046505,7247.2,1528.5789806221985,0.9862618595752691,0.004307116875195523,4484.2,1113.1876301863942,0.9647777938100207,0.009895972886006715,4201.8,1162.3922315638556,0.910691699427621,0.021899298534895414,2341.6,527.1862099865663,3000.0,0.0,16500.0,0.0,40000.0,0.0,0.075,0.0,0.03405877273185281,0.0,0.06811754546370562,0.0,2.0435263639111687,0.0,1.25,0.0,3.6700000000000004,0.0,1.25,0.0,3.6700000000000004,0.0,0.009544769346843989,0.0,0.15904312808798324,0.0,1.0,0.0,0.7419408528141854,0.02408090316118453,1614.8382154879694,206.12351913106835,0.6693333333333333,0.03076794869123826,0.5397164250808137,0.034207682614156056,0.33066666666666666,0.03076794869123819,0.3471872274223484,0.09217099714221635,0.8586666666666666,0.07263301973314588,-0.14496279968897666,0.1079464364553122,-0.528,0.09538227182122357,0.0,0.0,0.0,0.0,0.14496279968897666,0.1079464364553122,0.528,0.09538227182122357
3000.0,weak_drift,nominal,lawnmower_collect,302.0,1.5811388300841898,15.0,4.527692569068709,0.1,0.03018461712712473,5.281371879793744,1.914143758270994,0.0017604572932639426,0.0006380479194234331,3000.0000000010887,0.0,5068.0,0.0,30.0,0.0,29.0,0.0,18.0,2.0,5.999999999997823,0.6666666666664246,1485.600000000481,430.1689450089969,0.49519999999998066,0.14338964833628023,2516.0,721.2787255978094,0.49644830307813737,0.14232019052837594,0.3793103448275862,0.0689655172413793,0.0,0.0,203.4,67.36319469858893,19.6,4.39317652729776,15.0,4.527692569068709,4.6,3.9115214431215892,4.6,3.9115214431215892,157.8,43.53963711378404,26.0,22.124646889837585,0.0,0.0,0.775725578769057,0.17961076723054747,0.0,0.0,0.0,0.0,-0.047943778908700566,0.009674459283204945,0.0,0.0,0.04611353333332205,0.01650313274906566,0.021333333333333336,0.010954451150103323,0.06133333333333334,0.02375803957494062,0.1,0.03018461712712473,0.0,0.0,0.0,0.0,0.0,0.0,0.0,0.0,0.007751789320641837,0.0010891224788661161,0.022930838685478547,0.0031005182354863843,0.9276527405579632,0.029400464949478955,0.5746666666666667,0.18917364157478883,436.0,25.485289874749313,6467.8,2921.275355046148,0.9825639740591885,0.008402003216751395,0.35333333333333333,0.1667999467092907,23.6,2.880972058177586,1615.6,755.4027402650853,0.9111305067583843,0.034687675119006375,0.5746666666666667,0.18917364157478883,412.4,27.53724750224685,4852.2,2166.472755425279,0.9668293237275634,0.01726606265657007,2011.8,866.558249628956,0.9374453541522374,0.024219887029107986,2777.4,1308.9302120434077,0.8795510919373877,0.04460621555040902,2114.6,761.9772306309421,3000.0,0.0,16500.0,0.0,40000.0,0.0,0.075,0.0,0.03405877273185281,0.0,0.06811754546370562,0.0,2.0435263639111687,0.0,1.25,0.0,3.6700000000000004,0.0,1.25,0.0,3.6700000000000004,0.0,0.009544769346843989,0.0,0.15904312808798324,0.0,1.0,0.0,0.7419408528141854,0.02408090316118453,1614.8382154879694,206.12351913106835,0.9,0.030184617127124745,0.6958273194808634,0.007894508869483669,0.1,0.03018461712712473,0.3471872274223484,0.09217099714221635,0.8586666666666666,0.07263301973314588,-0.3010736940890264,0.08478790441268873,-0.7586666666666667,0.04885352256149667,0.0,0.0,0.0,0.0,0.3010736940890264,0.08478790441268873,0.7586666666666667,0.04885352256149667
3000.0,weak_drift,nominal,oracle_current_physics,302.0,1.5811388300841898,150.0,0.0,1.0,0.0,52.9843699628056,2.4104115756161604,0.033111916394121456,0.0032033018796999656,1614.8382154879694,206.12351913106835,2525.8,225.86433981485436,178.4,3.1304951684997055,175.8,2.774887385102321,30.0,1.8708286933869707,18.72448825281388,1.6994483690449957,275.28548296661893,32.68984625205276,0.17191644990416363,0.02492909944347276,489.6,30.68061277093402,0.1944659022431181,0.012616456796309367,0.8294421856913713,0.008354261919301817,0.0,0.0,1716.6,144.82506689105998,199.2,9.5236547606473,150.0,0.0,49.2,9.5236547606473,49.2,9.5236547606473,1395.8,66.05073807309044,121.6,94.5848825130105,0.0,0.0,0.7543530445426008,0.035082331282853735,0.0,0.0,0.0,0.0,-0.07085879137234934,0.009903238255531745,1.2,0.4472135954999579,0.7419408528141854,0.02408090316118453,0.564,0.07402702209328699,0.9933333333333334,0.0,0.9933333333333334,0.0,0.0,0.0,0.0,0.0,0.0,0.0,0.0,0.0,0.012770858574767327,0.005763281936126135,0.05917050797204052,0.016054429184088063,0.9644066357005089,0.00564109608890964,1.0,0.0,212.8,19.69009903479411,5830.2,648.4483017172611,0.9957536979585354,0.0007431048532423732,1.0,0.0,9.2,1.9235384061671343,2154.0,185.5990301698799,0.9467438389277085,0.009121887660661588,1.0,0.0,203.6,20.911719202399407,3676.2,533.9852057875761,0.9897125182911847,0.0018333099112533043,2981.6,242.15139892224454,0.9641973445849554,0.009408949850507251,2031.6,369.75843465700683,0.8870948218548504,0.022130050747705392,1029.8,256.07752732326986,3000.0,0.0,16500.0,0.0,40000.0,0.0,0.075,0.0,0.03405877273185281,0.0,0.06811754546370562,0.0,2.0435263639111687,0.0,1.25,0.0,3.6700000000000004,0.0,1.25,0.0,3.6700000000000004,0.0,0.009544769346843989,0.0,0.15904312808798324,0.0,1.0,0.0,0.7419408528141854,0.02408090316118453,1614.8382154879694,206.12351913106835,0.0,0.0,0.0,0.0,1.0,0.0,0.3471872274223484,0.09217099714221635,0.8586666666666666,0.07263301973314588,,,,,,,,,,,,
