"scenario","profile","mode","seed","stop_reason","collected","collected_ratio","collected_mass_kg","collected_mass_per_meter","path_length_m","sim_time_s","goal_count","evaluated_goal_count","empty_goal_arrivals","empty_goal_arrivals_per_km","wasted_path_to_empty_goals","wasted_path_ratio","wasted_time_to_empty_goals","wasted_time_ratio","goal_success_rate","route_false_visits","capture_contacts","terminal_capture_attempts","successful_captures","missed_capture_count","missed_captures","partial_contact_events","throughput_limit_events","bin_full_events","collection_precision","pushed_away_events","pushed_away_debris_count","info_gain_total","unload_events","auc_collected_by_path","collected_ratio_at_1km","collected_ratio_at_2km","collected_ratio_at_3km","map_precision","map_recall","map_f1","map_iou","map_brier","count_mae","detection_precision","detection_recall","false_detection_count","true_detection_count","camera_detection_precision","camera_detection_recall","camera_false_detection_count","camera_true_detection_count","radar_detection_precision","radar_detection_recall","radar_false_detection_count","radar_true_detection_count","near_range_detection_precision","near_range_detection_count","mid_range_detection_precision","mid_range_detection_count","far_range_detection_precision","far_range_detection_count","horizon_variant","adaptive_replan_after_each_leg","initial_debris_count","remaining_count","complete_cleanup","config_hash","runner","selector_invocations","route_continuations","queue_discarded_points","provenance_id","git_commit_full","source_sha256","environment_sha256"
"static_calm","nominal","adaptive_mission","400","path_budget","68","0.4533333333333333","21.56019039956253","0.0071866162986632","3000.047519383072","5600.0","211","171","113","37.66607004386292","1661.9809730990914","0.5539848826930782","3142.0","0.5610714285714286","0.3391812865497076","21","747","88","68","20","20","652","7","0","0.7727272727272727","0","0","-0.1287573790716812","0","0.2703269672560369","0.2","0.3466666666666667","0.4533333333333333","0.1724137931034483","0.0609756097560975","0.09009009009009","0.0471698113207547","0.0097150123898916","0.0203586322281366","0.9549855274977542","0.7533333333333333","451","9568","0.9918300653594772","0.6466666666666666","25","3035","0.9387843080902428","0.7533333333333333","426","6533","0.985710825865827","4129","0.9598274467511458","3709","0.8885832187070152","2181","queue_commit","False","150","82","0","2a54a9eb649a","run_adaptive_horizon","185","26","0","a620034d695817d25823357ab58e968cd004425930ee1b4c7a34b2a3ae6b9645","519109d6cab55d8498c1318b6f0971b265ed5e58","b977c6541aa5f9caee0278eeb70eb4d285e7f1d2336771b0c8d708a2ee0f0f18","d7d6ec05229d2b30aba071f56047beb17ff4b5e39a598573816121377609fd21"
"static_calm","nominal","adaptive_mission","400","path_budget","80","0.5333333333333333","25.746647274866557","0.0085820750575324","3000.049184173552","5897.0","245","177","114","37.99937701068208","1521.331273541834","0.5071021107145374","2969.0","0.5034763439036798","0.3559322033898305","7","853","102","80","22","22","751","0","0","0.7843137254901961","0","0","-0.1451235339795707","0","0.2939221329873571","0.2266666666666666","0.38","0.5333333333333333","0.1818181818181818","0.0579710144927536","0.0879120879120879","0.0459770114942528","0.0079778864728184","0.0181036384357095","0.9653469108594878","0.96","456","12703","0.9944870565675936","0.8933333333333333","23","4149","0.9518192945365528","0.96","433","8554","0.9895116918844566","5816","0.9694736842105264","4750","0.9035865792518318","2593","replan_each_leg","True","150","70","0","9d57dc497c86","run_adaptive_horizon","245","0","54","a620034d695817d25823357ab58e968cd004425930ee1b4c7a34b2a3ae6b9645","519109d6cab55d8498c1318b6f0971b265ed5e58","b977c6541aa5f9caee0278eeb70eb4d285e7f1d2336771b0c8d708a2ee0f0f18","d7d6ec05229d2b30aba071f56047beb17ff4b5e39a598573816121377609fd21"
"static_calm","nominal","adaptive_mission","401","path_budget","62","0.4133333333333333","23.947217361655877","0.007982329286854","3000.028751143372","5257.0","207","170","116","38.66629609992573","1862.558767994522","0.6208469726447332","3156.0","0.6003424006087122","0.3176470588235294","33","784","86","62","24","24","688","10","0","0.7209302325581395","0","0","-0.1222720742944731","0","0.1989390093135919","0.1666666666666666","0.2466666666666666","0.4133333333333333","0.119047619047619","0.1149425287356321","0.1169590643274853","0.062111801242236","0.0127843855408577","0.0311244369393793","0.955439459127228","0.9066666666666666","435","9327","0.9918724601437948","0.7066666666666667","26","3173","0.9376809385951548","0.9066666666666666","409","6154","0.9851851851851852","4185","0.9570123589468028","3722","0.8851752021563343","1855","queue_commit","False","150","88","0","5b8c20a11dcc","run_adaptive_horizon","166","41","0","a620034d695817d25823357ab58e968cd004425930ee1b4c7a34b2a3ae6b9645","519109d6cab55d8498c1318b6f0971b265ed5e58","b977c6541aa5f9caee0278eeb70eb4d285e7f1d2336771b0c8d708a2ee0f0f18","d7d6ec05229d2b30aba071f56047beb17ff4b5e39a598573816121377609fd21"
"static_calm","nominal","adaptive_mission","401","path_budget","68","0.4533333333333333","23.233033621390618","0.007744143289332104","3000.0779625804626","5769.0","226","154","103","34.33244111809895","1667.821188334045","0.555925948970839","3105.0","0.5382215288611545","0.33116883116883117","14","792","90","68","22","22","698","4","0","0.7555555555555555","0","0","-0.14680951446690646","0","0.2402978608413979","0.21333333333333335","0.30666666666666664","0.4533333333333333","0.13636363636363635","0.18292682926829268","0.15624999999999997","0.0847457627118644","0.013520661959327836","0.039452929805014324","0.954641641365351","0.9466666666666667","493","10376","0.9909855769230769","0.8","30","3298","0.9386023073862882","0.9466666666666667","463","7078","0.983743613562471","4306","0.9611392710596186","4143","0.8917355371900827","2420","replan_each_leg","True","150","82","0","c2e4cda7f262","run_adaptive_horizon","226","0","139","a620034d695817d25823357ab58e968cd004425930ee1b4c7a34b2a3ae6b9645","519109d6cab55d8498c1318b6f0971b265ed5e58","b977c6541aa5f9caee0278eeb70eb4d285e7f1d2336771b0c8d708a2ee0f0f18","d7d6ec05229d2b30aba071f56047beb17ff4b5e39a598573816121377609fd21"
"static_calm","nominal","adaptive_mission","402","path_budget","73","0.4866666666666667","28.00671359022266","0.009334863103081468","3000.2275642347186","5377.0","206","171","109","36.33057748664579","1585.5417052253138","0.5284738144953831","2890.0","0.5374744281197694","0.36257309941520466","36","834","95","73","22","22","728","11","0","0.7684210526315789","0","0","-0.15285371626149719","0","0.25925308171349803","0.12666666666666668","0.36666666666666664","0.4866666666666667","0.06382978723404255","0.04054054054054054","0.049586776859504134","0.025423728813559324","0.00968352004143261","0.02508834490193985","0.9588989794963019","0.8533333333333334","439","10242","0.9929404542664211","0.78","23","3235","0.9439579684763573","0.8533333333333334","416","7007","0.9874008399440037","4286","0.963040629095675","3815","0.9054263565891473","2580","queue_commit","False","150","77","0","c458f74eda24","run_adaptive_horizon","153","53","0","a620034d695817d25823357ab58e968cd004425930ee1b4c7a34b2a3ae6b9645","519109d6cab55d8498c1318b6f0971b265ed5e58","b977c6541aa5f9caee0278eeb70eb4d285e7f1d2336771b0c8d708a2ee0f0f18","d7d6ec05229d2b30aba071f56047beb17ff4b5e39a598573816121377609fd21"
"static_calm","nominal","adaptive_mission","402","path_budget","64","0.4266666666666667","25.03347635278301","0.008344239176709671","3000.090939705577","5694.0","200","166","111","36.99887844429586","1667.2597764764553","0.5557364126569033","3231.0","0.5674394099051633","0.3313253012048193","1","739","87","64","23","23","652","0","0","0.735632183908046","0","0","-0.16361606061213824","0","0.21647384040267495","0.13333333333333333","0.29333333333333333","0.4266666666666667","0.1724137931034483","0.11904761904761904","0.1408450704225352","0.07575757575757576","0.010811413237860074","0.02862973168377713","0.9625392733424636","0.88","465","11948","0.9940645161290322","0.8133333333333334","23","3852","0.9482314359334739","0.88","442","8096","0.9868287740628167","4935","0.968213058419244","4656","0.9107016300496102","2822","replan_each_leg","True","150","86","0","602c051c58bb","run_adaptive_horizon","200","0","15","a620034d695817d25823357ab58e968cd004425930ee1b4c7a34b2a3ae6b9645","519109d6cab55d8498c1318b6f0971b265ed5e58","b977c6541aa5f9caee0278eeb70eb4d285e7f1d2336771b0c8d708a2ee0f0f18","d7d6ec05229d2b30aba071f56047beb17ff4b5e39a598573816121377609fd21"
"static_calm","nominal","adaptive_mission","403","path_budget","67","0.44666666666666666","22.403562830731858","0.007467671051549346","3000.0736074312895","5832.0","227","172","114","37.999067662079334","1571.6309273989852","0.5238641223688644","3098.0","0.5312071330589849","0.3372093023255814","20","783","92","67","25","25","690","1","0","0.7282608695652174","0","0","-0.11017991272126788","0","0.19498151064693742","0.08","0.29333333333333333","0.44666666666666666","0.16216216216216217","0.07407407407407407","0.10169491525423728","0.05357142857142857","0.009961148247163905","0.022143614417445386","0.9526883703772019","0.6733333333333333","513","10330","0.9921568627450981","0.58","28","3542","0.9333150006874742","0.6733333333333333","485","6788","0.9872185027388922","4929","0.9579124579124579","4158","0.8433940774487472","1756","queue_commit","False","150","83","0","26b18caaa031","run_adaptive_horizon","192","35","0","a620034d695817d25823357ab58e968cd004425930ee1b4c7a34b2a3ae6b9645","519109d6cab55d8498c1318b6f0971b265ed5e58","b977c6541aa5f9caee0278eeb70eb4d285e7f1d2336771b0c8d708a2ee0f0f18","d7d6ec05229d2b30aba071f56047beb17ff4b5e39a598573816121377609fd21"
"static_calm","nominal","adaptive_mission","403","path_budget","63","0.42","20.809322073829595","0.006935984661428245","3000.1972451802653","5776.0","227","156","101","33.66445328294789","1400.2834019555494","0.4667304472081182","2732.0","0.4729916897506925","0.3525641025641026","4","705","84","63","21","21","609","12","0","0.75","0","0","-0.10341297974724817","0","0.23256328661723077","0.1","0.36666666666666664","0.42","0.23809523809523808","0.058823529411764705","0.09433962264150943","0.04950495049504951","0.009072091521958637","0.015564403405997108","0.9491311523153092","0.7133333333333334","524","9777","0.9922346850733391","0.58","27","3450","0.927168815943728","0.7133333333333334","497","6327","0.9857142857142858","4690","0.9529715762273901","3870","0.8420448018380241","1741","replan_each_leg","True","150","87","0","8c94ce1e062a","run_adaptive_horizon","227","0","34","a620034d695817d25823357ab58e968cd004425930ee1b4c7a34b2a3ae6b9645","519109d6cab55d8498c1318b6f0971b265ed5e58","b977c6541aa5f9caee0278eeb70eb4d285e7f1d2336771b0c8d708a2ee0f0f18","d7d6ec05229d2b30aba071f56047beb17ff4b5e39a598573816121377609fd21"
"static_calm","nominal","adaptive_mission","404","path_budget","68","0.4533333333333333","24.212559862912357","0.00807061128203991","3000.089958092052","5594.0","208","178","120","39.99880059473804","1865.8197581322972","0.6219212704271344","3478.0","0.6217375759742582","0.3258426966292135","29","849","99","68","31","31","745","5","0","0.6868686868686869","0","0","-0.16283765378674742","0","0.28113817044693634","0.24","0.36","0.4533333333333333","0.17105263157894737","0.15853658536585366","0.16455696202531647","0.0896551724137931","0.011384647366639201","0.03291136751941102","0.9658551292681088","0.9133333333333333","453","12814","0.9922032193158954","0.78","31","3945","0.9545797007857066","0.9133333333333333","422","8869","0.9880723355136591","5198","0.9695451040863531","5188","0.9191253037139882","2881","queue_commit","False","150","82","0","a8bee3abfa77","run_adaptive_horizon","157","51","0","a620034d695817d25823357ab58e968cd004425930ee1b4c7a34b2a3ae6b9645","519109d6cab55d8498c1318b6f0971b265ed5e58","b977c6541aa5f9caee0278eeb70eb4d285e7f1d2336771b0c8d708a2ee0f0f18","d7d6ec05229d2b30aba071f56047beb17ff4b5e39a598573816121377609fd21"
"static_calm","nominal","adaptive_mission","404","path_budget","91","0.6066666666666667","32.65350357373732","0.010884134316113658","3000.101121996879","5961.0","277","194","123","40.99861804595797","1278.6543029655243","0.4262037347975947","2688.0","0.4509310518369401","0.36597938144329895","9","1037","123","91","32","32","903","11","0","0.7398373983739838","0","0","-0.1802705229688433","1","0.33531593276203203","0.24666666666666667","0.42","0.6066666666666667","0.13333333333333333","0.13559322033898305","0.13445378151260504","0.07207207207207207","0.00908986790948679","0.02734673056336917","0.9627204703367184","0.8866666666666667","558","14410","0.9908214777420835","0.8066666666666666","40","4318","0.9511781338360038","0.8866666666666667","518","10092","0.9878278758786216","5833","0.9695607056381875","5782","0.9072472412764688","3353","replan_each_leg","True","150","59","0","a3bd56b5a4dd","run_adaptive_horizon","277","0","113","a620034d695817d25823357ab58e968cd004425930ee1b4c7a34b2a3ae6b9645","519109d6cab55d8498c1318b6f0971b265ed5e58","b977c6541aa5f9caee0278eeb70eb4d285e7f1d2336771b0c8d708a2ee0f0f18","d7d6ec05229d2b30aba071f56047beb17ff4b5e39a598573816121377609fd21"
"static_calm","nominal","adaptive_mission","405","path_budget","73","0.4866666666666667","27.18449937196108","0.009061103253018846","3000.131287865431","5330.0","194","164","101","33.665193389540185","1589.7858600373913","0.5299054299615371","2915.0","0.5469043151969981","0.38414634146341464","24","825","96","73","23","23","727","2","0","0.7604166666666666","0","0","-0.15718591867008289","0","0.27938901191278326","0.21333333333333335","0.38","0.4866666666666667","0.16","0.2597402597402597","0.19801980198019803","0.10989010989010989","0.013353947034002521","0.04172470762556659","0.957728645173858","0.8866666666666667","434","9833","0.9882391375367527","0.8533333333333334","36","3025","0.9447682486816542","0.8866666666666667","398","6808","0.9837133550488599","3991","0.9638055842812823","3868","0.9049003322259136","2408","queue_commit","False","150","77","0","ad8f9d77acfd","run_adaptive_horizon","155","39","0","a620034d695817d25823357ab58e968cd004425930ee1b4c7a34b2a3ae6b9645","519109d6cab55d8498c1318b6f0971b265ed5e58","b977c6541aa5f9caee0278eeb70eb4d285e7f1d2336771b0c8d708a2ee0f0f18","d7d6ec05229d2b30aba071f56047beb17ff4b5e39a598573816121377609fd21"
"static_calm","nominal","adaptive_mission","405","path_budget","84","0.56","29.79628261964276","0.009931548179307774","3000.164937197088","5814.0","243","176","107","35.66470585446047","1407.6763470958124","0.4691996528733976","2869.0","0.4934640522875817","0.39204545454545453","6","918","108","84","24","24","810","0","0","0.7777777777777778","0","0","-0.16956444150214817","1","0.33255568723092405","0.26","0.46","0.56","0.11428571428571428","0.06060606060606061","0.07920792079207921","0.041237113402061855","0.008325813778218909","0.02029432128067479","0.9602441438469153","0.8866666666666667","482","11642","0.9932614555256065","0.8666666666666667","25","3685","0.9456857618255289","0.8866666666666667","457","7957","0.9899109792284867","5055","0.9643417806683113","4459","0.8957854406130268","2610","replan_each_leg","True","150","66","0","dd608aa8942f","run_adaptive_horizon","243","0","69","a620034d695817d25823357ab58e968cd004425930ee1b4c7a34b2a3ae6b9645","519109d6cab55d8498c1318b6f0971b265ed5e58","b977c6541aa5f9caee0278eeb70eb4d285e7f1d2336771b0c8d708a2ee0f0f18","d7d6ec05229d2b30aba071f56047beb17ff4b5e39a598573816121377609fd21"
"static_calm","nominal","adaptive_mission","406","path_budget","90","0.6","29.35647734687159","0.009785123464326112","3000.1131262060503","5499.0","240","188","112","37.33192559363101","1539.5992675383104","0.5131804044620447","2869.0","0.5217312238588835","0.40425531914893614","31","994","112","90","22","22","860","22","0","0.8035714285714286","0","0","-0.16329378118656473","1","0.3445399584772334","0.2733333333333333","0.48","0.6","0.1","0.11666666666666667","0.1076923076923077","0.056910569105691054","0.009198871411957037","0.02937729237443433","0.9649676241075876","1.0","422","11624","0.9941442640404579","0.9266666666666666","22","3735","0.9517432742188443","1.0","400","7889","0.9902838635930653","5249","0.9653499653499653","4329","0.910453808752026","2468","queue_commit","False","150","60","0","77eaac968d74","run_adaptive_horizon","192","48","0","a620034d695817d25823357ab58e968cd004425930ee1b4c7a34b2a3ae6b9645","519109d6cab55d8498c1318b6f0971b265ed5e58","b977c6541aa5f9caee0278eeb70eb4d285e7f1d2336771b0c8d708a2ee0f0f18","d7d6ec05229d2b30aba071f56047beb17ff4b5e39a598573816121377609fd21"
"static_calm","nominal","adaptive_mission","406","path_budget","84","0.56","26.20320093370921","0.008733965991064655","3000.1491831450426","5898.0","256","166","102","33.99830934176209","1457.1633904444586","0.48569697754727015","2774.0","0.47032892505934215","0.3855421686746988","11","1006","117","84","33","33","868","21","0","0.717948717948718","0","0","-0.16199395202850456","0","0.25742376720604665","0.18","0.3","0.56","0.12244897959183673","0.09090909090909091","0.10434782608695652","0.05504587155963303","0.009398512340757545","0.022317392938065766","0.9673814165042235","0.9","502","14888","0.9950166112956811","0.86","24","4792","0.9547947796481937","0.9","478","10096","0.9879204892966361","6540","0.9696916608269096","5708","0.9204328453214513","3142","replan_each_leg","True","150","66","0","7727d61f4757","run_adaptive_horizon","256","0","91","a620034d695817d25823357ab58e968cd004425930ee1b4c7a34b2a3ae6b9645","519109d6cab55d8498c1318b6f0971b265ed5e58","b977c6541aa5f9caee0278eeb70eb4d285e7f1d2336771b0c8d708a2ee0f0f18","d7d6ec05229d2b30aba071f56047beb17ff4b5e39a598573816121377609fd21"
"static_calm","nominal","adaptive_mission","407","path_budget","53","0.35333333333333333","17.675259001229843","0.005891519865011256","3000.1187140520783","5331.0","203","168","119","39.665097065200435","2003.7912646716409","0.6679039916941292","3551.0","0.6661039204652035","0.2916666666666667","28","646","74","53","21","21","566","6","0","0.7162162162162162","0","0","-0.11786054223027445","0","0.23026255070592572","0.24","0.29333333333333333","0.35333333333333333","0.13725490196078433","0.14583333333333334","0.14141414141414144","0.07608695652173914","0.014050373970576669","0.0405673114456604","0.9529863013698631","0.82","429","8696","0.9903260480114654","0.6266666666666667","27","2764","0.9365329965266814","0.82","402","5932","0.9834851936218679","3512","0.9583669084071985","3723","0.8857142857142857","1890","queue_commit","False","150","97","0","eda47e58d8d2","run_adaptive_horizon","161","42","0","a620034d695817d25823357ab58e968cd004425930ee1b4c7a34b2a3ae6b9645","519109d6cab55d8498c1318b6f0971b265ed5e58","b977c6541aa5f9caee0278eeb70eb4d285e7f1d2336771b0c8d708a2ee0f0f18","d7d6ec05229d2b30aba071f56047beb17ff4b5e39a598573816121377609fd21"
"static_calm","nominal","adaptive_mission","407","path_budget","49","0.32666666666666666","17.076751634082534","0.005692113173500702","3000.072400805793","5153.0","173","149","108","35.99913121129748","2283.1174660099514","0.7610207891638635","3783.0","0.7341354550747138","0.2751677852348993","4","529","64","49","15","15","461","4","0","0.765625","0","0","-0.08748776496898288","0","0.25523643381519295","0.2733333333333333","0.31333333333333335","0.32666666666666666","0.2","0.020202020202020204","0.03669724770642203","0.018691588785046728","0.010072977808044113","0.01579400673614115","0.9385866517106001","0.43333333333333335","438","6694","0.9880569591180524","0.42","26","2151","0.9168516649848638","0.43333333333333335","412","4543","0.9788166544923301","2738","0.9463227605437434","2869","0.8518032786885246","1525","replan_each_leg","True","150","101","0","f6e05df58f4d","run_adaptive_horizon","173","0","52","a620034d695817d25823357ab58e968cd004425930ee1b4c7a34b2a3ae6b9645","519109d6cab55d8498c1318b6f0971b265ed5e58","b977c6541aa5f9caee0278eeb70eb4d285e7f1d2336771b0c8d708a2ee0f0f18","d7d6ec05229d2b30aba071f56047beb17ff4b5e39a598573816121377609fd21"
"static_calm","nominal","adaptive_mission","408","path_budget","48","0.32","15.865456917733715","0.005288302594050668","3000.103839667255","5438.0","193","154","110","36.6653975591059","1850.7112372187287","0.6168823934520856","3374.0","0.6204486943729313","0.2857142857142857","8","490","57","48","9","9","433","0","0","0.8421052631578947","0","0","-0.14251242556672986","0","0.1776351096692168","0.14666666666666667","0.24","0.32","0.12195121951219512","0.09900990099009901","0.1092896174863388","0.057803468208092484","0.014890727385287428","0.03839478050538221","0.9498359118612283","0.7","428","8104","0.990067540723083","0.5533333333333333","25","2492","0.9330008312551954","0.7","403","5612","0.9847374847374848","3276","0.9518979057591623","3056","0.895","2200","queue_commit","False","150","102","0","048ef8954871","run_adaptive_horizon","170","23","0","a620034d695817d25823357ab58e968cd004425930ee1b4c7a34b2a3ae6b9645","519109d6cab55d8498c1318b6f0971b265ed5e58","b977c6541aa5f9caee0278eeb70eb4d285e7f1d2336771b0c8d708a2ee0f0f18","d7d6ec05229d2b30aba071f56047beb17ff4b5e39a598573816121377609fd21"
"static_calm","nominal","adaptive_mission","408","path_budget","66","0.44","24.202848929315287","0.008067446500281662","3000.0631461851385","5654.0","231","174","116","38.66585279963353","1689.405220932684","0.563123220616513","3107.0","0.5495224619738238","0.3333333333333333","0","657","79","66","13","13","578","0","0","0.8354430379746836","0","0","-0.17870487931839169","0","0.22580503657903073","0.17333333333333334","0.26666666666666666","0.44","0.19540229885057472","0.20481927710843373","0.2","0.1111111111111111","0.012084329604144578","0.03828244816212906","0.9582083776724388","0.96","432","9905","0.9933949801849405","0.8","20","3008","0.9436311396907922","0.96","412","6897","0.9878787878787879","3960","0.9579634464751958","3830","0.9124460149195132","2547","replan_each_leg","True","150","84","0","3f1a5293f441","run_adaptive_horizon","231","0","18","a620034d695817d25823357ab58e968cd004425930ee1b4c7a34b2a3ae6b9645","519109d6cab55d8498c1318b6f0971b265ed5e58","b977c6541aa5f9caee0278eeb70eb4d285e7f1d2336771b0c8d708a2ee0f0f18","d7d6ec05229d2b30aba071f56047beb17ff4b5e39a598573816121377609fd21"
"static_calm","nominal","adaptive_mission","409","path_budget","51","0.34","16.585997847377648","0.005528568957284324","3000.0526312553798","5473.0","179","140","96","31.999438609791508","1841.2432899418259","0.6137369960644167","3261.0","0.5958340946464462","0.3142857142857143","6","550","66","51","15","15","484","0","0","0.7727272727272727","0","0","-0.11678256577961513","0","0.21676108866342433","0.16","0.2866666666666667","0.34","0.2","0.08163265306122448","0.11594202898550723","0.06153846153846154","0.011477564340281281","0.024458788067740975","0.9500489715964741","0.5933333333333334","408","7760","0.9898744430943702","0.52","25","2444","0.9327952272328479","0.5933333333333334","383","5316","0.9862345856036708","3487","0.9528936742934051","2972","0.8712697483908719","1709","queue_commit","False","150","99","0","64185d68e04e","run_adaptive_horizon","161","18","0","a620034d695817d25823357ab58e968cd004425930ee1b4c7a34b2a3ae6b9645","519109d6cab55d8498c1318b6f0971b265ed5e58","b977c6541aa5f9caee0278eeb70eb4d285e7f1d2336771b0c8d708a2ee0f0f18","d7d6ec05229d2b30aba071f56047beb17ff4b5e39a598573816121377609fd21"
"static_calm","nominal","adaptive_mission","409","path_budget","89","0.5933333333333334","27.055818834869356","0.00901836326753436","3000.0808386449567","6011.0","271","184","111","36.99900301691046","1264.5995874713753","0.42152183740573995","2655.0","0.4416902345699551","0.3967391304347826","4","937","114","89","25","25","823","0","0","0.7807017543859649","0","0","-0.1461431896625418","1","0.28481419463577606","0.17333333333333334","0.3466666666666667","0.5933333333333334","0.13114754098360656","0.13114754098360656","0.13114754098360656","0.07017543859649122","0.009295582841659196","0.03030564417773044","0.9612102404965089","1.0","500","12390","0.9921123983238846","0.9266666666666666","32","4025","0.9470168685610778","1.0","468","8365","0.9883581578496833","5841","0.9666454217123434","4707","0.8825789923142613","2342","replan_each_leg","True","150","61","0","0c0e721a3778","run_adaptive_horizon","271","0","55","a620034d695817d25823357ab58e968cd004425930ee1b4c7a34b2a3ae6b9645","519109d6cab55d8498c1318b6f0971b265ed5e58","b977c6541aa5f9caee0278eeb70eb4d285e7f1d2336771b0c8d708a2ee0f0f18","d7d6ec05229d2b30aba071f56047beb17ff4b5e39a598573816121377609fd21"
"weak_drift","nominal","adaptive_mission","400","path_budget","97","0.6466666666666666","33.97594830841572","0.011325021254782843","3000.078105289808","4930.0","228","183","123","40.99893258882945","1706.9545821427046","0.5689700475240835","2839.0","0.5758620689655173","0.32786885245901637","91","1436","134","97","37","37","1071","231","0","0.7238805970149254","0","0","-0.06530304105681302","1","0.2620789223443784","0.12666666666666668","0.4066666666666667","0.6466666666666666","0.006211180124223602","0.02631578947368421","0.010050251256281407","0.005050505050505051","0.021432941622293103","0.07446102932219925","0.9732348869404707","0.94","406","14763","0.9965313201387472","0.8533333333333334","17","4884","0.962115309700039","0.94","389","9879","0.9917292081482616","6529","0.9748878923766816","5575","0.9308319738988581","3065","queue_commit","False","150","53","0","b536c1164cf6","run_adaptive_horizon","119","109","0","a620034d695817d25823357ab58e968cd004425930ee1b4c7a34b2a3ae6b9645","519109d6cab55d8498c1318b6f0971b265ed5e58","b977c6541aa5f9caee0278eeb70eb4d285e7f1d2336771b0c8d708a2ee0f0f18","d7d6ec05229d2b30aba071f56047beb17ff4b5e39a598573816121377609fd21"
"weak_drift","nominal","adaptive_mission","400","path_budget","90","0.6","31.48032462853697","0.010493044027469998","3000.1136511124755","5269.0","247","136","91","30.332184237839186","1092.497985072294","0.3641521995899","1940.0","0.36819130764851016","0.33088235294117646","28","1316","124","90","34","34","988","204","0","0.7258064516129032","0","0","-0.0618039388682049","1","0.3256982210119353","0.13333333333333333","0.5466666666666666","0.6","0.07865168539325842","0.18421052631578946","0.11023622047244093","0.058333333333333334","0.010195660472511487","0.0400479006583258","0.9706515499425947","0.98","409","13527","0.9945750452079566","0.9133333333333333","24","4400","0.959524810765349","0.98","385","9127","0.9928461931527849","5871","0.9733539293299864","5179","0.9206514206514207","2886","replan_each_leg","True","150","60","0","a42541825c73","run_adaptive_horizon","247","0","246","a620034d695817d25823357ab58e968cd004425930ee1b4c7a34b2a3ae6b9645","519109d6cab55d8498c1318b6f0971b265ed5e58","b977c6541aa5f9caee0278eeb70eb4d285e7f1d2336771b0c8d708a2ee0f0f18","d7d6ec05229d2b30aba071f56047beb17ff4b5e39a598573816121377609fd21"
"weak_drift","nominal","adaptive_mission","401","path_budget","118","0.7866666666666666","42.74561979595884","0.014247490827125715","3000.220903078295","5056.0","244","188","118","39.330437261779394","1310.6762567393394","0.43685991767958005","2265.0","0.44798259493670883","0.3723404255319149","92","1620","152","118","34","34","1221","247","0","0.7763157894736842","0","0","-0.0660203943238037","1","0.343520774399583","0.12666666666666668","0.5066666666666667","0.7866666666666666","0.010309278350515464","0.07692307692307693","0.01818181818181818","0.009174311926605505","0.015275431263006987","0.054304830134911275","0.9690230905861457","1.0","436","13639","0.9936127744510979","1.0","32","4978","0.9554329840044126","1.0","404","8661","0.9917519474568505","6547","0.9691419470435995","5023","0.9093812375249501","2505","queue_commit","False","150","32","0","9e976ec13fb1","run_adaptive_horizon","130","114","0","a620034d695817d25823357ab58e968cd004425930ee1b4c7a34b2a3ae6b9645","519109d6cab55d8498c1318b6f0971b265ed5e58","b977c6541aa5f9caee0278eeb70eb4d285e7f1d2336771b0c8d708a2ee0f0f18","d7d6ec05229d2b30aba071f56047beb17ff4b5e39a598573816121377609fd21"
"weak_drift","nominal","adaptive_mission","401","path_budget","70","0.4666666666666667","27.02007811537722","0.009006668266634004","3000.008140132737","4888.0","211","142","98","32.666578029906255","1998.1518494080121","0.6660488092274319","3002.0","0.6141571194762684","0.30985915492957744","14","1052","95","70","25","25","781","176","0","0.7368421052631579","0","0","-0.051888337879373914","1","0.19710200436437117","0.18666666666666668","0.21333333333333335","0.4666666666666667","0.05970149253731343","0.26229508196721313","0.09726443768996959","0.051118210862619806","0.021692339237977303","0.06313479458107468","0.953776401636625","1.0","418","8625","0.9920398009950249","0.98","24","2991","0.9346383543463835","1.0","394","5634","0.9876636455186304","3972","0.9583980130394287","3221","0.8729729729729729","1850","replan_each_leg","True","150","80","0","48b5caeaa223","run_adaptive_horizon","211","0","173","a620034d695817d25823357ab58e968cd004425930ee1b4c7a34b2a3ae6b9645","519109d6cab55d8498c1318b6f0971b265ed5e58","b977c6541aa5f9caee0278eeb70eb4d285e7f1d2336771b0c8d708a2ee0f0f18","d7d6ec05229d2b30aba071f56047beb17ff4b5e39a598573816121377609fd21"
"weak_drift","nominal","adaptive_mission","402","path_budget","68","0.4533333333333333","27.852941129095747","0.009284006198215232","3000.099368142411","5021.0","209","166","122","40.665319720906254","1736.2573650996997","0.5787332858160456","2900.0","0.5775741884086836","0.26506024096385544","75","895","88","68","20","20","734","73","0","0.7727272727272727","0","0","-0.03732792577060233","1","0.21357402261842548","0.14","0.22666666666666666","0.4533333333333333","0.0","0.0","0.0","0.0","0.008052254784423146","0.03144732625883027","0.9678754887679215","0.8733333333333333","419","12624","0.9944684944684945","0.8333333333333334","23","4135","0.9554305008441193","0.8733333333333333","396","8489","0.9887617900862934","4983","0.9691073219658977","4985","0.9320325203252032","3075","queue_commit","False","150","82","0","84ee638691f9","run_adaptive_horizon","132","77","0","a620034d695817d25823357ab58e968cd004425930ee1b4c7a34b2a3ae6b9645","519109d6cab55d8498c1318b6f0971b265ed5e58","b977c6541aa5f9caee0278eeb70eb4d285e7f1d2336771b0c8d708a2ee0f0f18","d7d6ec05229d2b30aba071f56047beb17ff4b5e39a598573816121377609fd21"
"weak_drift","nominal","adaptive_mission","402","path_budget","116","0.7733333333333333","45.101870003215204","0.01503327422478006","3000.1361864916726","5875.0","315","155","93","30.998592803466437","1007.7358885467344","0.33589671465053395","1923.0","0.3273191489361702","0.4","25","1582","159","116","43","43","1171","252","0","0.7295597484276729","0","0","-0.07571278462134047","1","0.33694378105190476","0.18666666666666668","0.4666666666666667","0.7733333333333333","0.0","0.0","0.0","0.0","0.011544926198758604","0.04934604918883968","0.9661401053122709","1.0","508","14495","0.9946666666666667","0.9866666666666667","28","5222","0.9507843740387573","1.0","480","9273","0.9915026833631485","6708","0.9659454374412041","5315","0.9093959731543624","2980","replan_each_leg","True","150","34","0","ff20edc9717b","run_adaptive_horizon","315","0","216","a620034d695817d25823357ab58e968cd004425930ee1b4c7a34b2a3ae6b9645","519109d6cab55d8498c1318b6f0971b265ed5e58","b977c6541aa5f9caee0278eeb70eb4d285e7f1d2336771b0c8d708a2ee0f0f18","d7d6ec05229d2b30aba071f56047beb17ff4b5e39a598573816121377609fd21"
"weak_drift","nominal","adaptive_mission","403","path_budget","120","0.8","42.513159072025196","0.014170755007566491","3000.0630911567696","5326.0","217","163","95","31.66600071846147","1519.533044868696","0.5065003630582955","2864.0","0.5377393916635373","0.4171779141104294","16","2233","175","120","55","55","1390","668","0","0.6857142857142857","0","0","-0.01921284010394423","1","0.1991111739711255","0.06666666666666667","0.14666666666666667","0.8","0.022813688212927757","0.5","0.04363636363636364","0.022304832713754646","0.03970322109160766","0.1352864566179558","0.9639676444153934","1.0","441","11798","0.9940743767879036","1.0","29","4865","0.9439074200136147","1.0","412","6933","0.9914031317163033","6514","0.9584199584199584","3848","0.880127863612147","1877","queue_commit","False","150","30","0","6aee706af1f4","run_adaptive_horizon","182","35","0","a620034d695817d25823357ab58e968cd004425930ee1b4c7a34b2a3ae6b9645","519109d6cab55d8498c1318b6f0971b265ed5e58","b977c6541aa5f9caee0278eeb70eb4d285e7f1d2336771b0c8d708a2ee0f0f18","d7d6ec05229d2b30aba071f56047beb17ff4b5e39a598573816121377609fd21"
"weak_drift","nominal","adaptive_mission","403","path_budget","135","0.9","48.10368434594399","0.016034403210289885","3000.0296060332344","5547.0","247","149","83","27.666393635943514","1276.0664460678647","0.4253512843678678","2441.0","0.44005768884081486","0.4429530201342282","5","2082","178","135","43","43","1295","609","0","0.7584269662921348","0","0","-0.01568841128132754","1","0.24825521106384024","0.09333333333333334","0.3","0.9","0.009708737864077669","0.38461538461538464","0.01893939393939394","0.009560229445506692","0.03693196821745963","0.11952667270852275","0.9660703269586675","1.0","440","12528","0.9942451563399194","0.9933333333333333","30","5183","0.9471308833010961","1.0","410","7345","0.9911399881866509","6772","0.9633544749823819","4257","0.8844765342960289","1939","replan_each_leg","True","150","15","0","40aba61c1288","run_adaptive_horizon","247","0","56","a620034d695817d25823357ab58e968cd004425930ee1b4c7a34b2a3ae6b9645","519109d6cab55d8498c1318b6f0971b265ed5e58","b977c6541aa5f9caee0278eeb70eb4d285e7f1d2336771b0c8d708a2ee0f0f18","d7d6ec05229d2b30aba071f56047beb17ff4b5e39a598573816121377609fd21"
"weak_drift","nominal","adaptive_mission","404","path_budget","77","0.5133333333333333","27.235179338336156","0.009077865236366205","3000.174449520488","4755.0","235","215","160","53.33023218885572","1931.878144154846","0.64392193742721","3253.0","0.6841219768664564","0.2558139534883721","147","1369","106","77","29","29","1066","197","0","0.7264150943396226","0","0","-0.06740673358182424","1","0.21946070718016372","0.12666666666666668","0.23333333333333334","0.5133333333333333","0.00423728813559322","0.015873015873015872","0.006688963210702341","0.003355704697986577","0.02394821119542732","0.07838041353945245","0.9785596481583287","0.9733333333333334","429","19580","0.9955577492596249","0.9333333333333333","27","6051","0.9711434929294379","0.9733333333333334","402","13529","0.9935031847133758","7850","0.9813624678663239","7780","0.9467915049097968","4379","queue_commit","False","150","73","0","b9975e77a2cb","run_adaptive_horizon","62","173","0","a620034d695817d25823357ab58e968cd004425930ee1b4c7a34b2a3ae6b9645","519109d6cab55d8498c1318b6f0971b265ed5e58","b977c6541aa5f9caee0278eeb70eb4d285e7f1d2336771b0c8d708a2ee0f0f18","d7d6ec05229d2b30aba071f56047beb17ff4b5e39a598573816121377609fd21"
"weak_drift","nominal","adaptive_mission","404","path_budget","101","0.6733333333333333","34.81613717427173","0.011605226573961253","3000.0394177903427","5664.0","296","176","112","37.33284280727644","1173.6768826133255","0.3912204871887279","2214.0","0.3908898305084746","0.36363636363636365","43","1274","130","101","29","29","1015","129","0","0.7769230769230769","0","0","-0.040543696911940603","1","0.37502285331593815","0.23333333333333334","0.5266666666666666","0.6733333333333333","0.0","0.0","0.0","0.0","0.004716258750152382","0.020378869732489455","0.9690761007890049","0.9466666666666667","486","15230","0.9950300269206875","0.9066666666666666","24","4805","0.9575640672361532","0.9466666666666667","462","10425","0.9912517894067122","6287","0.9707207207207207","5772","0.9283565764287668","3657","replan_each_leg","True","150","49","0","0f27feea6dde","run_adaptive_horizon","296","0","423","a620034d695817d25823357ab58e968cd004425930ee1b4c7a34b2a3ae6b9645","519109d6cab55d8498c1318b6f0971b265ed5e58","b977c6541aa5f9caee0278eeb70eb4d285e7f1d2336771b0c8d708a2ee0f0f18","d7d6ec05229d2b30aba071f56047beb17ff4b5e39a598573816121377609fd21"
"weak_drift","nominal","adaptive_mission","405","path_budget","78","0.52","27.042237617784007","0.009013701986350292","3000.1255487184785","5082.0","201","158","115","38.33172916684202","1796.1149848278344","0.5986799404428443","3035.0","0.5972058244785518","0.2721518987341772","52","1323","118","78","40","40","949","256","0","0.6610169491525424","0","0","0.02531606057222522","1","0.2819375661289442","0.09333333333333334","0.52","0.52","0.0","0.0","0.0","0.0","0.005032305143396815","0.01644501516884497","0.9623385338030532","0.8866666666666667","449","11473","0.9922206506364922","0.8133333333333334","33","4209","0.9458333333333333","0.8866666666666667","416","7264","0.9891475582005951","5713","0.9658843455117349","4133","0.8815028901734104","2076","queue_commit","False","150","72","0","2d5baa2265bd","run_adaptive_horizon","136","65","0","a620034d695817d25823357ab58e968cd004425930ee1b4c7a34b2a3ae6b9645","519109d6cab55d8498c1318b6f0971b265ed5e58","b977c6541aa5f9caee0278eeb70eb4d285e7f1d2336771b0c8d708a2ee0f0f18","d7d6ec05229d2b30aba071f56047beb17ff4b5e39a598573816121377609fd21"
"weak_drift","nominal","adaptive_mission","405","path_budget","125","0.8333333333333334","43.8681492315372","0.014622422715490047","3000.0602557513353","5477.0","254","160","98","32.6660105616635","1467.6603293089788","0.489210283858588","2550.0","0.46558334854847544","0.3875","10","1612","156","125","31","31","1120","336","0","0.8012820512820513","0","0","0.010591774579041043","1","0.43589134398820695","0.13159016679144414","0.6266666666666667","0.8333333333333334","0.0","0.0","0.0","0.0","0.0019529006456898497","0.015680690178929105","0.9613379669852302","0.9266666666666666","445","11065","0.9952229299363057","0.8933333333333333","21","4375","0.940399212819792","0.9266666666666666","424","6690","0.991258141926637","5834","0.9567344836466649","3883","0.8739542665923034","1793","replan_each_leg","True","150","25","0","d7c4572da699","run_adaptive_horizon","254","0","104","a620034d695817d25823357ab58e968cd004425930ee1b4c7a34b2a3ae6b9645","519109d6cab55d8498c1318b6f0971b265ed5e58","b977c6541aa5f9caee0278eeb70eb4d285e7f1d2336771b0c8d708a2ee0f0f18","d7d6ec05229d2b30aba071f56047beb17ff4b5e39a598573816121377609fd21"
"weak_drift","nominal","adaptive_mission","406","path_budget","112","0.7466666666666667","36.36131931613545","0.012120141903294288","3000.073729025594","4810.0","223","178","114","37.99906612196045","1664.1269056896758","0.5546953361810126","2690.0","0.5592515592515592","0.3595505617977528","77","1737","146","112","34","34","1202","389","0","0.7671232876712328","0","0","-0.013700559438008034","1","0.3745344475849515","0.13333333333333333","0.54","0.7466666666666667","0.0","0.0","0.0","0.0","0.0035964751709424946","0.019727990727581447","0.9754666333728698","0.9066666666666666","393","15626","0.9967747411305381","0.8466666666666667","19","5872","0.9630726698262243","0.9066666666666666","374","9754","0.9934963579604579","7688","0.9763723574347131","5629","0.9222797927461139","2702","queue_commit","False","150","38","0","b2980962d243","run_adaptive_horizon","122","101","0","a620034d695817d25823357ab58e968cd004425930ee1b4c7a34b2a3ae6b9645","519109d6cab55d8498c1318b6f0971b265ed5e58","b977c6541aa5f9caee0278eeb70eb4d285e7f1d2336771b0c8d708a2ee0f0f18","d7d6ec05229d2b30aba071f56047beb17ff4b5e39a598573816121377609fd21"
"weak_drift","nominal","adaptive_mission","406","path_budget","89","0.5933333333333334","28.071632686985723","0.009356877253352805","3000.1069723263654","4841.0","195","141","91","30.332251762821677","1681.5332638403183","0.5604911022677339","2546.0","0.5259243957859946","0.3546099290780142","31","1180","116","89","27","27","889","175","0","0.7672413793103449","0","0","-0.020553448635611447","1","0.4341052964275758","0.48","0.5933333333333334","0.5933333333333334","0.0","0.0","0.0","0.0","0.004645495511466059","0.010685125196914334","0.9548981069618289","0.86","436","9231","0.9911987860394538","0.8066666666666666","29","3266","0.9361268047708726","0.86","407","5965","0.9848413074372335","4222","0.9563605248146035","3506","0.887055183084064","1939","replan_each_leg","True","150","61","0","d4e95040fd1b","run_adaptive_horizon","195","0","370","a620034d695817d25823357ab58e968cd004425930ee1b4c7a34b2a3ae6b9645","519109d6cab55d8498c1318b6f0971b265ed5e58","b977c6541aa5f9caee0278eeb70eb4d285e7f1d2336771b0c8d708a2ee0f0f18","d7d6ec05229d2b30aba071f56047beb17ff4b5e39a598573816121377609fd21"
"weak_drift","nominal","adaptive_mission","407","path_budget","81","0.54","28.05144486016067","0.009349740786289747","3000.2377072629315","4556.0","213","194","139","46.32966236758868","1774.3810939555397","0.5914135035567828","2886.0","0.6334503950834065","0.28350515463917525","129","1326","109","81","28","28","994","223","0","0.7431192660550459","0","0","-0.0077858302456908085","1","0.18166175213821723","0.08666666666666667","0.16","0.54","0.0","0.0","0.0","0.0","0.027458302196478348","0.08175460217512692","0.9744401885680612","1.0","347","13229","0.9957437752713343","0.9933333333333333","20","4679","0.9631632308212233","1.0","327","8550","0.9945821704153669","6091","0.9731717011128775","5032","0.9270281288218508","2453","queue_commit","False","150","69","0","15896dce0032","run_adaptive_horizon","67","146","0","a620034d695817d25823357ab58e968cd004425930ee1b4c7a34b2a3ae6b9645","519109d6cab55d8498c1318b6f0971b265ed5e58","b977c6541aa5f9caee0278eeb70eb4d285e7f1d2336771b0c8d708a2ee0f0f18","d7d6ec05229d2b30aba071f56047beb17ff4b5e39a598573816121377609fd21"
"weak_drift","nominal","adaptive_mission","407","path_budget","125","0.8333333333333334","43.66135081365269","0.01455279083269794","3000.2046559723913","5899.0","298","168","94","31.331195961208127","963.7639588275133","0.32123273887632486","1963.0","0.33276826580776403","0.44047619047619047","18","1882","173","125","48","48","1308","401","0","0.7225433526011561","0","0","-0.034482370145511664","1","0.3224292628813166","0.16","0.5266666666666666","0.8333333333333334","0.046296296296296294","0.6521739130434783","0.08645533141210375","0.045180722891566265","0.023141890124586","0.08295424474682683","0.9676353583709797","1.0","480","14351","0.9949142964776794","1.0","27","5282","0.9524259609325771","1.0","453","9069","0.9907621247113164","6928","0.9716730038022814","5260","0.8989784335981839","2643","replan_each_leg","True","150","25","0","4dd70ef8878d","run_adaptive_horizon","298","0","197","a620034d695817d25823357ab58e968cd004425930ee1b4c7a34b2a3ae6b9645","519109d6cab55d8498c1318b6f0971b265ed5e58","b977c6541aa5f9caee0278eeb70eb4d285e7f1d2336771b0c8d708a2ee0f0f18","d7d6ec05229d2b30aba071f56047beb17ff4b5e39a598573816121377609fd21"
"weak_drift","nominal","adaptive_mission","408","path_budget","96","0.64","31.439732887042233","0.010479733002871893","3000.050943895842","4662.0","204","170","112","37.332699375617175","1831.8449886161877","0.6106046273458838","2793.0","0.5990990990990991","0.3411764705882353","53","1742","128","96","32","32","1068","546","0","0.75","0","0","-0.060857205382471954","1","0.14362105946469195","0.0","0.08666666666666667","0.64","0.012567324955116697","0.1794871794871795","0.02348993288590604","0.011884550084889643","0.03991729388700897","0.12160216263695355","0.9702058504875406","1.0","385","12537","0.994936151475121","0.9866666666666667","23","4519","0.9568019093078759","1.0","362","8018","0.9920039164490861","6128","0.9715318572074108","4426","0.9113175675675675","2368","queue_commit","False","150","54","0","65324eff9caf","run_adaptive_horizon","126","78","0","a620034d695817d25823357ab58e968cd004425930ee1b4c7a34b2a3ae6b9645","519109d6cab55d8498c1318b6f0971b265ed5e58","b977c6541aa5f9caee0278eeb70eb4d285e7f1d2336771b0c8d708a2ee0f0f18","d7d6ec05229d2b30aba071f56047beb17ff4b5e39a598573816121377609fd21"
"weak_drift","nominal","adaptive_mission","408","path_budget","120","0.8","41.599492542055444","0.01386623888315915","3000.0559555178975","5131.0","255","165","96","31.999403152274734","1540.276066179992","0.5134157792447226","2408.0","0.4693042291950887","0.41818181818181815","16","1705","161","120","41","41","1182","362","0","0.7453416149068323","0","0","-0.07996791677103607","1","0.27788729727674405","0.0","0.5066666666666667","0.8","0.0","0.0","0.0","0.0","0.014185971110722175","0.06291791508179988","0.9701492537313433","1.0","400","13000","0.995743857612691","0.9733333333333334","22","5147","0.9540760539424128","1.0","378","7853","0.9910006101281269","6556","0.972421052631579","4750","0.8997134670487106","2094","replan_each_leg","True","150","30","0","9cf088e4845b","run_adaptive_horizon","255","0","199","a620034d695817d25823357ab58e968cd004425930ee1b4c7a34b2a3ae6b9645","519109d6cab55d8498c1318b6f0971b265ed5e58","b977c6541aa5f9caee0278eeb70eb4d285e7f1d2336771b0c8d708a2ee0f0f18","d7d6ec05229d2b30aba071f56047beb17ff4b5e39a598573816121377609fd21"
"weak_drift","nominal","adaptive_mission","409","path_budget","124","0.8266666666666667","42.9680397797714","0.014322275809184387","3000.08464801505","5513.0","263","202","122","40.665519248171556","1277.0234289619546","0.42566246582638034","2520.0","0.45710139669871214","0.39603960396039606","60","2053","180","124","56","56","1492","381","0","0.6888888888888889","0","0","-0.05645597329534575","1","0.3330407505063666","0.12","0.5133333333333333","0.8266666666666667","0.0136986301369863","0.23809523809523808","0.025906735751295335","0.013123359580052493","0.029786899273213874","0.10280401109162958","0.972022070756248","1.0","431","14974","0.995225102319236","1.0","28","5836","0.9577612409600671","1.0","403","9138","0.9918125708527522","7939","0.9697142857142858","5250","0.9065884476534296","2216","queue_commit","False","150","26","0","392fac59a0db","run_adaptive_horizon","177","86","0","a620034d695817d25823357ab58e968cd004425930ee1b4c7a34b2a3ae6b9645","519109d6cab55d8498c1318b6f0971b265ed5e58","b977c6541aa5f9caee0278eeb70eb4d285e7f1d2336771b0c8d708a2ee0f0f18","d7d6ec05229d2b30aba071f56047beb17ff4b5e39a598573816121377609fd21"
"weak_drift","nominal","adaptive_mission","409","path_budget","76","0.5066666666666667","27.48964763709035","0.00916313350634033","3000.02696872955","5419.0","247","160","114","37.999658399163216","1657.478031091694","0.5524877104000175","2920.0","0.5388448053146337","0.2875","12","1027","103","76","27","27","772","152","0","0.7378640776699029","0","0","0.017298108024401664","1","0.3016450609111971","0.12666666666666668","0.5066666666666667","0.5066666666666667","0.0","0.0","0.0","0.0","0.004236040729514494","0.011939574151427908","0.9520463923274227","0.8733333333333333","430","8537","0.992505995203837","0.74","25","3311","0.9280767181672882","0.8733333333333333","405","5226","0.987727372342757","4563","0.9486088379705401","3055","0.8391401037805782","1349","replan_each_leg","True","150","74","0","869cf93aeec0","run_adaptive_horizon","247","0","191","a620034d695817d25823357ab58e968cd004425930ee1b4c7a34b2a3ae6b9645","519109d6cab55d8498c1318b6f0971b265ed5e58","b977c6541aa5f9caee0278eeb70eb4d285e7f1d2336771b0c8d708a2ee0f0f18","d7d6ec05229d2b30aba071f56047beb17ff4b5e39a598573816121377609fd21"
"strong_drift","nominal","adaptive_mission","400","path_budget","135","0.9","46.31906397175672","0.015439196084760225","3000.095582533439","4649.0","180","124","58","19.332717376631624","1165.4765549171357","0.3884798076776426","1616.0","0.3476016347601635","0.532258064516129","35","2394","175","135","40","40","1439","780","0","0.7714285714285715","0","0","-0.017727719265706474","1","0.5782647250884313","0.5266666666666666","0.8733333333333333","0.9","0.0","0.0","0.0","0.0","0.0022273262524981105","0.02606268711100798","0.9678348535765723","1.0","402","12096","0.9942172655927303","1.0","28","4814","0.9511494252873564","1.0","374","7282","0.9926829268292683","6150","0.9647367167024065","4197","0.902835890283589","2151","queue_commit","False","150","15","0","df43895556d4","run_adaptive_horizon","116","64","0","a620034d695817d25823357ab58e968cd004425930ee1b4c7a34b2a3ae6b9645","519109d6cab55d8498c1318b6f0971b265ed5e58","b977c6541aa5f9caee0278eeb70eb4d285e7f1d2336771b0c8d708a2ee0f0f18","d7d6ec05229d2b30aba071f56047beb17ff4b5e39a598573816121377609fd21"
"strong_drift","nominal","adaptive_mission","400","path_budget","132","0.88","44.356092871404044","0.014785353731892208","3000.0021423719713","5112.0","252","134","80","26.666647623373855","1405.908924936648","0.4686359736480244","2099.0","0.4106025039123631","0.40298507462686567","34","1897","168","132","36","36","1248","481","0","0.7857142857142857","0","0","-0.03855481004226896","1","0.6250545945300869","0.5866666666666667","0.88","0.88","0.0","0.0","0.0","0.0","0.0017065688292450354","0.011242759662784428","0.9618269711618603","1.0","458","11540","0.9938339572781326","1.0","28","4513","0.9423360600777793","1.0","430","7027","0.9888814016172507","5936","0.956286836935167","4072","0.892462311557789","1990","replan_each_leg","True","150","18","0","8c73c6aa2ba3","run_adaptive_horizon","252","0","364","a620034d695817d25823357ab58e968cd004425930ee1b4c7a34b2a3ae6b9645","519109d6cab55d8498c1318b6f0971b265ed5e58","b977c6541aa5f9caee0278eeb70eb4d285e7f1d2336771b0c8d708a2ee0f0f18","d7d6ec05229d2b30aba071f56047beb17ff4b5e39a598573816121377609fd21"
"strong_drift","nominal","adaptive_mission","401","path_budget","133","0.8866666666666667","47.88366793756685","0.015960648188552133","3000.107976310867","4524.0","198","132","72","23.999136220602303","1706.5172019388874","0.5688185943351729","2328.0","0.5145888594164456","0.45454545454545453","31","2581","185","133","52","52","1578","818","0","0.7189189189189189","0","0","-0.01827916713977866","1","0.5359866790378458","0.44","0.8866666666666667","0.8866666666666667","0.0","0.0","0.0","0.0","0.0017128587034415926","0.014894493584424021","0.9683708137841773","0.9933333333333333","391","11971","0.9960497728619395","0.9666666666666667","20","5043","0.9491711193314153","0.9933333333333333","371","6928","0.9930628864424672","6631","0.9631685166498486","3964","0.8873797396717601","1767","queue_commit","False","150","17","0","fd12a7664b07","run_adaptive_horizon","129","69","0","a620034d695817d25823357ab58e968cd004425930ee1b4c7a34b2a3ae6b9645","519109d6cab55d8498c1318b6f0971b265ed5e58","b977c6541aa5f9caee0278eeb70eb4d285e7f1d2336771b0c8d708a2ee0f0f18","d7d6ec05229d2b30aba071f56047beb17ff4b5e39a598573816121377609fd21"
"strong_drift","nominal","adaptive_mission","401","path_budget","139","0.9266666666666666","51.50286332651468","0.017167282232520276","3000.059218980621","5255.0","263","120","55","18.33297144670639","1152.7599323622264","0.3842457259073434","1830.0","0.34823977164605135","0.5416666666666666","13","1938","186","139","47","47","1339","413","0","0.7473118279569892","0","0","-0.02914264745898639","1","0.6284125608992743","0.5066666666666667","0.8933333333333333","0.9266666666666666","0.0","0.0","0.0","0.0","0.0011041392372684823","0.009834972193067684","0.9647244647244647","1.0","402","10994","0.994752951464801","0.98","24","4550","0.9445910290237467","1.0","378","6444","0.98999648999649","5698","0.9641290322580646","3875","0.8869994514536478","1823","replan_each_leg","True","150","11","0","02d29bf8803e","run_adaptive_horizon","263","0","255","a620034d695817d25823357ab58e968cd004425930ee1b4c7a34b2a3ae6b9645","519109d6cab55d8498c1318b6f0971b265ed5e58","b977c6541aa5f9caee0278eeb70eb4d285e7f1d2336771b0c8d708a2ee0f0f18","d7d6ec05229d2b30aba071f56047beb17ff4b5e39a598573816121377609fd21"
"strong_drift","nominal","adaptive_mission","402","path_budget","118","0.7866666666666666","44.73271858365099","0.014910377080320574","3000.1064589232533","5070.0","249","142","94","31.332221468479776","1672.9505206549466","0.5576303853081844","2575.0","0.5078895463510849","0.3380281690140845","60","2593","168","118","50","50","1421","1004","0","0.7023809523809523","0","0","-0.027488982501474912","1","0.4180305444462647","0.09333333333333334","0.7266666666666667","0.7866666666666666","0.0","0.0","0.0","0.0","0.003368203275417188","0.020517354513089853","0.9714662593723965","0.9933333333333333","411","13993","0.9947991391678622","0.9266666666666666","29","5547","0.956728590847304","0.9933333333333333","382","8446","0.9939142051358171","6737","0.9681578433287752","5119","0.9187598116169545","2548","queue_commit","False","150","32","0","2615185e266e","run_adaptive_horizon","163","86","0","a620034d695817d25823357ab58e968cd004425930ee1b4c7a34b2a3ae6b9645","519109d6cab55d8498c1318b6f0971b265ed5e58","b977c6541aa5f9caee0278eeb70eb4d285e7f1d2336771b0c8d708a2ee0f0f18","d7d6ec05229d2b30aba071f56047beb17ff4b5e39a598573816121377609fd21"
"strong_drift","nominal","adaptive_mission","402","path_budget","140","0.9333333333333333","53.83766306974992","0.017945451240834513","3000.0729626259495","5309.0","259","121","72","23.999416313188178","1035.042119153858","0.3450056488785828","1727.0","0.32529666603880203","0.4049586776859504","14","2490","205","140","65","65","1578","707","0","0.6829268292682927","0","0","-0.01269944869978848","1","0.5213839225534249","0.35333333333333333","0.8133333333333334","0.9333333333333333","0.0","0.0","0.0","0.0","0.005117978187707659","0.035987287639114504","0.9666443800609167","1.0","449","13012","0.995409604519774","1.0","26","5638","0.9457483647556753","1.0","423","7374","0.9919700955281738","7223","0.9577192558589032","4139","0.8970938542162935","2099","replan_each_leg","True","150","10","0","02364f97cf2c","run_adaptive_horizon","259","0","110","a620034d695817d25823357ab58e968cd004425930ee1b4c7a34b2a3ae6b9645","519109d6cab55d8498c1318b6f0971b265ed5e58","b977c6541aa5f9caee0278eeb70eb4d285e7f1d2336771b0c8d708a2ee0f0f18","d7d6ec05229d2b30aba071f56047beb17ff4b5e39a598573816121377609fd21"
"strong_drift","nominal","adaptive_mission","403","path_budget","83","0.5533333333333333","28.187533498581033","0.009395427760401356","3000.1330665733212","4658.0","181","135","98","32.665217783800905","1794.2694362133934","0.5980632846604915","2742.0","0.5886646629454702","0.2740740740740741","53","1770","112","83","29","29","975","683","0","0.7410714285714286","0","0","0.027974748804997167","1","0.39596050825178564","0.37333333333333335","0.5533333333333333","0.5533333333333333","0.0","0.0","0.0","0.0","0.004217252578297646","0.013250013199297916","0.9506676557863502","1.0","399","7689","0.9945320038597619","0.9666666666666667","17","3092","0.9232777666198032","1.0","382","4597","0.9878888625029684","4211","0.9432040736388563","2553","0.8466767371601208","1324","queue_commit","False","150","67","0","8c0fc880a340","run_adaptive_horizon","119","62","0","a620034d695817d25823357ab58e968cd004425930ee1b4c7a34b2a3ae6b9645","519109d6cab55d8498c1318b6f0971b265ed5e58","b977c6541aa5f9caee0278eeb70eb4d285e7f1d2336771b0c8d708a2ee0f0f18","d7d6ec05229d2b30aba071f56047beb17ff4b5e39a598573816121377609fd21"
"strong_drift","nominal","adaptive_mission","403","path_budget","135","0.9","48.09614028598699","0.01603157814786594","3000.087692077237","5901.0","332","130","78","25.999240024211897","1239.188864248725","0.4130508809863222","2118.0","0.3589222165734621","0.4","19","2125","183","135","48","48","1340","602","0","0.7377049180327869","0","0","-0.006586926364210002","1","0.5427540066732762","0.29333333333333333","0.9","0.9","0.0","0.0","0.0","0.0","0.001304919443132695","0.010895431648883047","0.9607329842931938","1.0","510","12478","0.9947521865889213","1.0","27","5118","0.9384164222873901","1.0","483","7360","0.9908900836320191","6696","0.9571395828558331","4363","0.8641783307413168","1929","replan_each_leg","True","150","15","0","a71036623186","run_adaptive_horizon","332","0","203","a620034d695817d25823357ab58e968cd004425930ee1b4c7a34b2a3ae6b9645","519109d6cab55d8498c1318b6f0971b265ed5e58","b977c6541aa5f9caee0278eeb70eb4d285e7f1d2336771b0c8d708a2ee0f0f18","d7d6ec05229d2b30aba071f56047beb17ff4b5e39a598573816121377609fd21"
"strong_drift","nominal","adaptive_mission","404","path_budget","137","0.9133333333333333","49.40486272282693","0.016466924469992764","3000.2483349490117","5181.0","281","192","118","39.33007765572358","1587.2751630072141","0.5290479273057206","2597.0","0.5012545840571319","0.3854166666666667","77","2295","181","137","44","44","1412","702","0","0.7569060773480663","0","0","-0.0231568921105237","1","0.6204230066393407","0.52","0.8933333333333333","0.9133333333333333","0.0","0.0","0.0","0.0","0.001406456228942081","0.00953610826830169","0.9719967783904343","1.0","452","15689","0.9953472341892124","0.9666666666666667","27","5776","0.9588895337589476","1.0","425","9913","0.9928407402404431","7403","0.9744058500914077","6017","0.9099595736861448","2721","queue_commit","False","150","13","0","bfd47009ebc5","run_adaptive_horizon","172","109","0","a620034d695817d25823357ab58e968cd004425930ee1b4c7a34b2a3ae6b9645","519109d6cab55d8498c1318b6f0971b265ed5e58","b977c6541aa5f9caee0278eeb70eb4d285e7f1d2336771b0c8d708a2ee0f0f18","d7d6ec05229d2b30aba071f56047beb17ff4b5e39a598573816121377609fd21"
"strong_drift","nominal","adaptive_mission","404","path_budget","139","0.9266666666666666","49.40284839138627","0.016466413381750842","3000.2191276296844","5461.0","285","159","96","31.997662809331047","1425.9082881399256","0.47526804792637295","2300.0","0.4211682841970335","0.39622641509433965","39","2104","184","139","45","45","1357","563","0","0.7554347826086957","0","0","-0.037244835177901475","1","0.6279606096030178","0.5133333333333333","0.8933333333333333","0.9266666666666666","0.0","0.0","0.0","0.0","0.001022964886274294","0.011619711052045463","0.96971910485424","1.0","456","14603","0.9955838191132309","0.9933333333333333","25","5636","0.9541391785486274","1.0","431","8967","0.99338204880739","7253","0.9658555729984302","5096","0.9136531365313653","2710","replan_each_leg","True","150","11","0","032a3627d6c5","run_adaptive_horizon","285","0","474","a620034d695817d25823357ab58e968cd004425930ee1b4c7a34b2a3ae6b9645","519109d6cab55d8498c1318b6f0971b265ed5e58","b977c6541aa5f9caee0278eeb70eb4d285e7f1d2336771b0c8d708a2ee0f0f18","d7d6ec05229d2b30aba071f56047beb17ff4b5e39a598573816121377609fd21"
"strong_drift","nominal","adaptive_mission","405","path_budget","141","0.94","48.983852773358095","0.016326695858501626","3000.230616034368","4752.0","239","160","85","28.33115546042622","1445.896363586608","0.48192840772278994","2185.0","0.45980639730639733","0.46875","43","2170","187","141","46","46","1579","404","0","0.7540106951871658","0","0","-0.014655448674158064","1","0.5390099549442746","0.44","0.8866666666666667","0.94","0.0","0.0","0.0","0.0","0.0022030858880964193","0.025824244406324987","0.9664010515074345","1.0","409","11764","0.9956772334293948","1.0","21","4837","0.9469583048530417","1.0","388","6927","0.9915403032721468","6265","0.9650866462793068","3924","0.889616935483871","1984","queue_commit","False","150","9","0","b168b1f21f63","run_adaptive_horizon","161","78","0","a620034d695817d25823357ab58e968cd004425930ee1b4c7a34b2a3ae6b9645","519109d6cab55d8498c1318b6f0971b265ed5e58","b977c6541aa5f9caee0278eeb70eb4d285e7f1d2336771b0c8d708a2ee0f0f18","d7d6ec05229d2b30aba071f56047beb17ff4b5e39a598573816121377609fd21"
"strong_drift","nominal","adaptive_mission","405","path_budget","141","0.94","49.80483749740333","0.016601371283645416","3000.043589559845","5440.0","278","137","74","24.666308268826523","1406.8262340390484","0.46893526445242506","2176.0","0.4","0.45985401459854014","17","2195","198","141","57","57","1430","567","0","0.7121212121212122","0","0","0.039859288053686937","1","0.48453667202340406","0.37333333333333335","0.52","0.94","0.0","0.0","0.0","0.0","0.001838436768974671","0.026827776047014213","0.9566305254378649","1.0","468","10323","0.9947418738049714","1.0","22","4162","0.9324958377478432","0.9933333333333333","446","6161","0.9912060301507538","5572","0.9546809779367919","3354","0.8568364611260053","1865","replan_each_leg","True","150","9","0","126ccec359af","run_adaptive_horizon","278","0","209","a620034d695817d25823357ab58e968cd004425930ee1b4c7a34b2a3ae6b9645","519109d6cab55d8498c1318b6f0971b265ed5e58","b977c6541aa5f9caee0278eeb70eb4d285e7f1d2336771b0c8d708a2ee0f0f18","d7d6ec05229d2b30aba071f56047beb17ff4b5e39a598573816121377609fd21"
"strong_drift","nominal","adaptive_mission","406","path_budget","147","0.98","48.34419317722299","0.016114112781372977","3000.1151061264886","4703.0","219","125","59","19.66591211101101","1249.2229229072723","0.41639166455855425","1787.0","0.37997023176695727","0.528","35","2220","186","147","39","39","1516","518","0","0.7903225806451613","0","0","-0.06576781442362038","1","0.6190878720491311","0.56","0.7866666666666666","0.98","0.0","0.0","0.0","0.0","0.005202464552531022","0.03551832886782205","0.9662491301322199","1.0","388","11108","0.9960343688037012","1.0","18","4521","0.9468161563892482","1.0","370","6587","0.9945390298747189","6226","0.9592990390050876","3538","0.8787528868360277","1732","queue_commit","False","150","3","0","1fed184e0440","run_adaptive_horizon","148","71","0","a620034d695817d25823357ab58e968cd004425930ee1b4c7a34b2a3ae6b9645","519109d6cab55d8498c1318b6f0971b265ed5e58","b977c6541aa5f9caee0278eeb70eb4d285e7f1d2336771b0c8d708a2ee0f0f18","d7d6ec05229d2b30aba071f56047beb17ff4b5e39a598573816121377609fd21"
"strong_drift","nominal","adaptive_mission","406","path_budget","136","0.9066666666666666","44.66854782981725","0.014888476593585182","3000.2094270049797","4949.0","223","125","69","22.998394505039823","1433.94433631213","0.4779480803590415","2156.0","0.43564356435643564","0.448","16","2183","186","136","50","50","1398","599","0","0.7311827956989247","0","0","0.01769088413534728","1","0.6593163727198018","0.5666666666666667","0.8666666666666667","0.9066666666666666","0.0","0.0","0.0","0.0","0.001401383705734102","0.009572577565545198","0.9665220594253908","1.0","409","11808","0.9957957957957958","1.0","21","4974","0.9462752700083079","1.0","388","6834","0.992626728110599","6510","0.9640672782874617","3924","0.8766124509254066","1783","replan_each_leg","True","150","14","0","b1af58ecdeb5","run_adaptive_horizon","223","0","244","a620034d695817d25823357ab58e968cd004425930ee1b4c7a34b2a3ae6b9645","519109d6cab55d8498c1318b6f0971b265ed5e58","b977c6541aa5f9caee0278eeb70eb4d285e7f1d2336771b0c8d708a2ee0f0f18","d7d6ec05229d2b30aba071f56047beb17ff4b5e39a598573816121377609fd21"
"strong_drift","nominal","adaptive_mission","407","path_budget","145","0.9666666666666667","51.05105880872152","0.01701691348811335","3000.01870752776","5372.0","298","177","104","34.66645049213836","1262.849644195997","0.4209472564378372","2103.0","0.39147431124348475","0.4124293785310734","81","2257","189","145","44","44","1433","635","0","0.7671957671957672","0","0","-0.04925466285404395","1","0.4913223232676926","0.3933333333333333","0.6533333333333333","0.9666666666666667","0.0","0.0","0.0","0.0","0.004661763278800434","0.04609705871905522","0.969399985898611","1.0","434","13749","0.9948892674616695","1.0","27","5256","0.9542696629213483","1.0","407","8493","0.9909993792675357","6444","0.972498090145149","5236","0.9073112265281662","2503","queue_commit","False","150","5","0","09390b6522bc","run_adaptive_horizon","193","105","0","a620034d695817d25823357ab58e968cd004425930ee1b4c7a34b2a3ae6b9645","519109d6cab55d8498c1318b6f0971b265ed5e58","b977c6541aa5f9caee0278eeb70eb4d285e7f1d2336771b0c8d708a2ee0f0f18","d7d6ec05229d2b30aba071f56047beb17ff4b5e39a598573816121377609fd21"
"strong_drift","nominal","adaptive_mission","407","path_budget","139","0.9266666666666666","49.728540267695536","0.016575766918787864","3000.074778520838","5627.0","316","156","94","31.33255233269416","1341.872702553404","0.44727975187838587","2323.0","0.41283099342456014","0.3974358974358974","38","1924","182","139","43","43","1324","418","0","0.7637362637362637","0","0","-0.021503803010683165","1","0.6409329802102076","0.5","0.9266666666666666","0.9266666666666666","0.0","0.0","0.0","0.0","0.0010824581067721147","0.009006740058603272","0.9636766842547985","1.0","475","12602","0.9923154701718908","1.0","38","4907","0.9462616822429907","1.0","437","7695","0.9900337566307668","6221","0.9620719549198092","4614","0.8938447814451382","2242","replan_each_leg","True","150","11","0","25f18650c384","run_adaptive_horizon","316","0","461","a620034d695817d25823357ab58e968cd004425930ee1b4c7a34b2a3ae6b9645","519109d6cab55d8498c1318b6f0971b265ed5e58","b977c6541aa5f9caee0278eeb70eb4d285e7f1d2336771b0c8d708a2ee0f0f18","d7d6ec05229d2b30aba071f56047beb17ff4b5e39a598573816121377609fd21"
"strong_drift","nominal","adaptive_mission","408","path_budget","141","0.94","48.24572317069015","0.016081688450266154","3000.0409049021014","4548.0","205","152","78","25.99964549568211","1639.13507257806","0.5463709077765222","2460.0","0.5408970976253298","0.4868421052631579","33","2577","180","141","39","39","1508","889","0","0.7833333333333333","0","0","-0.016234655743825183","1","0.5086575455387014","0.25333333333333335","0.8866666666666667","0.94","0.25","0.25","0.25","0.14285714285714285","0.0025097369075191348","0.033646628461615605","0.9659751037344398","1.0","410","11640","0.9960087806824985","1.0","20","4991","0.9445944026140076","1.0","390","6649","0.9914123600674744","6521","0.9583544946673438","3938","0.8805782526712759","1591","queue_commit","False","150","9","0","b68e7558954d","run_adaptive_horizon","134","71","0","a620034d695817d25823357ab58e968cd004425930ee1b4c7a34b2a3ae6b9645","519109d6cab55d8498c1318b6f0971b265ed5e58","b977c6541aa5f9caee0278eeb70eb4d285e7f1d2336771b0c8d708a2ee0f0f18","d7d6ec05229d2b30aba071f56047beb17ff4b5e39a598573816121377609fd21"
"strong_drift","nominal","adaptive_mission","408","path_budget","128","0.8533333333333334","44.569819195020244","0.014856247922693093","3000.0723888660555","5165.0","229","95","51","16.999589806323502","1107.4258017361387","0.3691330268716333","1639.0","0.31732817037754113","0.4631578947368421","7","2106","166","128","38","38","1237","703","0","0.7710843373493976","0","0","-0.06509096539105708","1","0.5073998463083087","0.41333333333333333","0.8133333333333334","0.8533333333333334","0.0","0.0","0.0","0.0","0.002762493338343125","0.025673275827764064","0.9617879053461875","1.0","436","10974","0.9944845142129826","1.0","26","4688","0.9387694145758662","1.0","410","6286","0.9896992855956139","6019","0.96104245029554","3722","0.8627920910724985","1669","replan_each_leg","True","150","22","0","a27d36856df1","run_adaptive_horizon","229","0","148","a620034d695817d25823357ab58e968cd004425930ee1b4c7a34b2a3ae6b9645","519109d6cab55d8498c1318b6f0971b265ed5e58","b977c6541aa5f9caee0278eeb70eb4d285e7f1d2336771b0c8d708a2ee0f0f18","d7d6ec05229d2b30aba071f56047beb17ff4b5e39a598573816121377609fd21"
"strong_drift","nominal","adaptive_mission","409","path_budget","114","0.76","38.90291530107607","0.01296742903941284","3000.048443128984","5050.0","243","145","88","29.332859674831766","1650.1992057209136","0.5500575197378454","2551.0","0.5051485148514852","0.3931034482758621","23","2214","167","114","53","53","1431","616","0","0.6826347305389222","0","0","0.0016312641308955725","1","0.5234257257229707","0.5333333333333333","0.76","0.76","0.0","0.0","0.0","0.0","0.0029538761138152778","0.0139730120537785","0.9653456853662721","1.0","404","11254","0.9950917626973965","1.0","23","4663","0.9453528399311532","1.0","381","6591","0.9917914051183003","6213","0.9600558659217877","3580","0.8873994638069705","1865","queue_commit","False","150","36","0","e274a80ab46e","run_adaptive_horizon","205","38","0","a620034d695817d25823357ab58e968cd004425930ee1b4c7a34b2a3ae6b9645","519109d6cab55d8498c1318b6f0971b265ed5e58","b977c6541aa5f9caee0278eeb70eb4d285e7f1d2336771b0c8d708a2ee0f0f18","d7d6ec05229d2b30aba071f56047beb17ff4b5e39a598573816121377609fd21"
"strong_drift","nominal","adaptive_mission","409","path_budget","116","0.7733333333333333","38.575351867163256","0.012858286901059088","3000.0381982444296","5587.0","297","106","73","24.333023507073452","1450.6842844908729","0.4835552711761431","2244.0","0.40164667979237517","0.3113207547169811","6","1767","146","116","30","30","1046","575","0","0.7945205479452054","0","0","0.004772733129974099","1","0.5671437076649597","0.5333333333333333","0.7733333333333333","0.7733333333333333","0.0","0.0","0.0","0.0","0.0023264433445967215","0.008047023324291035","0.9534768866060845","0.8733333333333333","471","9653","0.9946524064171123","0.8266666666666667","21","3906","0.9273842181700823","0.8733333333333333","450","5747","0.9865284974093265","4825","0.9575484959235311","3557","0.8536165327210103","1742","replan_each_leg","True","150","34","0","61b511877d70","run_adaptive_horizon","297","0","72","a620034d695817d25823357ab58e968cd004425930ee1b4c7a34b2a3ae6b9645","519109d6cab55d8498c1318b6f0971b265ed5e58","b977c6541aa5f9caee0278eeb70eb4d285e7f1d2336771b0c8d708a2ee0f0f18","d7d6ec05229d2b30aba071f56047beb17ff4b5e39a598573816121377609fd21"
"robot_disturbed","nominal","adaptive_mission","400","path_budget","127","0.8466666666666667","43.65121865572227","0.014549894399473195","3000.1055304774404","4950.0","235","186","126","41.99852262528519","1447.408231753631","0.48245243943911825","2449.0","0.49474747474747477","0.3225806451612903","93","2329","173","127","46","46","1482","674","0","0.7341040462427746","27683","150","-0.061868259922184546","1","0.3393747049888074","0.06666666666666667","0.5","0.8466666666666667","0.0","0.0","0.0","0.0","0.027351980882752064","0.10438792962392611","0.9777361519935778","1.0","416","18269","0.9963094183643342","1.0","25","6749","0.9671732012425489","1.0","391","11520","0.9931398416886543","9475","0.9786990004915616","6103","0.9288702928870293","3107","queue_commit","False","150","23","0","4bb7177114e7","run_adaptive_horizon","128","107","0","a620034d695817d25823357ab58e968cd004425930ee1b4c7a34b2a3ae6b9645","519109d6cab55d8498c1318b6f0971b265ed5e58","b977c6541aa5f9caee0278eeb70eb4d285e7f1d2336771b0c8d708a2ee0f0f18","d7d6ec05229d2b30aba071f56047beb17ff4b5e39a598573816121377609fd21"
"robot_disturbed","nominal","adaptive_mission","400","path_budget","62","0.41333333333333333","21.543049891985945","0.007180597350750042","3000.1751720190364","5293.0","255","170","134","44.66405870221959","2110.5856316228183","0.7034874667676326","3439.0","0.6497260532779142","0.21176470588235294","28","1008","81","62","19","19","700","227","0","0.7654320987654321","15183","117","0.004349440694845056","0","0.2875312705738963","0.17333333333333334","0.41333333333333333","0.41333333333333333","0.0","0.0","0.0","0.0","0.004015087301960779","0.01182169452152786","0.9613929492691315","0.9533333333333334","449","11181","0.992919921875","0.86","29","4067","0.9442527209981417","0.9533333333333334","420","7114","0.9892921960072595","5510","0.9627606752730884","4028","0.8852772466539197","2092","replan_each_leg","True","150","88","0","a40ae2aba85f","run_adaptive_horizon","255","0","253","a620034d695817d25823357ab58e968cd004425930ee1b4c7a34b2a3ae6b9645","519109d6cab55d8498c1318b6f0971b265ed5e58","b977c6541aa5f9caee0278eeb70eb4d285e7f1d2336771b0c8d708a2ee0f0f18","d7d6ec05229d2b30aba071f56047beb17ff4b5e39a598573816121377609fd21"
"robot_disturbed","nominal","adaptive_mission","401","path_budget","80","0.5333333333333333","29.102988693744393","0.009700787252679893","3000.0646273017214","4833.0","187","153","113","37.665855252469335","1982.1233283582064","0.6606935431724155","3126.0","0.6468032278088144","0.26143790849673204","49","1311","109","80","29","29","850","352","0","0.7339449541284404","15415","104","0.034251928529979665","1","0.3600992193383464","0.3333333333333333","0.5333333333333333","0.5333333333333333","0.0","0.0","0.0","0.0","0.004461772007483629","0.012289544713810179","0.9626528692380056","0.76","397","10233","0.9936770428015564","0.7","26","4086","0.9430806996011046","0.76","371","6147","0.9917087238644556","5548","0.9557547715442453","3458","0.8780788177339901","1624","queue_commit","False","150","70","0","ad15be152c6e","run_adaptive_horizon","130","57","0","a620034d695817d25823357ab58e968cd004425930ee1b4c7a34b2a3ae6b9645","519109d6cab55d8498c1318b6f0971b265ed5e58","b977c6541aa5f9caee0278eeb70eb4d285e7f1d2336771b0c8d708a2ee0f0f18","d7d6ec05229d2b30aba071f56047beb17ff4b5e39a598573816121377609fd21"
"robot_disturbed","nominal","adaptive_mission","401","path_budget","112","0.7466666666666667","41.322725345130166","0.013773535908437613","3000.15374554736","5316.0","245","156","100","33.3316251370163","1496.6655239160018","0.4988629419866428","2511.0","0.47234762979683975","0.358974358974359","39","1660","157","112","45","45","1202","301","0","0.7133757961783439","19301","137","-0.027923107380618616","1","0.4736178433945925","0.4066666666666667","0.7466666666666667","0.7466666666666667","0.0","0.0","0.0","0.0","0.002520906489149473","0.0131130703046458","0.9666849143661531","1.0","426","12361","0.996223414828066","0.9733333333333334","19","5012","0.9475244971634863","1.0","407","7349","0.9918613413715147","6635","0.9696178495134109","4213","0.8741619391438886","1939","replan_each_leg","True","150","38","0","231b59b9b77f","run_adaptive_horizon","245","0","408","a620034d695817d25823357ab58e968cd004425930ee1b4c7a34b2a3ae6b9645","519109d6cab55d8498c1318b6f0971b265ed5e58","b977c6541aa5f9caee0278eeb70eb4d285e7f1d2336771b0c8d708a2ee0f0f18","d7d6ec05229d2b30aba071f56047beb17ff4b5e39a598573816121377609fd21"
"robot_disturbed","nominal","adaptive_mission","402","path_budget","90","0.6","34.11224035941506","0.011370332769395891","3000.109236136934","4701.0","231","207","151","50.33150066043392","1981.3043311969825","0.66041073016001","3185.0","0.677515422250585","0.27053140096618356","135","1183","109","90","19","19","960","114","0","0.8256880733944955","21861","111","-0.05753179696531831","1","0.18261737145899057","0.06666666666666667","0.22666666666666666","0.6","0.03283582089552239","0.3055555555555556","0.05929919137466307","0.030555555555555555","0.03210445682096082","0.1133728609993671","0.9787875465906599","0.88","387","17857","0.9963486267661533","0.8133333333333334","23","6276","0.9695269987442444","0.88","364","11581","0.9939992499062382","7999","0.9797796891504451","6627","0.943338861249309","3618","queue_commit","False","150","60","0","b259aee0f4d0","run_adaptive_horizon","78","153","0","a620034d695817d25823357ab58e968cd004425930ee1b4c7a34b2a3ae6b9645","519109d6cab55d8498c1318b6f0971b265ed5e58","b977c6541aa5f9caee0278eeb70eb4d285e7f1d2336771b0c8d708a2ee0f0f18","d7d6ec05229d2b30aba071f56047beb17ff4b5e39a598573816121377609fd21"
"robot_disturbed","nominal","adaptive_mission","402","path_budget","137","0.9133333333333333","52.522120641718445","0.017506305380060837","3000.183048419776","5792.0","327","154","101","33.66461258195484","796.5293095949635","0.2654935704721426","1657.0","0.2860842541436464","0.34415584415584416","31","1978","179","137","42","42","1305","494","0","0.7653631284916201","28135","148","-0.05552769380763607","1","0.33539204965350733","0.12666666666666668","0.44","0.9133333333333333","0.005970149253731343","0.18181818181818182","0.011560693641618497","0.005813953488372093","0.03185335186407457","0.11882340044901994","0.9761574430913108","1.0","464","18997","0.9974479516453996","1.0","19","7426","0.9629660452729694","1.0","445","11571","0.9954176213288898","9602","0.9725860493451112","6566","0.9271181293653203","3293","replan_each_leg","True","150","13","0","57b03c70258c","run_adaptive_horizon","327","0","249","a620034d695817d25823357ab58e968cd004425930ee1b4c7a34b2a3ae6b9645","519109d6cab55d8498c1318b6f0971b265ed5e58","b977c6541aa5f9caee0278eeb70eb4d285e7f1d2336771b0c8d708a2ee0f0f18","d7d6ec05229d2b30aba071f56047beb17ff4b5e39a598573816121377609fd21"
"robot_disturbed","nominal","adaptive_mission","403","path_budget","79","0.5266666666666666","27.421218417973005","0.009139952868133551","3000.1487768691995","5075.0","194","138","94","31.33177951864559","1554.640403555671","0.5181877697338775","2709.0","0.5337931034482759","0.3188405797101449","13","1906","99","79","20","20","953","854","0","0.797979797979798","15946","148","-0.005602867129849361","1","0.16822868173523467","0.08666666666666667","0.1","0.5266666666666666","0.0","0.0","0.0","0.0","0.047723861157581426","0.1521161939073125","0.9621657500474113","1.0","399","10147","0.9944444444444445","1.0","24","4296","0.9397687118535175","1.0","375","5851","0.9915179360311009","5659","0.9635949943117179","3516","0.8373450036469731","1371","queue_commit","False","150","71","0","ed4538550907","run_adaptive_horizon","166","28","0","a620034d695817d25823357ab58e968cd004425930ee1b4c7a34b2a3ae6b9645","519109d6cab55d8498c1318b6f0971b265ed5e58","b977c6541aa5f9caee0278eeb70eb4d285e7f1d2336771b0c8d708a2ee0f0f18","d7d6ec05229d2b30aba071f56047beb17ff4b5e39a598573816121377609fd21"
"robot_disturbed","nominal","adaptive_mission","403","path_budget","97","0.6466666666666666","33.17458640434683","0.011058007837694013","3000.0509034966385","5396.0","223","150","98","32.666112393552524","1565.4248796813204","0.5217994394217699","2785.0","0.5161230541141586","0.3466666666666667","10","1494","134","97","37","37","1026","334","0","0.7238805970149254","20712","145","0.02082263169685202","1","0.35776882222038464","0.08","0.5666666666666667","0.6466666666666666","0.0","0.0","0.0","0.0","0.003949963129426501","0.019023613854920036","0.9656870287736575","1.0","446","12552","0.993401901804774","1.0","34","5119","0.9474824729126833","1.0","412","7433","0.9932722588033209","6986","0.9635657031819286","4117","0.8686015831134565","1895","replan_each_leg","True","150","53","0","e6cc2e8ca61f","run_adaptive_horizon","223","0","103","a620034d695817d25823357ab58e968cd004425930ee1b4c7a34b2a3ae6b9645","519109d6cab55d8498c1318b6f0971b265ed5e58","b977c6541aa5f9caee0278eeb70eb4d285e7f1d2336771b0c8d708a2ee0f0f18","d7d6ec05229d2b30aba071f56047beb17ff4b5e39a598573816121377609fd21"
"robot_disturbed","nominal","adaptive_mission","404","path_budget","128","0.8533333333333334","45.72892799854026","0.015242309899079943","3000.131102261643","5088.0","270","234","168","55.99755286472433","1548.7394213178607","0.5162239143983897","2871.0","0.5642688679245284","0.28205128205128205","144","1849","169","128","41","41","1376","304","0","0.757396449704142","26457","143","-0.09190610129645026","1","0.3213584061141179","0.05333333333333334","0.5","0.8533333333333334","0.018575851393188854","0.35294117647058826","0.03529411764705882","0.017964071856287425","0.032581313062943054","0.12080830863879433","0.9816392604583795","1.0","431","23043","0.9959102738877185","0.9933333333333333","33","8036","0.9741642323920805","1.0","398","15007","0.9943160641073425","10732","0.9826197053406999","8688","0.9459792797237296","4054","queue_commit","False","150","22","0","982946c1da3d","run_adaptive_horizon","104","166","0","a620034d695817d25823357ab58e968cd004425930ee1b4c7a34b2a3ae6b9645","519109d6cab55d8498c1318b6f0971b265ed5e58","b977c6541aa5f9caee0278eeb70eb4d285e7f1d2336771b0c8d708a2ee0f0f18","d7d6ec05229d2b30aba071f56047beb17ff4b5e39a598573816121377609fd21"
"robot_disturbed","nominal","adaptive_mission","404","path_budget","133","0.8866666666666667","47.525888839092914","0.015841202481739782","3000.1440164581068","5811.0","323","179","117","38.99812787591684","1183.4496723675074","0.39446428767264907","2237.0","0.38495955945620375","0.3463687150837989","32","1749","176","133","43","43","1307","266","0","0.7556818181818182","22622","143","-0.025496022221048936","1","0.4790090722731007","0.32","0.7066666666666667","0.8866666666666667","0.0","0.0","0.0","0.0","0.0020997892485671095","0.016727708800605028","0.9705556785477086","1.0","532","17536","0.9940322580645161","0.9866666666666667","37","6163","0.9582912032355915","1.0","495","11373","0.9931623931623932","8190","0.9677974050336096","6397","0.9224360815857512","3481","replan_each_leg","True","150","17","0","e5c743923ff2","run_adaptive_horizon","323","0","350","a620034d695817d25823357ab58e968cd004425930ee1b4c7a34b2a3ae6b9645","519109d6cab55d8498c1318b6f0971b265ed5e58","b977c6541aa5f9caee0278eeb70eb4d285e7f1d2336771b0c8d708a2ee0f0f18","d7d6ec05229d2b30aba071f56047beb17ff4b5e39a598573816121377609fd21"
"robot_disturbed","nominal","adaptive_mission","405","path_budget","143","0.9533333333333334","51.21735449163262","0.0170716982722831","3000.132363795756","5453.0","271","178","98","32.665225435590706","1052.679470775513","0.35087767575816786","2007.0","0.36805428204657986","0.449438202247191","38","2269","190","143","47","47","1463","616","0","0.7526315789473684","23890","150","-0.023134346841587515","1","0.3870309040645897","0.04666666666666667","0.5066666666666667","0.9533333333333334","0.0","0.0","0.0","0.0","0.016771990659346623","0.07742073299366524","0.9717029123744118","1.0","445","15281","0.9957231110407097","1.0","27","6286","0.9555933283756507","1.0","418","8995","0.9933892102467241","8471","0.9682896890343698","4888","0.9011406844106464","2367","queue_commit","False","150","7","0","f1f893f8b126","run_adaptive_horizon","221","50","0","a620034d695817d25823357ab58e968cd004425930ee1b4c7a34b2a3ae6b9645","519109d6cab55d8498c1318b6f0971b265ed5e58","b977c6541aa5f9caee0278eeb70eb4d285e7f1d2336771b0c8d708a2ee0f0f18","d7d6ec05229d2b30aba071f56047beb17ff4b5e39a598573816121377609fd21"
"robot_disturbed","nominal","adaptive_mission","405","path_budget","94","0.6266666666666667","33.41303175364737","0.011137376414140797","3000.0810344547417","5363.0","225","133","92","30.665838336837062","1523.8022398150504","0.5079203602552016","2608.0","0.48629498415066197","0.3082706766917293","13","1448","125","94","31","31","993","330","0","0.752","18375","133","0.030740310767273203","1","0.352895021093405","0.05783743183527695","0.62","0.6266666666666667","0.0","0.0","0.0","0.0","0.0036521536662042038","0.016310415404949978","0.9656232752503351","0.9866666666666667","436","12247","0.9964846980976013","0.8866666666666667","17","4819","0.9466037976296674","0.9866666666666667","419","7428","0.9911159600997507","6416","0.9596534653465346","4040","0.9030085316569376","2227","replan_each_leg","True","150","56","0","510885e63c4c","run_adaptive_horizon","225","0","132","a620034d695817d25823357ab58e968cd004425930ee1b4c7a34b2a3ae6b9645","519109d6cab55d8498c1318b6f0971b265ed5e58","b977c6541aa5f9caee0278eeb70eb4d285e7f1d2336771b0c8d708a2ee0f0f18","d7d6ec05229d2b30aba071f56047beb17ff4b5e39a598573816121377609fd21"
"robot_disturbed","nominal","adaptive_mission","406","path_budget","84","0.56","27.00160506175595","0.009000488538136982","3000.015493308437","4890.0","220","141","99","32.99982957448735","1747.9838936610145","0.5826582887854777","2575.0","0.5265848670756647","0.2978723404255319","53","1217","107","84","23","23","882","228","0","0.7850467289719626","18109","120","-0.0017724895493252402","1","0.3727098907090406","0.26666666666666666","0.56","0.56","0.0","0.0","0.0","0.0","0.003567568056344878","0.01321929830422088","0.9644220491678119","0.86","466","12632","0.9953171562366965","0.8533333333333334","22","4676","0.9471428571428572","0.86","444","7956","0.9908456167571761","6445","0.9583927722301474","4206","0.9051900286064569","2447","queue_commit","False","150","66","0","5beca9c88d12","run_adaptive_horizon","159","61","0","a620034d695817d25823357ab58e968cd004425930ee1b4c7a34b2a3ae6b9645","519109d6cab55d8498c1318b6f0971b265ed5e58","b977c6541aa5f9caee0278eeb70eb4d285e7f1d2336771b0c8d708a2ee0f0f18","d7d6ec05229d2b30aba071f56047beb17ff4b5e39a598573816121377609fd21"
"robot_disturbed","nominal","adaptive_mission","406","path_budget","94","0.6266666666666667","31.375804181120273","0.010458104172502744","3000.1426323153255","5220.0","253","150","105","34.998336035432914","1698.8151188075628","0.5662447846676283","2698.0","0.5168582375478927","0.3","22","1390","123","94","29","29","978","289","0","0.7642276422764228","21433","132","-0.02858791936384899","1","0.4460731430894568","0.4866666666666667","0.6266666666666667","0.6266666666666667","0.0","0.0","0.0","0.0","0.004070022632848245","0.012900890369741503","0.9708495280399778","1.0","420","13988","0.9964035585841378","0.9466666666666667","19","5264","0.956054794520548","1.0","401","8724","0.9938816163915766","7028","0.9673332013462681","5051","0.9089738085015028","2329","replan_each_leg","True","150","56","0","bd12faa57737","run_adaptive_horizon","253","0","276","a620034d695817d25823357ab58e968cd004425930ee1b4c7a34b2a3ae6b9645","519109d6cab55d8498c1318b6f0971b265ed5e58","b977c6541aa5f9caee0278eeb70eb4d285e7f1d2336771b0c8d708a2ee0f0f18","d7d6ec05229d2b30aba071f56047beb17ff4b5e39a598573816121377609fd21"
"robot_disturbed","nominal","adaptive_mission","407","path_budget","78","0.52","27.25666248947799","0.009085292775822162","3000.0863111438293","4759.0","225","218","176","58.664978852857494","2151.2527819900065","0.7170636304692874","3608.0","0.7581424669048119","0.1926605504587156","172","1635","107","78","29","29","1128","400","0","0.7289719626168224","20496","132","-0.02649674244678095","1","0.17500767519881819","0.07333333333333333","0.18","0.52","0.0","0.0","0.0","0.0","0.03725003587895737","0.11944898539620728","0.9784401444510322","0.9866666666666667","400","18153","0.9960248052154556","0.9666666666666667","25","6264","0.9694227005870841","0.9866666666666667","375","11889","0.9908675799086758","8103","0.9819708230112855","7266","0.9387562814070352","3184","queue_commit","False","150","72","0","76a42924697d","run_adaptive_horizon","40","185","0","a620034d695817d25823357ab58e968cd004425930ee1b4c7a34b2a3ae6b9645","519109d6cab55d8498c1318b6f0971b265ed5e58","b977c6541aa5f9caee0278eeb70eb4d285e7f1d2336771b0c8d708a2ee0f0f18","d7d6ec05229d2b30aba071f56047beb17ff4b5e39a598573816121377609fd21"
"robot_disturbed","nominal","adaptive_mission","407","path_budget","95","0.6333333333333333","32.07986657143386","0.010692701415315586","3000.1648157391337","5416.0","257","163","115","38.331227470137534","1572.560907880836","0.524158172788055","2681.0","0.4950147710487445","0.294478527607362","31","1492","125","95","30","30","1009","358","0","0.76","16291","144","0.015265565497538276","1","0.385815687324963","0.18666666666666668","0.6333333333333333","0.6333333333333333","0.0","0.0","0.0","0.0","0.0038246617546791135","0.01375270507343223","0.9630062874689282","1.0","506","13172","0.9949031600407747","1.0","25","4880","0.9451726889319503","1.0","481","8292","0.9869301880777813","6274","0.9662551440329218","4860","0.8977987421383647","2544","replan_each_leg","True","150","55","0","0c97dd7ec201","run_adaptive_horizon","257","0","358","a620034d695817d25823357ab58e968cd004425930ee1b4c7a34b2a3ae6b9645","519109d6cab55d8498c1318b6f0971b265ed5e58","b977c6541aa5f9caee0278eeb70eb4d285e7f1d2336771b0c8d708a2ee0f0f18","d7d6ec05229d2b30aba071f56047beb17ff4b5e39a598573816121377609fd21"
"robot_disturbed","nominal","adaptive_mission","408","path_budget","98","0.6533333333333333","33.58614675094906","0.0111944709516817","3000.2442184106567","4738.0","209","154","93","30.997476615175557","1361.188120848732","0.4536924402673477","2189.0","0.4620092866188265","0.3961038961038961","47","1974","140","98","42","42","1315","519","0","0.7","20448","146","-0.018887634881683553","1","0.3619710491502406","0.14726568455808547","0.5133333333333333","0.6533333333333333","0.0","0.0","0.0","0.0","0.004093939503310605","0.03240552220748968","0.9695067926757236","1.0","413","13131","0.995766129032258","1.0","21","4939","0.9543336439888164","1.0","392","8192","0.992652355568362","6941","0.9686902485659655","4184","0.9045059942124845","2419","queue_commit","False","150","52","0","a4e085334b25","run_adaptive_horizon","132","77","0","a620034d695817d25823357ab58e968cd004425930ee1b4c7a34b2a3ae6b9645","519109d6cab55d8498c1318b6f0971b265ed5e58","b977c6541aa5f9caee0278eeb70eb4d285e7f1d2336771b0c8d708a2ee0f0f18","d7d6ec05229d2b30aba071f56047beb17ff4b5e39a598573816121377609fd21"
"robot_disturbed","nominal","adaptive_mission","408","path_budget","123","0.82","42.53693607767598","0.01417897823331116","3000.000097167968","5189.0","256","153","100","33.33333225368928","1439.2952484235157","0.479765067268573","2431.0","0.46849103873578724","0.3464052287581699","14","1882","167","123","44","44","1269","446","0","0.7365269461077845","23642","148","-0.0760709548213318","1","0.3611834879644563","0.26","0.5466666666666666","0.82","0.0","0.0","0.0","0.0","0.012178677881682027","0.06426315930568312","0.9749926101093703","0.9933333333333333","423","16492","0.9968701095461658","0.9933333333333333","20","6370","0.9617102137767221","0.9933333333333333","403","10122","0.9941142527409117","8665","0.9757056091461236","5598","0.9110105580693816","2652","replan_each_leg","True","150","27","0","e6bf7275cf9f","run_adaptive_horizon","256","0","141","a620034d695817d25823357ab58e968cd004425930ee1b4c7a34b2a3ae6b9645","519109d6cab55d8498c1318b6f0971b265ed5e58","b977c6541aa5f9caee0278eeb70eb4d285e7f1d2336771b0c8d708a2ee0f0f18","d7d6ec05229d2b30aba071f56047beb17ff4b5e39a598573816121377609fd21"
"robot_disturbed","nominal","adaptive_mission","409","path_budget","126","0.84","41.650039635290696","0.013882737162793497","3000.131684903976","5360.0","261","175","111","36.998375957471595","1551.3159254341365","0.5170826111533797","2706.0","0.5048507462686567","0.3657142857142857","33","1984","166","126","40","40","1299","519","0","0.7590361445783133","23199","148","-0.02636553999616678","1","0.34868578493596275","0.08666666666666667","0.54","0.84","0.0","0.0","0.0","0.0","0.010747282883949246","0.059697821902669534","0.9698585060875288","1.0","458","14737","0.9964447317388494","0.9933333333333333","22","6166","0.9515932052847785","1.0","436","8571","0.9929671395659028","8247","0.9703131354209028","4918","0.8748768472906404","2030","queue_commit","False","150","24","0","354b2b37cea6","run_adaptive_horizon","216","45","0","a620034d695817d25823357ab58e968cd004425930ee1b4c7a34b2a3ae6b9645","519109d6cab55d8498c1318b6f0971b265ed5e58","b977c6541aa5f9caee0278eeb70eb4d285e7f1d2336771b0c8d708a2ee0f0f18","d7d6ec05229d2b30aba071f56047beb17ff4b5e39a598573816121377609fd21"
"robot_disturbed","nominal","adaptive_mission","409","path_budget","131","0.8733333333333333","44.74790072329752","0.014915506411301117","3000.092621018427","5859.0","291","127","71","23.665936012301504","1000.7896224454284","0.33358624178266044","1807.0","0.30841440518859875","0.4409448818897638","15","1767","159","131","28","28","1195","413","0","0.8238993710691824","21511","150","-0.035960500329690344","1","0.3676890322406138","0.1","0.52","0.8733333333333333","0.0","0.0","0.0","0.0","0.01722702141283088","0.07299365444593577","0.964641755719716","1.0","493","13450","0.995718872636461","1.0","24","5582","0.943744752308984","1.0","469","7868","0.9931772575250836","7475","0.9561832740213523","4496","0.8757606490872211","1972","replan_each_leg","True","150","19","0","83cfc30a007d","run_adaptive_horizon","291","0","173","a620034d695817d25823357ab58e968cd004425930ee1b4c7a34b2a3ae6b9645","519109d6cab55d8498c1318b6f0971b265ed5e58","b977c6541aa5f9caee0278eeb70eb4d285e7f1d2336771b0c8d708a2ee0f0f18","d7d6ec05229d2b30aba071f56047beb17ff4b5e39a598573816121377609fd21"
